species,type,filename,url,declared_size,declared_bytes,date
Abies_alba,CDS,Abies_alba.rga.cds.fa,http://plantrg.bio2db.com/Abies_alba.rga.cds.fa,1.1MB,1153433,2024/4/8
Abies_alba,protein,Abies_alba.rga.pro.fa,http://plantrg.bio2db.com/Abies_alba.rga.pro.fa,389.0KB,398336,2024/4/8
Abrus_precatorius,CDS,Abrus_precatorius.rga.cds.fa,http://plantrg.bio2db.com/Abrus_precatorius.rga.cds.fa,5.1MB,5347737,2024/4/8
Abrus_precatorius,protein,Abrus_precatorius.rga.pro.fa,http://plantrg.bio2db.com/Abrus_precatorius.rga.pro.fa,1.7MB,1782579,2024/4/8
Acacia_pycnantha,CDS,Acacia_pycnantha.rga.cds.fa,http://plantrg.bio2db.com/Acacia_pycnantha.rga.cds.fa,6.3MB,6606028,2024/4/8
Acacia_pycnantha,protein,Acacia_pycnantha.rga.pro.fa,http://plantrg.bio2db.com/Acacia_pycnantha.rga.pro.fa,2.1MB,2202009,2024/4/8
Acanthochlamys_bracteata,CDS,Acanthochlamys_bracteata.rga.cds.fa,http://plantrg.bio2db.com/Acanthochlamys_bracteata.rga.cds.fa,2.1MB,2202009,2024/4/8
Acanthochlamys_bracteata,protein,Acanthochlamys_bracteata.rga.pro.fa,http://plantrg.bio2db.com/Acanthochlamys_bracteata.rga.pro.fa,735.3KB,752947,2024/4/8
Acer_catalpifolium,CDS,Acer_catalpifolium.rga.cds.fa,http://plantrg.bio2db.com/Acer_catalpifolium.rga.cds.fa,4.9MB,5138022,2024/4/11
Acer_catalpifolium,protein,Acer_catalpifolium.rga.pro.fa,http://plantrg.bio2db.com/Acer_catalpifolium.rga.pro.fa,1.6MB,1677721,2024/4/11
Acer_negundo,CDS,Acer_negundo.rga.cds.fa,http://plantrg.bio2db.com/Acer_negundo.rga.cds.fa,2.6MB,2726297,2024/4/8
Acer_negundo,protein,Acer_negundo.rga.pro.fa,http://plantrg.bio2db.com/Acer_negundo.rga.pro.fa,901.5KB,923136,2024/4/8
Acer_pseudosieboldianum,CDS,Acer_pseudosieboldianum.rga.cds.fa,http://plantrg.bio2db.com/Acer_pseudosieboldianum.rga.cds.fa,3.1MB,3250585,2024/4/11
Acer_pseudosieboldianum,protein,Acer_pseudosieboldianum.rga.pro.fa,http://plantrg.bio2db.com/Acer_pseudosieboldianum.rga.pro.fa,1.0MB,1048576,2024/4/11
Acer_yangbiense,CDS,Acer_yangbiense.rga.cds.fa,http://plantrg.bio2db.com/Acer_yangbiense.rga.cds.fa,3.3MB,3460300,2024/4/8
Acer_yangbiense,protein,Acer_yangbiense.rga.pro.fa,http://plantrg.bio2db.com/Acer_yangbiense.rga.pro.fa,1.1MB,1153433,2024/4/8
Achnatherum_splendens,CDS,Achnatherum_splendens.rga.cds.fa,http://plantrg.bio2db.com/Achnatherum_splendens.rga.cds.fa,4.1MB,4299161,2024/4/11
Achnatherum_splendens,protein,Achnatherum_splendens.rga.pro.fa,http://plantrg.bio2db.com/Achnatherum_splendens.rga.pro.fa,1.4MB,1468006,2024/4/11
Acorus_calamus,CDS,Acorus_calamus.rga.cds.fa,http://plantrg.bio2db.com/Acorus_calamus.rga.cds.fa,3.3MB,3460300,2024/4/8
Acorus_calamus,protein,Acorus_calamus.rga.pro.fa,http://plantrg.bio2db.com/Acorus_calamus.rga.pro.fa,1.1MB,1153433,2024/4/8
Acorus_gramineus,CDS,Acorus_gramineus.rga.cds.fa,http://plantrg.bio2db.com/Acorus_gramineus.rga.cds.fa,1.3MB,1363148,2024/4/8
Acorus_gramineus,protein,Acorus_gramineus.rga.pro.fa,http://plantrg.bio2db.com/Acorus_gramineus.rga.pro.fa,439.2KB,449740,2024/4/8
Actinidia_chinensis,CDS,Actinidia_chinensis.rga.cds.fa,http://plantrg.bio2db.com/Actinidia_chinensis.rga.cds.fa,3.4MB,3565158,2024/4/11
Actinidia_chinensis,protein,Actinidia_chinensis.rga.pro.fa,http://plantrg.bio2db.com/Actinidia_chinensis.rga.pro.fa,1.1MB,1153433,2024/4/11
Actinidia_hemsleyana,CDS,Actinidia_hemsleyana.rga.cds.fa,http://plantrg.bio2db.com/Actinidia_hemsleyana.rga.cds.fa,3.3MB,3460300,2024/4/8
Actinidia_hemsleyana,protein,Actinidia_hemsleyana.rga.pro.fa,http://plantrg.bio2db.com/Actinidia_hemsleyana.rga.pro.fa,1.1MB,1153433,2024/4/8
Actinidia_zhejiangensis,CDS,Actinidia_zhejiangensis.rga.cds.fa,http://plantrg.bio2db.com/Actinidia_zhejiangensis.rga.cds.fa,5.8MB,6081740,2024/4/8
Actinidia_zhejiangensis,protein,Actinidia_zhejiangensis.rga.pro.fa,http://plantrg.bio2db.com/Actinidia_zhejiangensis.rga.pro.fa,2.0MB,2097152,2024/4/8
Aegiceras_corniculatum,CDS,Aegiceras_corniculatum.rga.cds.fa,http://plantrg.bio2db.com/Aegiceras_corniculatum.rga.cds.fa,3.4MB,3565158,2024/4/11
Aegiceras_corniculatum,protein,Aegiceras_corniculatum.rga.pro.fa,http://plantrg.bio2db.com/Aegiceras_corniculatum.rga.pro.fa,1.2MB,1258291,2024/4/11
Aegilops_bicornis,CDS,Aegilops_bicornis.rga.cds.fa,http://plantrg.bio2db.com/Aegilops_bicornis.rga.cds.fa,4.3MB,4508876,2024/4/8
Aegilops_bicornis,protein,Aegilops_bicornis.rga.pro.fa,http://plantrg.bio2db.com/Aegilops_bicornis.rga.pro.fa,1.5MB,1572864,2024/4/8
Aegilops_longissima,CDS,Aegilops_longissima.rga.cds.fa,http://plantrg.bio2db.com/Aegilops_longissima.rga.cds.fa,5.1MB,5347737,2024/4/8
Aegilops_longissima,protein,Aegilops_longissima.rga.pro.fa,http://plantrg.bio2db.com/Aegilops_longissima.rga.pro.fa,1.7MB,1782579,2024/4/8
Aegilops_searsii,CDS,Aegilops_searsii.rga.cds.fa,http://plantrg.bio2db.com/Aegilops_searsii.rga.cds.fa,4.8MB,5033164,2024/4/8
Aegilops_searsii,protein,Aegilops_searsii.rga.pro.fa,http://plantrg.bio2db.com/Aegilops_searsii.rga.pro.fa,1.6MB,1677721,2024/4/8
Aegilops_sharonensis,CDS,Aegilops_sharonensis.rga.cds.fa,http://plantrg.bio2db.com/Aegilops_sharonensis.rga.cds.fa,5.1MB,5347737,2024/4/8
Aegilops_sharonensis,protein,Aegilops_sharonensis.rga.pro.fa,http://plantrg.bio2db.com/Aegilops_sharonensis.rga.pro.fa,1.7MB,1782579,2024/4/8
Aegilops_speltoides,CDS,Aegilops_speltoides.rga.cds.fa,http://plantrg.bio2db.com/Aegilops_speltoides.rga.cds.fa,4.7MB,4928307,2024/4/8
Aegilops_speltoides,protein,Aegilops_speltoides.rga.pro.fa,http://plantrg.bio2db.com/Aegilops_speltoides.rga.pro.fa,1.6MB,1677721,2024/4/8
Aegilops_umbellulata,CDS,Aegilops_umbellulata.rga.cds.fa,http://plantrg.bio2db.com/Aegilops_umbellulata.rga.cds.fa,4.1MB,4299161,2024/4/8
Aegilops_umbellulata,protein,Aegilops_umbellulata.rga.pro.fa,http://plantrg.bio2db.com/Aegilops_umbellulata.rga.pro.fa,1.4MB,1468006,2024/4/8
Aegle_marmelos,CDS,Aegle_marmelos.rga.cds.fa,http://plantrg.bio2db.com/Aegle_marmelos.rga.cds.fa,2.0MB,2097152,2024/4/8
Aegle_marmelos,protein,Aegle_marmelos.rga.pro.fa,http://plantrg.bio2db.com/Aegle_marmelos.rga.pro.fa,710.3KB,727347,2024/4/8
Aeschynomene_evenia,CDS,Aeschynomene_evenia.rga.cds.fa,http://plantrg.bio2db.com/Aeschynomene_evenia.rga.cds.fa,2.8MB,2936012,2024/4/8
Aeschynomene_evenia,protein,Aeschynomene_evenia.rga.pro.fa,http://plantrg.bio2db.com/Aeschynomene_evenia.rga.pro.fa,987.3KB,1010995,2024/4/8
Aethionema_arabicum,CDS,Aethionema_arabicum.rga.cds.fa,http://plantrg.bio2db.com/Aethionema_arabicum.rga.cds.fa,2.5MB,2621440,2024/4/11
Aethionema_arabicum,protein,Aethionema_arabicum.rga.pro.fa,http://plantrg.bio2db.com/Aethionema_arabicum.rga.pro.fa,874.0KB,894976,2024/4/11
Agastache_rugosa,CDS,Agastache_rugosa.rga.cds.fa,http://plantrg.bio2db.com/Agastache_rugosa.rga.cds.fa,2.0MB,2097152,2024/4/8
Agastache_rugosa,protein,Agastache_rugosa.rga.pro.fa,http://plantrg.bio2db.com/Agastache_rugosa.rga.pro.fa,707.7KB,724684,2024/4/8
Akebia_trifoliata,CDS,Akebia_trifoliata.rga.cds.fa,http://plantrg.bio2db.com/Akebia_trifoliata.rga.cds.fa,2.5MB,2621440,2024/4/11
Akebia_trifoliata,protein,Akebia_trifoliata.rga.pro.fa,http://plantrg.bio2db.com/Akebia_trifoliata.rga.pro.fa,874.6KB,895590,2024/4/11
Aldrovanda_vesiculosa,CDS,Aldrovanda_vesiculosa.rga.cds.fa,http://plantrg.bio2db.com/Aldrovanda_vesiculosa.rga.cds.fa,2.2MB,2306867,2024/4/11
Aldrovanda_vesiculosa,protein,Aldrovanda_vesiculosa.rga.pro.fa,http://plantrg.bio2db.com/Aldrovanda_vesiculosa.rga.pro.fa,766.2KB,784588,2024/4/11
Allium_cepa,CDS,Allium_cepa.rga.cds.fa,http://plantrg.bio2db.com/Allium_cepa.rga.cds.fa,2.2MB,2306867,2024/4/11
Allium_cepa,protein,Allium_cepa.rga.pro.fa,http://plantrg.bio2db.com/Allium_cepa.rga.pro.fa,769.5KB,787968,2024/4/11
Allium_fistulosum,CDS,Allium_fistulosum.rga.cds.fa,http://plantrg.bio2db.com/Allium_fistulosum.rga.cds.fa,2.4MB,2516582,2024/4/8
Allium_fistulosum,protein,Allium_fistulosum.rga.pro.fa,http://plantrg.bio2db.com/Allium_fistulosum.rga.pro.fa,831.1KB,851046,2024/4/8
Allium_sativum,CDS,Allium_sativum.rga.cds.fa,http://plantrg.bio2db.com/Allium_sativum.rga.cds.fa,2.7MB,2831155,2024/4/11
Allium_sativum,protein,Allium_sativum.rga.pro.fa,http://plantrg.bio2db.com/Allium_sativum.rga.pro.fa,941.4KB,963993,2024/4/11
Amaranthus_tricolor,CDS,Amaranthus_tricolor.rga.cds.fa,http://plantrg.bio2db.com/Amaranthus_tricolor.rga.cds.fa,2.3MB,2411724,2024/4/11
Amaranthus_tricolor,protein,Amaranthus_tricolor.rga.pro.fa,http://plantrg.bio2db.com/Amaranthus_tricolor.rga.pro.fa,782.4KB,801177,2024/4/11
Amaranthus_tuberculatus,CDS,Amaranthus_tuberculatus.rga.cds.fa,http://plantrg.bio2db.com/Amaranthus_tuberculatus.rga.cds.fa,3.4MB,3565158,2024/4/8
Amaranthus_tuberculatus,protein,Amaranthus_tuberculatus.rga.pro.fa,http://plantrg.bio2db.com/Amaranthus_tuberculatus.rga.pro.fa,1.1MB,1153433,2024/4/8
Amborella_trichopoda,CDS,Amborella_trichopoda.rga.cds.fa,http://plantrg.bio2db.com/Amborella_trichopoda.rga.cds.fa,2.2MB,2306867,2024/4/11
Amborella_trichopoda,protein,Amborella_trichopoda.rga.pro.fa,http://plantrg.bio2db.com/Amborella_trichopoda.rga.pro.fa,772.4KB,790937,2024/4/11
Ammopiptanthus_nanus,CDS,Ammopiptanthus_nanus.rga.cds.fa,http://plantrg.bio2db.com/Ammopiptanthus_nanus.rga.cds.fa,2.6MB,2726297,2024/4/8
Ammopiptanthus_nanus,protein,Ammopiptanthus_nanus.rga.pro.fa,http://plantrg.bio2db.com/Ammopiptanthus_nanus.rga.pro.fa,890.5KB,911872,2024/4/8
Amorphophallus_konjac,CDS,Amorphophallus_konjac.rga.cds.fa,http://plantrg.bio2db.com/Amorphophallus_konjac.rga.cds.fa,2.9MB,3040870,2024/4/11
Amorphophallus_konjac,protein,Amorphophallus_konjac.rga.pro.fa,http://plantrg.bio2db.com/Amorphophallus_konjac.rga.pro.fa,1012.1KB,1036390,2024/4/11
Amphicarpaea_edgeworthii,CDS,Amphicarpaea_edgeworthii.rga.cds.fa,http://plantrg.bio2db.com/Amphicarpaea_edgeworthii.rga.cds.fa,2.0MB,2097152,2024/4/8
Amphicarpaea_edgeworthii,protein,Amphicarpaea_edgeworthii.rga.pro.fa,http://plantrg.bio2db.com/Amphicarpaea_edgeworthii.rga.pro.fa,682.6KB,698982,2024/4/8
Ananas_comosus,CDS,Ananas_comosus.rga.cds.fa,http://plantrg.bio2db.com/Ananas_comosus.rga.cds.fa,2.5MB,2621440,2024/4/11
Ananas_comosus,protein,Ananas_comosus.rga.pro.fa,http://plantrg.bio2db.com/Ananas_comosus.rga.pro.fa,880.0KB,901120,2024/4/11
Andrographis_paniculata,CDS,Andrographis_paniculata.rga.cds.fa,http://plantrg.bio2db.com/Andrographis_paniculata.rga.cds.fa,3.3MB,3460300,2024/4/8
Andrographis_paniculata,protein,Andrographis_paniculata.rga.pro.fa,http://plantrg.bio2db.com/Andrographis_paniculata.rga.pro.fa,1.1MB,1153433,2024/4/8
Angelica_sinensis,CDS,Angelica_sinensis.rga.cds.fa,http://plantrg.bio2db.com/Angelica_sinensis.rga.cds.fa,2.7MB,2831155,2024/4/11
Angelica_sinensis,protein,Angelica_sinensis.rga.pro.fa,http://plantrg.bio2db.com/Angelica_sinensis.rga.pro.fa,926.6KB,948838,2024/4/11
Anisodus_acutangulus,CDS,Anisodus_acutangulus.rga.cds.fa,http://plantrg.bio2db.com/Anisodus_acutangulus.rga.cds.fa,3.5MB,3670016,2024/4/8
Anisodus_acutangulus,protein,Anisodus_acutangulus.rga.pro.fa,http://plantrg.bio2db.com/Anisodus_acutangulus.rga.pro.fa,1.2MB,1258291,2024/4/8
Anisodus_luridus,CDS,Anisodus_luridus.rga.cds.fa,http://plantrg.bio2db.com/Anisodus_luridus.rga.cds.fa,6.1MB,6396313,2024/4/8
Anisodus_luridus,protein,Anisodus_luridus.rga.pro.fa,http://plantrg.bio2db.com/Anisodus_luridus.rga.pro.fa,2.1MB,2202009,2024/4/8
Annona_cherimola,CDS,Annona_cherimola.rga.cds.fa,http://plantrg.bio2db.com/Annona_cherimola.rga.cds.fa,4.0MB,4194304,2024/4/8
Annona_cherimola,protein,Annona_cherimola.rga.pro.fa,http://plantrg.bio2db.com/Annona_cherimola.rga.pro.fa,1.4MB,1468006,2024/4/8
Anthoceros_agrestis,CDS,Anthoceros_agrestis.rga.cds.fa,http://plantrg.bio2db.com/Anthoceros_agrestis.rga.cds.fa,1.2MB,1258291,2024/4/8
Anthoceros_agrestis,protein,Anthoceros_agrestis.rga.pro.fa,http://plantrg.bio2db.com/Anthoceros_agrestis.rga.pro.fa,412.0KB,421888,2024/4/8
Anthoceros_angustus,CDS,Anthoceros_angustus.rga.cds.fa,http://plantrg.bio2db.com/Anthoceros_angustus.rga.cds.fa,791.9KB,810905,2024/4/8
Anthoceros_angustus,protein,Anthoceros_angustus.rga.pro.fa,http://plantrg.bio2db.com/Anthoceros_angustus.rga.pro.fa,267.9KB,274329,2024/4/8
Anthoceros_punctatus,CDS,Anthoceros_punctatus.rga.cds.fa,http://plantrg.bio2db.com/Anthoceros_punctatus.rga.cds.fa,1.2MB,1258291,2024/4/8
Anthoceros_punctatus,protein,Anthoceros_punctatus.rga.pro.fa,http://plantrg.bio2db.com/Anthoceros_punctatus.rga.pro.fa,415.7KB,425676,2024/4/8
Antirrhinum_hispanicum,CDS,Antirrhinum_hispanicum.rga.cds.fa,http://plantrg.bio2db.com/Antirrhinum_hispanicum.rga.cds.fa,3.2MB,3355443,2024/4/8
Antirrhinum_hispanicum,protein,Antirrhinum_hispanicum.rga.pro.fa,http://plantrg.bio2db.com/Antirrhinum_hispanicum.rga.pro.fa,1.1MB,1153433,2024/4/8
Antirrhinum_majus,CDS,Antirrhinum_majus.rga.cds.fa,http://plantrg.bio2db.com/Antirrhinum_majus.rga.cds.fa,2.9MB,3040870,2024/4/11
Antirrhinum_majus,protein,Antirrhinum_majus.rga.pro.fa,http://plantrg.bio2db.com/Antirrhinum_majus.rga.pro.fa,1008.9KB,1033113,2024/4/11
Apium_graveolens,CDS,Apium_graveolens.rga.cds.fa,http://plantrg.bio2db.com/Apium_graveolens.rga.cds.fa,2.3MB,2411724,2024/4/11
Apium_graveolens,protein,Apium_graveolens.rga.pro.fa,http://plantrg.bio2db.com/Apium_graveolens.rga.pro.fa,787.1KB,805990,2024/4/11
Apostasia_shenzhenica,CDS,Apostasia_shenzhenica.rga.cds.fa,http://plantrg.bio2db.com/Apostasia_shenzhenica.rga.cds.fa,1.4MB,1468006,2024/4/11
Apostasia_shenzhenica,protein,Apostasia_shenzhenica.rga.pro.fa,http://plantrg.bio2db.com/Apostasia_shenzhenica.rga.pro.fa,469.7KB,480972,2024/4/11
Aquilaria_sinensis,CDS,Aquilaria_sinensis.rga.cds.fa,http://plantrg.bio2db.com/Aquilaria_sinensis.rga.cds.fa,2.6MB,2726297,2024/4/11
Aquilaria_sinensis,protein,Aquilaria_sinensis.rga.pro.fa,http://plantrg.bio2db.com/Aquilaria_sinensis.rga.pro.fa,899.2KB,920780,2024/4/11
Aquilegia_coerulea,CDS,Aquilegia_coerulea.rga.cds.fa,http://plantrg.bio2db.com/Aquilegia_coerulea.rga.cds.fa,2.7MB,2831155,2024/4/11
Aquilegia_coerulea,protein,Aquilegia_coerulea.rga.pro.fa,http://plantrg.bio2db.com/Aquilegia_coerulea.rga.pro.fa,928.8KB,951091,2024/4/11
Arabidopsis_halleri,CDS,Arabidopsis_halleri.rga.cds.fa,http://plantrg.bio2db.com/Arabidopsis_halleri.rga.cds.fa,2.9MB,3040870,2024/4/11
Arabidopsis_halleri,protein,Arabidopsis_halleri.rga.pro.fa,http://plantrg.bio2db.com/Arabidopsis_halleri.rga.pro.fa,987.6KB,1011302,2024/4/11
Arabidopsis_lyrata,CDS,Arabidopsis_lyrata.rga.cds.fa,http://plantrg.bio2db.com/Arabidopsis_lyrata.rga.cds.fa,2.8MB,2936012,2024/4/11
Arabidopsis_lyrata,protein,Arabidopsis_lyrata.rga.pro.fa,http://plantrg.bio2db.com/Arabidopsis_lyrata.rga.pro.fa,965.4KB,988569,2024/4/11
Arabidopsis_suecica,CDS,Arabidopsis_suecica.rga.cds.fa,http://plantrg.bio2db.com/Arabidopsis_suecica.rga.cds.fa,5.0MB,5242880,2024/4/8
Arabidopsis_suecica,protein,Arabidopsis_suecica.rga.pro.fa,http://plantrg.bio2db.com/Arabidopsis_suecica.rga.pro.fa,1.7MB,1782579,2024/4/8
Arabidopsis_thaliana,CDS,Arabidopsis_thaliana.rga.cds.fa,http://plantrg.bio2db.com/Arabidopsis_thaliana.rga.cds.fa,2.7MB,2831155,2024/4/11
Arabidopsis_thaliana,protein,Arabidopsis_thaliana.rga.pro.fa,http://plantrg.bio2db.com/Arabidopsis_thaliana.rga.pro.fa,920.5KB,942592,2024/4/11
Arabis_alpina,CDS,Arabis_alpina.rga.cds.fa,http://plantrg.bio2db.com/Arabis_alpina.rga.cds.fa,2.9MB,3040870,2024/4/11
Arabis_alpina,protein,Arabis_alpina.rga.pro.fa,http://plantrg.bio2db.com/Arabis_alpina.rga.pro.fa,1011.9KB,1036185,2024/4/11
Arabis_nemorensis,CDS,Arabis_nemorensis.rga.cds.fa,http://plantrg.bio2db.com/Arabis_nemorensis.rga.cds.fa,1.7MB,1782579,2024/4/11
Arabis_nemorensis,protein,Arabis_nemorensis.rga.pro.fa,http://plantrg.bio2db.com/Arabis_nemorensis.rga.pro.fa,587.2KB,601292,2024/4/11
Arachis_hypogaea,CDS,Arachis_hypogaea.rga.cds.fa,http://plantrg.bio2db.com/Arachis_hypogaea.rga.cds.fa,8.5MB,8912896,2024/4/11
Arachis_hypogaea,protein,Arachis_hypogaea.rga.pro.fa,http://plantrg.bio2db.com/Arachis_hypogaea.rga.pro.fa,2.9MB,3040870,2024/4/11
Aralia_elata,CDS,Aralia_elata.rga.cds.fa,http://plantrg.bio2db.com/Aralia_elata.rga.cds.fa,3.8MB,3984588,2024/4/11
Aralia_elata,protein,Aralia_elata.rga.pro.fa,http://plantrg.bio2db.com/Aralia_elata.rga.pro.fa,1.3MB,1363148,2024/4/11
Arctium_lappa,CDS,Arctium_lappa.rga.cds.fa,http://plantrg.bio2db.com/Arctium_lappa.rga.cds.fa,3.1MB,3250585,2024/4/11
Arctium_lappa,protein,Arctium_lappa.rga.pro.fa,http://plantrg.bio2db.com/Arctium_lappa.rga.pro.fa,1.1MB,1153433,2024/4/11
Areca_catechu,CDS,Areca_catechu.rga.cds.fa,http://plantrg.bio2db.com/Areca_catechu.rga.cds.fa,2.8MB,2936012,2024/4/11
Areca_catechu,protein,Areca_catechu.rga.pro.fa,http://plantrg.bio2db.com/Areca_catechu.rga.pro.fa,981.0KB,1004544,2024/4/11
Aristolochia_contorta,CDS,Aristolochia_contorta.rga.cds.fa,http://plantrg.bio2db.com/Aristolochia_contorta.rga.cds.fa,1.6MB,1677721,2024/4/11
Aristolochia_contorta,protein,Aristolochia_contorta.rga.pro.fa,http://plantrg.bio2db.com/Aristolochia_contorta.rga.pro.fa,564.5KB,578048,2024/4/11
Aristolochia_fimbriata,CDS,Aristolochia_fimbriata.rga.cds.fa,http://plantrg.bio2db.com/Aristolochia_fimbriata.rga.cds.fa,1.6MB,1677721,2024/4/11
Aristolochia_fimbriata,protein,Aristolochia_fimbriata.rga.pro.fa,http://plantrg.bio2db.com/Aristolochia_fimbriata.rga.pro.fa,570.9KB,584601,2024/4/11
Armoracia_rusticana,CDS,Armoracia_rusticana.rga.cds.fa,http://plantrg.bio2db.com/Armoracia_rusticana.rga.cds.fa,6.7MB,7025459,2024/4/8
Armoracia_rusticana,protein,Armoracia_rusticana.rga.pro.fa,http://plantrg.bio2db.com/Armoracia_rusticana.rga.pro.fa,1.3MB,1363148,2024/4/8
Artemisia_argyi,CDS,Artemisia_argyi.rga.cds.fa,http://plantrg.bio2db.com/Artemisia_argyi.rga.cds.fa,13.3MB,13946060,2024/4/8
Artemisia_argyi,protein,Artemisia_argyi.rga.pro.fa,http://plantrg.bio2db.com/Artemisia_argyi.rga.pro.fa,4.5MB,4718592,2024/4/8
Artocarpus_altilis,CDS,Artocarpus_altilis.rga.cds.fa,http://plantrg.bio2db.com/Artocarpus_altilis.rga.cds.fa,4.0MB,4194304,2024/4/11
Artocarpus_altilis,protein,Artocarpus_altilis.rga.pro.fa,http://plantrg.bio2db.com/Artocarpus_altilis.rga.pro.fa,1.4MB,1468006,2024/4/11
Artocarpus_nanchuanensis,CDS,Artocarpus_nanchuanensis.rga.cds.fa,http://plantrg.bio2db.com/Artocarpus_nanchuanensis.rga.cds.fa,4.4MB,4613734,2024/4/8
Artocarpus_nanchuanensis,protein,Artocarpus_nanchuanensis.rga.pro.fa,http://plantrg.bio2db.com/Artocarpus_nanchuanensis.rga.pro.fa,1.5MB,1572864,2024/4/8
Asparagus_officinalis,CDS,Asparagus_officinalis.rga.cds.fa,http://plantrg.bio2db.com/Asparagus_officinalis.rga.cds.fa,1.6MB,1677721,2024/4/11
Asparagus_officinalis,protein,Asparagus_officinalis.rga.pro.fa,http://plantrg.bio2db.com/Asparagus_officinalis.rga.pro.fa,556.3KB,569651,2024/4/11
Asparagus_setaceus,CDS,Asparagus_setaceus.rga.cds.fa,http://plantrg.bio2db.com/Asparagus_setaceus.rga.cds.fa,1.9MB,1992294,2024/4/11
Asparagus_setaceus,protein,Asparagus_setaceus.rga.pro.fa,http://plantrg.bio2db.com/Asparagus_setaceus.rga.pro.fa,650.5KB,666112,2024/4/11
Asterochloris_glomerata,CDS,Asterochloris_glomerata.rga.cds.fa,http://plantrg.bio2db.com/Asterochloris_glomerata.rga.cds.fa,480.7KB,492236,2024/4/8
Asterochloris_glomerata,protein,Asterochloris_glomerata.rga.pro.fa,http://plantrg.bio2db.com/Asterochloris_glomerata.rga.pro.fa,164.3KB,168243,2024/4/8
Atalantia_buxifolia,CDS,Atalantia_buxifolia.rga.cds.fa,http://plantrg.bio2db.com/Atalantia_buxifolia.rga.cds.fa,2.3MB,2411724,2024/4/8
Atalantia_buxifolia,protein,Atalantia_buxifolia.rga.pro.fa,http://plantrg.bio2db.com/Atalantia_buxifolia.rga.pro.fa,791.0KB,809984,2024/4/8
Atriplex_hortensis,CDS,Atriplex_hortensis.rga.cds.fa,http://plantrg.bio2db.com/Atriplex_hortensis.rga.cds.fa,2.4MB,2516582,2024/4/11
Atriplex_hortensis,protein,Atriplex_hortensis.rga.pro.fa,http://plantrg.bio2db.com/Atriplex_hortensis.rga.pro.fa,837.9KB,858009,2024/4/11
Atropa_belladonna,CDS,Atropa_belladonna.rga.cds.fa,http://plantrg.bio2db.com/Atropa_belladonna.rga.cds.fa,5.4MB,5662310,2024/4/8
Atropa_belladonna,protein,Atropa_belladonna.rga.pro.fa,http://plantrg.bio2db.com/Atropa_belladonna.rga.pro.fa,1.8MB,1887436,2024/4/8
Auxenochlorella_protothecoides,CDS,Auxenochlorella_protothecoides.rga.cds.fa,http://plantrg.bio2db.com/Auxenochlorella_protothecoides.rga.cds.fa,293.6KB,300646,2024/4/8
Auxenochlorella_protothecoides,protein,Auxenochlorella_protothecoides.rga.pro.fa,http://plantrg.bio2db.com/Auxenochlorella_protothecoides.rga.pro.fa,100.3KB,102707,2024/4/8
Avena_atlantica,CDS,Avena_atlantica.rga.cds.fa,http://plantrg.bio2db.com/Avena_atlantica.rga.cds.fa,4.8MB,5033164,2024/4/11
Avena_atlantica,protein,Avena_atlantica.rga.pro.fa,http://plantrg.bio2db.com/Avena_atlantica.rga.pro.fa,1.6MB,1677721,2024/4/11
Avena_eriantha,CDS,Avena_eriantha.rga.cds.fa,http://plantrg.bio2db.com/Avena_eriantha.rga.cds.fa,4.3MB,4508876,2024/4/11
Avena_eriantha,protein,Avena_eriantha.rga.pro.fa,http://plantrg.bio2db.com/Avena_eriantha.rga.pro.fa,1.5MB,1572864,2024/4/11
Avena_strigosa,CDS,Avena_strigosa.rga.cds.fa,http://plantrg.bio2db.com/Avena_strigosa.rga.cds.fa,5.0MB,5242880,2024/4/8
Avena_strigosa,protein,Avena_strigosa.rga.pro.fa,http://plantrg.bio2db.com/Avena_strigosa.rga.pro.fa,1.7MB,1782579,2024/4/8
Averrhoa_carambola,CDS,Averrhoa_carambola.rga.cds.fa,http://plantrg.bio2db.com/Averrhoa_carambola.rga.cds.fa,2.4MB,2516582,2024/4/11
Averrhoa_carambola,protein,Averrhoa_carambola.rga.pro.fa,http://plantrg.bio2db.com/Averrhoa_carambola.rga.pro.fa,835.1KB,855142,2024/4/11
Azolla_filiculoides,CDS,Azolla_filiculoides.rga.cds.fa,http://plantrg.bio2db.com/Azolla_filiculoides.rga.cds.fa,1.7MB,1782579,2024/4/8
Azolla_filiculoides,protein,Azolla_filiculoides.rga.pro.fa,http://plantrg.bio2db.com/Azolla_filiculoides.rga.pro.fa,594.8KB,609075,2024/4/8
Balanophora_fungosa,CDS,Balanophora_fungosa.rga.cds.fa,http://plantrg.bio2db.com/Balanophora_fungosa.rga.cds.fa,769.2KB,787660,2024/4/8
Balanophora_fungosa,protein,Balanophora_fungosa.rga.pro.fa,http://plantrg.bio2db.com/Balanophora_fungosa.rga.pro.fa,260.4KB,266649,2024/4/8
Balanophora_subcupularis,CDS,Balanophora_subcupularis.rga.cds.fa,http://plantrg.bio2db.com/Balanophora_subcupularis.rga.cds.fa,656.4KB,672153,2024/4/8
Balanophora_subcupularis,protein,Balanophora_subcupularis.rga.pro.fa,http://plantrg.bio2db.com/Balanophora_subcupularis.rga.pro.fa,221.8KB,227123,2024/4/8
Barbarea_vulgaris,CDS,Barbarea_vulgaris.rga.cds.fa,http://plantrg.bio2db.com/Barbarea_vulgaris.rga.cds.fa,3.1MB,3250585,2024/4/11
Barbarea_vulgaris,protein,Barbarea_vulgaris.rga.pro.fa,http://plantrg.bio2db.com/Barbarea_vulgaris.rga.pro.fa,1.1MB,1153433,2024/4/11
Bathycoccus_prasinos,CDS,Bathycoccus_prasinos.rga.cds.fa,http://plantrg.bio2db.com/Bathycoccus_prasinos.rga.cds.fa,305.7KB,313036,2024/4/8
Bathycoccus_prasinos,protein,Bathycoccus_prasinos.rga.pro.fa,http://plantrg.bio2db.com/Bathycoccus_prasinos.rga.pro.fa,104.0KB,106496,2024/4/8
Bauhinia_variegata,CDS,Bauhinia_variegata.rga.cds.fa,http://plantrg.bio2db.com/Bauhinia_variegata.rga.cds.fa,4.5MB,4718592,2024/4/8
Bauhinia_variegata,protein,Bauhinia_variegata.rga.pro.fa,http://plantrg.bio2db.com/Bauhinia_variegata.rga.pro.fa,1.5MB,1572864,2024/4/8
Begonia_darthvaderiana,CDS,Begonia_darthvaderiana.rga.cds.fa,http://plantrg.bio2db.com/Begonia_darthvaderiana.rga.cds.fa,1.5MB,1572864,2024/4/11
Begonia_darthvaderiana,protein,Begonia_darthvaderiana.rga.pro.fa,http://plantrg.bio2db.com/Begonia_darthvaderiana.rga.pro.fa,515.6KB,527974,2024/4/11
Begonia_fuchsioides,CDS,Begonia_fuchsioides.rga.cds.fa,http://plantrg.bio2db.com/Begonia_fuchsioides.rga.cds.fa,3.3MB,3460300,2024/4/11
Begonia_fuchsioides,protein,Begonia_fuchsioides.rga.pro.fa,http://plantrg.bio2db.com/Begonia_fuchsioides.rga.pro.fa,1.1MB,1153433,2024/4/11
Begonia_loranthoides,CDS,Begonia_loranthoides.rga.cds.fa,http://plantrg.bio2db.com/Begonia_loranthoides.rga.cds.fa,2.1MB,2202009,2024/4/11
Begonia_loranthoides,protein,Begonia_loranthoides.rga.pro.fa,http://plantrg.bio2db.com/Begonia_loranthoides.rga.pro.fa,711.3KB,728371,2024/4/11
Begonia_masoniana,CDS,Begonia_masoniana.rga.cds.fa,http://plantrg.bio2db.com/Begonia_masoniana.rga.cds.fa,1.5MB,1572864,2024/4/11
Begonia_masoniana,protein,Begonia_masoniana.rga.pro.fa,http://plantrg.bio2db.com/Begonia_masoniana.rga.pro.fa,537.3KB,550195,2024/4/11
Begonia_peltatifolia,CDS,Begonia_peltatifolia.rga.cds.fa,http://plantrg.bio2db.com/Begonia_peltatifolia.rga.cds.fa,1.5MB,1572864,2024/4/11
Begonia_peltatifolia,protein,Begonia_peltatifolia.rga.pro.fa,http://plantrg.bio2db.com/Begonia_peltatifolia.rga.pro.fa,518.9KB,531353,2024/4/11
Benincasa_hispida,CDS,Benincasa_hispida.rga.cds.fa,http://plantrg.bio2db.com/Benincasa_hispida.rga.cds.fa,1.9MB,1992294,2024/4/11
Benincasa_hispida,protein,Benincasa_hispida.rga.pro.fa,http://plantrg.bio2db.com/Benincasa_hispida.rga.pro.fa,657.9KB,673689,2024/4/11
Beta_patula,CDS,Beta_patula.rga.cds.fa,http://plantrg.bio2db.com/Beta_patula.rga.cds.fa,1.9MB,1992294,2024/4/11
Beta_patula,protein,Beta_patula.rga.pro.fa,http://plantrg.bio2db.com/Beta_patula.rga.pro.fa,668.8KB,684851,2024/4/11
Betula_platyphylla,CDS,Betula_platyphylla.rga.cds.fa,http://plantrg.bio2db.com/Betula_platyphylla.rga.cds.fa,4.3MB,4508876,2024/4/8
Betula_platyphylla,protein,Betula_platyphylla.rga.pro.fa,http://plantrg.bio2db.com/Betula_platyphylla.rga.pro.fa,1.4MB,1468006,2024/4/8
Boea_hygrometrica,CDS,Boea_hygrometrica.rga.cds.fa,http://plantrg.bio2db.com/Boea_hygrometrica.rga.cds.fa,1.8MB,1887436,2024/4/11
Boea_hygrometrica,protein,Boea_hygrometrica.rga.pro.fa,http://plantrg.bio2db.com/Boea_hygrometrica.rga.pro.fa,616.8KB,631603,2024/4/11
Boechera_retrofracta,CDS,Boechera_retrofracta.rga.cds.fa,http://plantrg.bio2db.com/Boechera_retrofracta.rga.cds.fa,3.7MB,3879731,2024/4/11
Boechera_retrofracta,protein,Boechera_retrofracta.rga.pro.fa,http://plantrg.bio2db.com/Boechera_retrofracta.rga.pro.fa,1.2MB,1258291,2024/4/11
Boechera_stricta,CDS,Boechera_stricta.rga.cds.fa,http://plantrg.bio2db.com/Boechera_stricta.rga.cds.fa,3.1MB,3250585,2024/4/11
Boechera_stricta,protein,Boechera_stricta.rga.pro.fa,http://plantrg.bio2db.com/Boechera_stricta.rga.pro.fa,1.1MB,1153433,2024/4/11
Boehmeria_nivea,CDS,Boehmeria_nivea.rga.cds.fa,http://plantrg.bio2db.com/Boehmeria_nivea.rga.cds.fa,2.8MB,2936012,2024/4/8
Boehmeria_nivea,protein,Boehmeria_nivea.rga.pro.fa,http://plantrg.bio2db.com/Boehmeria_nivea.rga.pro.fa,973.2KB,996556,2024/4/8
Bombax_ceiba,CDS,Bombax_ceiba.rga.cds.fa,http://plantrg.bio2db.com/Bombax_ceiba.rga.cds.fa,4.2MB,4404019,2024/4/8
Bombax_ceiba,protein,Bombax_ceiba.rga.pro.fa,http://plantrg.bio2db.com/Bombax_ceiba.rga.pro.fa,1.4MB,1468006,2024/4/8
Bonia_amplexicaulis,CDS,Bonia_amplexicaulis.rga.cds.fa,http://plantrg.bio2db.com/Bonia_amplexicaulis.rga.cds.fa,4.6MB,4823449,2024/4/11
Bonia_amplexicaulis,protein,Bonia_amplexicaulis.rga.pro.fa,http://plantrg.bio2db.com/Bonia_amplexicaulis.rga.pro.fa,1.6MB,1677721,2024/4/11
Bothriochloa_decipiens,CDS,Bothriochloa_decipiens.rga.cds.fa,http://plantrg.bio2db.com/Bothriochloa_decipiens.rga.cds.fa,8.1MB,8493465,2024/4/8
Bothriochloa_decipiens,protein,Bothriochloa_decipiens.rga.pro.fa,http://plantrg.bio2db.com/Bothriochloa_decipiens.rga.pro.fa,2.7MB,2831155,2024/4/8
Bougainvillea_x_buttiana,CDS,Bougainvillea_x_buttiana.rga.cds.fa,http://plantrg.bio2db.com/Bougainvillea_x_buttiana.rga.cds.fa,5.3MB,5557452,2024/4/11
Bougainvillea_x_buttiana,protein,Bougainvillea_x_buttiana.rga.pro.fa,http://plantrg.bio2db.com/Bougainvillea_x_buttiana.rga.pro.fa,1.8MB,1887436,2024/4/11
Brachypodium_distachyon,CDS,Brachypodium_distachyon.rga.cds.fa,http://plantrg.bio2db.com/Brachypodium_distachyon.rga.cds.fa,3.5MB,3670016,2024/4/11
Brachypodium_distachyon,protein,Brachypodium_distachyon.rga.pro.fa,http://plantrg.bio2db.com/Brachypodium_distachyon.rga.pro.fa,1.2MB,1258291,2024/4/11
Brachypodium_hybridum,CDS,Brachypodium_hybridum.rga.cds.fa,http://plantrg.bio2db.com/Brachypodium_hybridum.rga.cds.fa,6.6MB,6920601,2024/4/11
Brachypodium_hybridum,protein,Brachypodium_hybridum.rga.pro.fa,http://plantrg.bio2db.com/Brachypodium_hybridum.rga.pro.fa,2.2MB,2306867,2024/4/11
Brachypodium_stace,CDS,Brachypodium_stace.rga.cds.fa,http://plantrg.bio2db.com/Brachypodium_stace.rga.cds.fa,3.2MB,3355443,2024/4/11
Brachypodium_stace,protein,Brachypodium_stace.rga.pro.fa,http://plantrg.bio2db.com/Brachypodium_stace.rga.pro.fa,1.1MB,1153433,2024/4/11
Brachypodium_sylvaticum,CDS,Brachypodium_sylvaticum.rga.cds.fa,http://plantrg.bio2db.com/Brachypodium_sylvaticum.rga.cds.fa,4.3MB,4508876,2024/4/8
Brachypodium_sylvaticum,protein,Brachypodium_sylvaticum.rga.pro.fa,http://plantrg.bio2db.com/Brachypodium_sylvaticum.rga.pro.fa,1.4MB,1468006,2024/4/8
Brasenia_schreberi,CDS,Brasenia_schreberi.rga.cds.fa,http://plantrg.bio2db.com/Brasenia_schreberi.rga.cds.fa,4.2MB,4404019,2024/4/8
Brasenia_schreberi,protein,Brasenia_schreberi.rga.pro.fa,http://plantrg.bio2db.com/Brasenia_schreberi.rga.pro.fa,1.4MB,1468006,2024/4/8
Brassica_carinata,CDS,Brassica_carinata.rga.cds.fa,http://plantrg.bio2db.com/Brassica_carinata.rga.cds.fa,7.3MB,7654604,2024/4/11
Brassica_carinata,protein,Brassica_carinata.rga.pro.fa,http://plantrg.bio2db.com/Brassica_carinata.rga.pro.fa,2.5MB,2621440,2024/4/11
Brassica_gravinae,CDS,Brassica_gravinae.rga.cds.fa,http://plantrg.bio2db.com/Brassica_gravinae.rga.cds.fa,3.3MB,3460300,2024/4/8
Brassica_gravinae,protein,Brassica_gravinae.rga.pro.fa,http://plantrg.bio2db.com/Brassica_gravinae.rga.pro.fa,1.1MB,1153433,2024/4/8
Brassica_juncea,CDS,Brassica_juncea.rga.cds.fa,http://plantrg.bio2db.com/Brassica_juncea.rga.cds.fa,6.4MB,6710886,2024/4/8
Brassica_juncea,protein,Brassica_juncea.rga.pro.fa,http://plantrg.bio2db.com/Brassica_juncea.rga.pro.fa,2.2MB,2306867,2024/4/8
Brassica_napus,CDS,Brassica_napus.rga.cds.fa,http://plantrg.bio2db.com/Brassica_napus.rga.cds.fa,6.9MB,7235174,2024/4/8
Brassica_napus,protein,Brassica_napus.rga.pro.fa,http://plantrg.bio2db.com/Brassica_napus.rga.pro.fa,2.3MB,2411724,2024/4/8
Brassica_nigra,CDS,Brassica_nigra.rga.cds.fa,http://plantrg.bio2db.com/Brassica_nigra.rga.cds.fa,1.5MB,1572864,2024/4/11
Brassica_nigra,protein,Brassica_nigra.rga.pro.fa,http://plantrg.bio2db.com/Brassica_nigra.rga.pro.fa,1.5MB,1572864,2024/4/11
Brassica_oleracea,CDS,Brassica_oleracea.rga.cds.fa,http://plantrg.bio2db.com/Brassica_oleracea.rga.cds.fa,2.4MB,2516582,2024/4/8
Brassica_oleracea,protein,Brassica_oleracea.rga.pro.fa,http://plantrg.bio2db.com/Brassica_oleracea.rga.pro.fa,826.3KB,846131,2024/4/8
Brassica_rapa,CDS,Brassica_rapa.rga.cds.fa,http://plantrg.bio2db.com/Brassica_rapa.rga.cds.fa,3.7MB,3879731,2024/4/8
Brassica_rapa,protein,Brassica_rapa.rga.pro.fa,http://plantrg.bio2db.com/Brassica_rapa.rga.pro.fa,1.3MB,1363148,2024/4/8
Brassica_repanda,CDS,Brassica_repanda.rga.cds.fa,http://plantrg.bio2db.com/Brassica_repanda.rga.cds.fa,4.1MB,4299161,2024/4/8
Brassica_repanda,protein,Brassica_repanda.rga.pro.fa,http://plantrg.bio2db.com/Brassica_repanda.rga.pro.fa,1.4MB,1468006,2024/4/8
Brassica_tournefortii,CDS,Brassica_tournefortii.rga.cds.fa,http://plantrg.bio2db.com/Brassica_tournefortii.rga.cds.fa,3.5MB,3670016,2024/4/8
Brassica_tournefortii,protein,Brassica_tournefortii.rga.pro.fa,http://plantrg.bio2db.com/Brassica_tournefortii.rga.pro.fa,1.2MB,1258291,2024/4/8
Bretschneidera_sinensis,CDS,Bretschneidera_sinensis.rga.cds.fa,http://plantrg.bio2db.com/Bretschneidera_sinensis.rga.cds.fa,3.5MB,3670016,2024/4/11
Bretschneidera_sinensis,protein,Bretschneidera_sinensis.rga.pro.fa,http://plantrg.bio2db.com/Bretschneidera_sinensis.rga.pro.fa,1.2MB,1258291,2024/4/11
Bruguiera_sexangula,CDS,Bruguiera_sexangula.rga.cds.fa,http://plantrg.bio2db.com/Bruguiera_sexangula.rga.cds.fa,2.4MB,2516582,2024/4/11
Bruguiera_sexangula,protein,Bruguiera_sexangula.rga.pro.fa,http://plantrg.bio2db.com/Bruguiera_sexangula.rga.pro.fa,831.7KB,851660,2024/4/11
Buddleja_alternifolia,CDS,Buddleja_alternifolia.rga.cds.fa,http://plantrg.bio2db.com/Buddleja_alternifolia.rga.cds.fa,3.3MB,3460300,2024/4/8
Buddleja_alternifolia,protein,Buddleja_alternifolia.rga.pro.fa,http://plantrg.bio2db.com/Buddleja_alternifolia.rga.pro.fa,1.1MB,1153433,2024/4/8
Buxus_austroyunnanensis,CDS,Buxus_austroyunnanensis.rga.cds.fa,http://plantrg.bio2db.com/Buxus_austroyunnanensis.rga.cds.fa,2.3MB,2411724,2024/4/11
Buxus_austroyunnanensis,protein,Buxus_austroyunnanensis.rga.pro.fa,http://plantrg.bio2db.com/Buxus_austroyunnanensis.rga.pro.fa,811.2KB,830668,2024/4/11
Buxus_sinica,CDS,Buxus_sinica.rga.cds.fa,http://plantrg.bio2db.com/Buxus_sinica.rga.cds.fa,4.0MB,4194304,2024/4/11
Buxus_sinica,protein,Buxus_sinica.rga.pro.fa,http://plantrg.bio2db.com/Buxus_sinica.rga.pro.fa,1.4MB,1468006,2024/4/11
Calamus_simplicifolius,CDS,Calamus_simplicifolius.rga.cds.fa,http://plantrg.bio2db.com/Calamus_simplicifolius.rga.cds.fa,4.4MB,4613734,2024/4/11
Calamus_simplicifolius,protein,Calamus_simplicifolius.rga.pro.fa,http://plantrg.bio2db.com/Calamus_simplicifolius.rga.pro.fa,1.5MB,1572864,2024/4/11
Callicarpa_americana,CDS,Callicarpa_americana.rga.cds.fa,http://plantrg.bio2db.com/Callicarpa_americana.rga.cds.fa,3.9MB,4089446,2024/4/11
Callicarpa_americana,protein,Callicarpa_americana.rga.pro.fa,http://plantrg.bio2db.com/Callicarpa_americana.rga.pro.fa,1.3MB,1363148,2024/4/11
Calotropis_gigantea,CDS,Calotropis_gigantea.rga.cds.fa,http://plantrg.bio2db.com/Calotropis_gigantea.rga.cds.fa,1.9MB,1992294,2024/4/8
Calotropis_gigantea,protein,Calotropis_gigantea.rga.pro.fa,http://plantrg.bio2db.com/Calotropis_gigantea.rga.pro.fa,641.0KB,656384,2024/4/8
Camelina_sativa,CDS,Camelina_sativa.rga.cds.fa,http://plantrg.bio2db.com/Camelina_sativa.rga.cds.fa,7.5MB,7864320,2024/4/11
Camelina_sativa,protein,Camelina_sativa.rga.pro.fa,http://plantrg.bio2db.com/Camelina_sativa.rga.pro.fa,2.5MB,2621440,2024/4/11
Camellia_chekiangoleosa,CDS,Camellia_chekiangoleosa.rga.cds.fa,http://plantrg.bio2db.com/Camellia_chekiangoleosa.rga.cds.fa,7.8MB,8178892,2024/4/8
Camellia_chekiangoleosa,protein,Camellia_chekiangoleosa.rga.pro.fa,http://plantrg.bio2db.com/Camellia_chekiangoleosa.rga.pro.fa,2.7MB,2831155,2024/4/8
Camptotheca_acuminata,CDS,Camptotheca_acuminata.rga.cds.fa,http://plantrg.bio2db.com/Camptotheca_acuminata.rga.cds.fa,3.3MB,3460300,2024/4/11
Camptotheca_acuminata,protein,Camptotheca_acuminata.rga.pro.fa,http://plantrg.bio2db.com/Camptotheca_acuminata.rga.pro.fa,1.1MB,1153433,2024/4/11
Capparis_spinosa,CDS,Capparis_spinosa.rga.cds.fa,http://plantrg.bio2db.com/Capparis_spinosa.rga.cds.fa,1.9MB,1992294,2024/4/8
Capparis_spinosa,protein,Capparis_spinosa.rga.pro.fa,http://plantrg.bio2db.com/Capparis_spinosa.rga.pro.fa,658.3KB,674099,2024/4/8
Capsella_grandiflora,CDS,Capsella_grandiflora.rga.cds.fa,http://plantrg.bio2db.com/Capsella_grandiflora.rga.cds.fa,2.3MB,2411724,2024/4/11
Capsella_grandiflora,protein,Capsella_grandiflora.rga.pro.fa,http://plantrg.bio2db.com/Capsella_grandiflora.rga.pro.fa,790.1KB,809062,2024/4/11
Capsella_rubella,CDS,Capsella_rubella.rga.cds.fa,http://plantrg.bio2db.com/Capsella_rubella.rga.cds.fa,2.8MB,2936012,2024/4/11
Capsella_rubella,protein,Capsella_rubella.rga.pro.fa,http://plantrg.bio2db.com/Capsella_rubella.rga.pro.fa,962.9KB,986009,2024/4/11
Capsicum_annuum,CDS,Capsicum_annuum.rga.cds.fa,http://plantrg.bio2db.com/Capsicum_annuum.rga.cds.fa,3.0MB,3145728,2024/4/8
Capsicum_annuum,protein,Capsicum_annuum.rga.pro.fa,http://plantrg.bio2db.com/Capsicum_annuum.rga.pro.fa,1.0MB,1048576,2024/4/8
Capsicum_baccatum,CDS,Capsicum_baccatum.rga.cds.fa,http://plantrg.bio2db.com/Capsicum_baccatum.rga.cds.fa,4.8MB,5033164,2024/4/11
Capsicum_baccatum,protein,Capsicum_baccatum.rga.pro.fa,http://plantrg.bio2db.com/Capsicum_baccatum.rga.pro.fa,1.6MB,1677721,2024/4/11
Capsicum_chinense,CDS,Capsicum_chinense.rga.cds.fa,http://plantrg.bio2db.com/Capsicum_chinense.rga.cds.fa,4.4MB,4613734,2024/4/11
Capsicum_chinense,protein,Capsicum_chinense.rga.pro.fa,http://plantrg.bio2db.com/Capsicum_chinense.rga.pro.fa,1.5MB,1572864,2024/4/11
Capsicum_pubescens,CDS,Capsicum_pubescens.rga.cds.fa,http://plantrg.bio2db.com/Capsicum_pubescens.rga.cds.fa,5.7MB,5976883,2024/4/8
Capsicum_pubescens,protein,Capsicum_pubescens.rga.pro.fa,http://plantrg.bio2db.com/Capsicum_pubescens.rga.pro.fa,1.9MB,1992294,2024/4/8
Cardamine_enshiensis,CDS,Cardamine_enshiensis.rga.cds.fa,http://plantrg.bio2db.com/Cardamine_enshiensis.rga.cds.fa,3.9MB,4089446,2024/4/11
Cardamine_enshiensis,protein,Cardamine_enshiensis.rga.pro.fa,http://plantrg.bio2db.com/Cardamine_enshiensis.rga.pro.fa,1.3MB,1363148,2024/4/11
Cardamine_hirsuta,CDS,Cardamine_hirsuta.rga.cds.fa,http://plantrg.bio2db.com/Cardamine_hirsuta.rga.cds.fa,3.0MB,3145728,2024/4/8
Cardamine_hirsuta,protein,Cardamine_hirsuta.rga.pro.fa,http://plantrg.bio2db.com/Cardamine_hirsuta.rga.pro.fa,1.0MB,1048576,2024/4/8
Carex_cristatella,CDS,Carex_cristatella.rga.cds.fa,http://plantrg.bio2db.com/Carex_cristatella.rga.cds.fa,2.1MB,2202009,2024/4/8
Carex_cristatella,protein,Carex_cristatella.rga.pro.fa,http://plantrg.bio2db.com/Carex_cristatella.rga.pro.fa,731.1KB,748646,2024/4/8
Carex_scoparia,CDS,Carex_scoparia.rga.cds.fa,http://plantrg.bio2db.com/Carex_scoparia.rga.cds.fa,2.0MB,2097152,2024/4/8
Carex_scoparia,protein,Carex_scoparia.rga.pro.fa,http://plantrg.bio2db.com/Carex_scoparia.rga.pro.fa,705.7KB,722636,2024/4/8
Carica_papaya,CDS,Carica_papaya.rga.cds.fa,http://plantrg.bio2db.com/Carica_papaya.rga.cds.fa,1.7MB,1782579,2024/4/11
Carica_papaya,protein,Carica_papaya.rga.pro.fa,http://plantrg.bio2db.com/Carica_papaya.rga.pro.fa,597.3KB,611635,2024/4/11
Carnegiea_gigantea,CDS,Carnegiea_gigantea.rga.cds.fa,http://plantrg.bio2db.com/Carnegiea_gigantea.rga.cds.fa,2.2MB,2306867,2024/4/11
Carnegiea_gigantea,protein,Carnegiea_gigantea.rga.pro.fa,http://plantrg.bio2db.com/Carnegiea_gigantea.rga.pro.fa,807.9KB,827289,2024/4/11
Carpinus_fangiana,CDS,Carpinus_fangiana.rga.cds.fa,http://plantrg.bio2db.com/Carpinus_fangiana.rga.cds.fa,2.3MB,2411724,2024/4/11
Carpinus_fangiana,protein,Carpinus_fangiana.rga.pro.fa,http://plantrg.bio2db.com/Carpinus_fangiana.rga.pro.fa,786.1KB,804966,2024/4/11
Carpinus_viminea,CDS,Carpinus_viminea.rga.cds.fa,http://plantrg.bio2db.com/Carpinus_viminea.rga.cds.fa,3.3MB,3460300,2024/4/11
Carpinus_viminea,protein,Carpinus_viminea.rga.pro.fa,http://plantrg.bio2db.com/Carpinus_viminea.rga.pro.fa,1.1MB,1153433,2024/4/11
Carrichtera_annua,CDS,Carrichtera_annua.rga.cds.fa,http://plantrg.bio2db.com/Carrichtera_annua.rga.cds.fa,3.1MB,3250585,2024/4/8
Carrichtera_annua,protein,Carrichtera_annua.rga.pro.fa,http://plantrg.bio2db.com/Carrichtera_annua.rga.pro.fa,1.1MB,1153433,2024/4/8
Carya_cathayensis,CDS,Carya_cathayensis.rga.cds.fa,http://plantrg.bio2db.com/Carya_cathayensis.rga.cds.fa,3.3MB,3460300,2024/4/8
Carya_cathayensis,protein,Carya_cathayensis.rga.pro.fa,http://plantrg.bio2db.com/Carya_cathayensis.rga.pro.fa,1.1MB,1153433,2024/4/8
Carya_illinoinensis,CDS,Carya_illinoinensis.rga.cds.fa,http://plantrg.bio2db.com/Carya_illinoinensis.rga.cds.fa,4.5MB,4718592,2024/4/11
Carya_illinoinensis,protein,Carya_illinoinensis.rga.pro.fa,http://plantrg.bio2db.com/Carya_illinoinensis.rga.pro.fa,1.5MB,1572864,2024/4/11
Castanea_mollissima,CDS,Castanea_mollissima.rga.cds.fa,http://plantrg.bio2db.com/Castanea_mollissima.rga.cds.fa,4.0MB,4194304,2024/4/11
Castanea_mollissima,protein,Castanea_mollissima.rga.pro.fa,http://plantrg.bio2db.com/Castanea_mollissima.rga.pro.fa,1.3MB,1363148,2024/4/11
Castanopsis_hystrix,CDS,Castanopsis_hystrix.rga.cds.fa,http://plantrg.bio2db.com/Castanopsis_hystrix.rga.cds.fa,3.6MB,3774873,2024/4/8
Castanopsis_hystrix,protein,Castanopsis_hystrix.rga.pro.fa,http://plantrg.bio2db.com/Castanopsis_hystrix.rga.pro.fa,1.2MB,1258291,2024/4/8
Castanopsis_tibetana,CDS,Castanopsis_tibetana.rga.cds.fa,http://plantrg.bio2db.com/Castanopsis_tibetana.rga.cds.fa,3.8MB,3984588,2024/4/11
Castanopsis_tibetana,protein,Castanopsis_tibetana.rga.pro.fa,http://plantrg.bio2db.com/Castanopsis_tibetana.rga.pro.fa,1.3MB,1363148,2024/4/11
Catharanthus_roseus,CDS,Catharanthus_roseus.rga.cds.fa,http://plantrg.bio2db.com/Catharanthus_roseus.rga.cds.fa,2.2MB,2306867,2024/4/11
Catharanthus_roseus,protein,Catharanthus_roseus.rga.pro.fa,http://plantrg.bio2db.com/Catharanthus_roseus.rga.pro.fa,749.8KB,767795,2024/4/11
Cenchrus_americanus,CDS,Cenchrus_americanus.rga.cds.fa,http://plantrg.bio2db.com/Cenchrus_americanus.rga.cds.fa,3.0MB,3145728,2024/4/8
Cenchrus_americanus,protein,Cenchrus_americanus.rga.pro.fa,http://plantrg.bio2db.com/Cenchrus_americanus.rga.pro.fa,1.0MB,1048576,2024/4/8
Cenchrus_macrourus,CDS,Cenchrus_macrourus.rga.cds.fa,http://plantrg.bio2db.com/Cenchrus_macrourus.rga.cds.fa,8.6MB,9017753,2024/4/8
Cenchrus_macrourus,protein,Cenchrus_macrourus.rga.pro.fa,http://plantrg.bio2db.com/Cenchrus_macrourus.rga.pro.fa,2.9MB,3040870,2024/4/8
Cenchrus_purpureus,CDS,Cenchrus_purpureus.rga.cds.fa,http://plantrg.bio2db.com/Cenchrus_purpureus.rga.cds.fa,8.5MB,8912896,2024/4/11
Cenchrus_purpureus,protein,Cenchrus_purpureus.rga.pro.fa,http://plantrg.bio2db.com/Cenchrus_purpureus.rga.pro.fa,2.9MB,3040870,2024/4/11
Cerasus_serrulata,CDS,Cerasus_serrulata.rga.cds.fa,http://plantrg.bio2db.com/Cerasus_serrulata.rga.cds.fa,4.6MB,4823449,2024/4/8
Cerasus_serrulata,protein,Cerasus_serrulata.rga.pro.fa,http://plantrg.bio2db.com/Cerasus_serrulata.rga.pro.fa,1.6MB,1677721,2024/4/8
Cercis_canadensis,CDS,Cercis_canadensis.rga.cds.fa,http://plantrg.bio2db.com/Cercis_canadensis.rga.cds.fa,4.8MB,5033164,2024/4/8
Cercis_canadensis,protein,Cercis_canadensis.rga.pro.fa,http://plantrg.bio2db.com/Cercis_canadensis.rga.pro.fa,1.6MB,1677721,2024/4/8
Ceriops_tagal,CDS,Ceriops_tagal.rga.cds.fa,http://plantrg.bio2db.com/Ceriops_tagal.rga.cds.fa,2.5MB,2621440,2024/4/8
Ceriops_tagal,protein,Ceriops_tagal.rga.pro.fa,http://plantrg.bio2db.com/Ceriops_tagal.rga.pro.fa,889.5KB,910848,2024/4/8
Chamaecrista_fasciculata,CDS,Chamaecrista_fasciculata.rga.cds.fa,http://plantrg.bio2db.com/Chamaecrista_fasciculata.rga.cds.fa,3.4MB,3565158,2024/4/8
Chamaecrista_fasciculata,protein,Chamaecrista_fasciculata.rga.pro.fa,http://plantrg.bio2db.com/Chamaecrista_fasciculata.rga.pro.fa,1.1MB,1153433,2024/4/8
Chara_braunii,CDS,Chara_braunii.rga.cds.fa,http://plantrg.bio2db.com/Chara_braunii.rga.cds.fa,1.9MB,1992294,2024/4/8
Chara_braunii,protein,Chara_braunii.rga.pro.fa,http://plantrg.bio2db.com/Chara_braunii.rga.pro.fa,647.3KB,662835,2024/4/8
Chenopodium_pallidicaule,CDS,Chenopodium_pallidicaule.rga.cds.fa,http://plantrg.bio2db.com/Chenopodium_pallidicaule.rga.cds.fa,1.8MB,1887436,2024/4/11
Chenopodium_pallidicaule,protein,Chenopodium_pallidicaule.rga.pro.fa,http://plantrg.bio2db.com/Chenopodium_pallidicaule.rga.pro.fa,624.4KB,639385,2024/4/11
Chenopodium_quinoa,CDS,Chenopodium_quinoa.rga.cds.fa,http://plantrg.bio2db.com/Chenopodium_quinoa.rga.cds.fa,4.5MB,4718592,2024/4/11
Chenopodium_quinoa,protein,Chenopodium_quinoa.rga.pro.fa,http://plantrg.bio2db.com/Chenopodium_quinoa.rga.pro.fa,1.5MB,1572864,2024/4/11
Chenopodium_watsonii,CDS,Chenopodium_watsonii.rga.cds.fa,http://plantrg.bio2db.com/Chenopodium_watsonii.rga.cds.fa,1.3MB,1363148,2024/4/8
Chenopodium_watsonii,protein,Chenopodium_watsonii.rga.pro.fa,http://plantrg.bio2db.com/Chenopodium_watsonii.rga.pro.fa,456.5KB,467456,2024/4/8
Chimonanthus_salicifolius,CDS,Chimonanthus_salicifolius.rga.cds.fa,http://plantrg.bio2db.com/Chimonanthus_salicifolius.rga.cds.fa,2.8MB,2936012,2024/4/8
Chimonanthus_salicifolius,protein,Chimonanthus_salicifolius.rga.pro.fa,http://plantrg.bio2db.com/Chimonanthus_salicifolius.rga.pro.fa,956.9KB,979865,2024/4/8
Chiococca_alba,CDS,Chiococca_alba.rga.cds.fa,http://plantrg.bio2db.com/Chiococca_alba.rga.cds.fa,4.0MB,4194304,2024/4/8
Chiococca_alba,protein,Chiococca_alba.rga.pro.fa,http://plantrg.bio2db.com/Chiococca_alba.rga.pro.fa,1.4MB,1468006,2024/4/8
Chlamydomonas_eustigma,CDS,Chlamydomonas_eustigma.rga.cds.fa,http://plantrg.bio2db.com/Chlamydomonas_eustigma.rga.cds.fa,1.1MB,1153433,2024/4/8
Chlamydomonas_eustigma,protein,Chlamydomonas_eustigma.rga.pro.fa,http://plantrg.bio2db.com/Chlamydomonas_eustigma.rga.pro.fa,384.1KB,393318,2024/4/8
Chlamydomonas_incerta,CDS,Chlamydomonas_incerta.rga.cds.fa,http://plantrg.bio2db.com/Chlamydomonas_incerta.rga.cds.fa,3.0MB,3145728,2024/4/8
Chlamydomonas_incerta,protein,Chlamydomonas_incerta.rga.pro.fa,http://plantrg.bio2db.com/Chlamydomonas_incerta.rga.pro.fa,1.0MB,1048576,2024/4/8
Chlamydomonas_reinhardtii,CDS,Chlamydomonas_reinhardtii.rga.cds.fa,http://plantrg.bio2db.com/Chlamydomonas_reinhardtii.rga.cds.fa,2.4MB,2516582,2024/4/8
Chlamydomonas_reinhardtii,protein,Chlamydomonas_reinhardtii.rga.pro.fa,http://plantrg.bio2db.com/Chlamydomonas_reinhardtii.rga.pro.fa,816.8KB,836403,2024/4/8
Chlamydomonas_schloesseri,CDS,Chlamydomonas_schloesseri.rga.cds.fa,http://plantrg.bio2db.com/Chlamydomonas_schloesseri.rga.cds.fa,2.8MB,2936012,2024/4/8
Chlamydomonas_schloesseri,protein,Chlamydomonas_schloesseri.rga.pro.fa,http://plantrg.bio2db.com/Chlamydomonas_schloesseri.rga.pro.fa,952.9KB,975769,2024/4/8
Chloranthus_spicatus,CDS,Chloranthus_spicatus.rga.cds.fa,http://plantrg.bio2db.com/Chloranthus_spicatus.rga.cds.fa,2.2MB,2306867,2024/4/11
Chloranthus_spicatus,protein,Chloranthus_spicatus.rga.pro.fa,http://plantrg.bio2db.com/Chloranthus_spicatus.rga.pro.fa,753.5KB,771584,2024/4/11
Chlorella_variabilis,CDS,Chlorella_variabilis.rga.cds.fa,http://plantrg.bio2db.com/Chlorella_variabilis.rga.cds.fa,516.7KB,529100,2024/4/8
Chlorella_variabilis,protein,Chlorella_variabilis.rga.pro.fa,http://plantrg.bio2db.com/Chlorella_variabilis.rga.pro.fa,176.8KB,181043,2024/4/8
Chlorokybus_atmophyticus,CDS,Chlorokybus_atmophyticus.rga.cds.fa,http://plantrg.bio2db.com/Chlorokybus_atmophyticus.rga.cds.fa,426.1KB,436326,2024/4/8
Chlorokybus_atmophyticus,protein,Chlorokybus_atmophyticus.rga.pro.fa,http://plantrg.bio2db.com/Chlorokybus_atmophyticus.rga.pro.fa,144.5KB,147968,2024/4/8
Chloropicon_primus,CDS,Chloropicon_primus.rga.cds.fa,http://plantrg.bio2db.com/Chloropicon_primus.rga.cds.fa,402.9KB,412569,2024/4/8
Chloropicon_primus,protein,Chloropicon_primus.rga.pro.fa,http://plantrg.bio2db.com/Chloropicon_primus.rga.pro.fa,137.3KB,140595,2024/4/8
Chondrus_crispus,CDS,Chondrus_crispus.rga.cds.fa,http://plantrg.bio2db.com/Chondrus_crispus.rga.cds.fa,547.2KB,560332,2024/4/8
Chondrus_crispus,protein,Chondrus_crispus.rga.pro.fa,http://plantrg.bio2db.com/Chondrus_crispus.rga.pro.fa,186.2KB,190668,2024/4/8
Chromochloris_zofingiensis,CDS,Chromochloris_zofingiensis.rga.cds.fa,http://plantrg.bio2db.com/Chromochloris_zofingiensis.rga.cds.fa,890.2KB,911564,2024/4/8
Chromochloris_zofingiensis,protein,Chromochloris_zofingiensis.rga.pro.fa,http://plantrg.bio2db.com/Chromochloris_zofingiensis.rga.pro.fa,301.3KB,308531,2024/4/8
Chrysanthemum_makinoi,CDS,Chrysanthemum_makinoi.rga.cds.fa,http://plantrg.bio2db.com/Chrysanthemum_makinoi.rga.cds.fa,6.4MB,6710886,2024/4/8
Chrysanthemum_makinoi,protein,Chrysanthemum_makinoi.rga.pro.fa,http://plantrg.bio2db.com/Chrysanthemum_makinoi.rga.pro.fa,2.2MB,2306867,2024/4/8
Chrysanthemum_nankingense,CDS,Chrysanthemum_nankingense.rga.cds.fa,http://plantrg.bio2db.com/Chrysanthemum_nankingense.rga.cds.fa,8.3MB,8703180,2024/4/11
Chrysanthemum_nankingense,protein,Chrysanthemum_nankingense.rga.pro.fa,http://plantrg.bio2db.com/Chrysanthemum_nankingense.rga.pro.fa,2.8MB,2936012,2024/4/11
Chrysanthemum_x_morifolium,CDS,Chrysanthemum_x_morifolium.rga.cds.fa,http://plantrg.bio2db.com/Chrysanthemum_x_morifolium.rga.cds.fa,19.1MB,20027801,2024/4/8
Chrysanthemum_x_morifolium,protein,Chrysanthemum_x_morifolium.rga.pro.fa,http://plantrg.bio2db.com/Chrysanthemum_x_morifolium.rga.pro.fa,6.6MB,6920601,2024/4/8
Cicer_arietinum,CDS,Cicer_arietinum.rga.cds.fa,http://plantrg.bio2db.com/Cicer_arietinum.rga.cds.fa,2.2MB,2306867,2024/4/11
Cicer_arietinum,protein,Cicer_arietinum.rga.pro.fa,http://plantrg.bio2db.com/Cicer_arietinum.rga.pro.fa,774.9KB,793497,2024/4/11
Cicer_reticulatum,CDS,Cicer_reticulatum.rga.cds.fa,http://plantrg.bio2db.com/Cicer_reticulatum.rga.cds.fa,2.3MB,2411724,2024/4/8
Cicer_reticulatum,protein,Cicer_reticulatum.rga.pro.fa,http://plantrg.bio2db.com/Cicer_reticulatum.rga.pro.fa,782.0KB,800768,2024/4/8
Cichorium_endivia,CDS,Cichorium_endivia.rga.cds.fa,http://plantrg.bio2db.com/Cichorium_endivia.rga.cds.fa,3.1MB,3250585,2024/4/8
Cichorium_endivia,protein,Cichorium_endivia.rga.pro.fa,http://plantrg.bio2db.com/Cichorium_endivia.rga.pro.fa,1.1MB,1153433,2024/4/8
Cichorium_intybus,CDS,Cichorium_intybus.rga.cds.fa,http://plantrg.bio2db.com/Cichorium_intybus.rga.cds.fa,3.1MB,3250585,2024/4/8
Cichorium_intybus,protein,Cichorium_intybus.rga.pro.fa,http://plantrg.bio2db.com/Cichorium_intybus.rga.pro.fa,1.1MB,1153433,2024/4/8
Cinchona_pubescens,CDS,Cinchona_pubescens.rga.cds.fa,http://plantrg.bio2db.com/Cinchona_pubescens.rga.cds.fa,4.1MB,4299161,2024/4/8
Cinchona_pubescens,protein,Cinchona_pubescens.rga.pro.fa,http://plantrg.bio2db.com/Cinchona_pubescens.rga.pro.fa,1.4MB,1468006,2024/4/8
Cinnamomum_kanehirae,CDS,Cinnamomum_kanehirae.rga.cds.fa,http://plantrg.bio2db.com/Cinnamomum_kanehirae.rga.cds.fa,4.4MB,4613734,2024/4/11
Cinnamomum_kanehirae,protein,Cinnamomum_kanehirae.rga.pro.fa,http://plantrg.bio2db.com/Cinnamomum_kanehirae.rga.pro.fa,1.5MB,1572864,2024/4/11
Cissus_rotundifolia,CDS,Cissus_rotundifolia.rga.cds.fa,http://plantrg.bio2db.com/Cissus_rotundifolia.rga.cds.fa,2.7MB,2831155,2024/4/11
Cissus_rotundifolia,protein,Cissus_rotundifolia.rga.pro.fa,http://plantrg.bio2db.com/Cissus_rotundifolia.rga.pro.fa,934.4KB,956825,2024/4/11
Citropsis_gilletiana,CDS,Citropsis_gilletiana.rga.cds.fa,http://plantrg.bio2db.com/Citropsis_gilletiana.rga.cds.fa,2.5MB,2621440,2024/4/8
Citropsis_gilletiana,protein,Citropsis_gilletiana.rga.pro.fa,http://plantrg.bio2db.com/Citropsis_gilletiana.rga.pro.fa,876.2KB,897228,2024/4/8
Citrullus_lanatus,CDS,Citrullus_lanatus.rga.cds.fa,http://plantrg.bio2db.com/Citrullus_lanatus.rga.cds.fa,1.8MB,1887436,2024/4/11
Citrullus_lanatus,protein,Citrullus_lanatus.rga.pro.fa,http://plantrg.bio2db.com/Citrullus_lanatus.rga.pro.fa,610.5KB,625152,2024/4/11
Citrus_australasica,CDS,Citrus_australasica.rga.cds.fa,http://plantrg.bio2db.com/Citrus_australasica.rga.cds.fa,2.5MB,2621440,2024/4/8
Citrus_australasica,protein,Citrus_australasica.rga.pro.fa,http://plantrg.bio2db.com/Citrus_australasica.rga.pro.fa,879.3KB,900403,2024/4/8
Citrus_australis,CDS,Citrus_australis.rga.cds.fa,http://plantrg.bio2db.com/Citrus_australis.rga.cds.fa,2.1MB,2202009,2024/4/8
Citrus_australis,protein,Citrus_australis.rga.pro.fa,http://plantrg.bio2db.com/Citrus_australis.rga.pro.fa,726.0KB,743424,2024/4/8
Citrus_cavaleriei,CDS,Citrus_cavaleriei.rga.cds.fa,http://plantrg.bio2db.com/Citrus_cavaleriei.rga.cds.fa,2.3MB,2411724,2024/4/8
Citrus_cavaleriei,protein,Citrus_cavaleriei.rga.pro.fa,http://plantrg.bio2db.com/Citrus_cavaleriei.rga.pro.fa,785.6KB,804454,2024/4/8
Citrus_clementina,CDS,Citrus_clementina.rga.cds.fa,http://plantrg.bio2db.com/Citrus_clementina.rga.cds.fa,5.3MB,5557452,2024/4/8
Citrus_clementina,protein,Citrus_clementina.rga.pro.fa,http://plantrg.bio2db.com/Citrus_clementina.rga.pro.fa,1.8MB,1887436,2024/4/8
Citrus_grandis,CDS,Citrus_grandis.rga.cds.fa,http://plantrg.bio2db.com/Citrus_grandis.rga.cds.fa,2.9MB,3040870,2024/4/11
Citrus_grandis,protein,Citrus_grandis.rga.pro.fa,http://plantrg.bio2db.com/Citrus_grandis.rga.pro.fa,993.0KB,1016832,2024/4/11
Citrus_japonica,CDS,Citrus_japonica.rga.cds.fa,http://plantrg.bio2db.com/Citrus_japonica.rga.cds.fa,5.0MB,5242880,2024/4/8
Citrus_japonica,protein,Citrus_japonica.rga.pro.fa,http://plantrg.bio2db.com/Citrus_japonica.rga.pro.fa,1.7MB,1782579,2024/4/8
Citrus_linwuensis,CDS,Citrus_linwuensis.rga.cds.fa,http://plantrg.bio2db.com/Citrus_linwuensis.rga.cds.fa,2.4MB,2516582,2024/4/8
Citrus_linwuensis,protein,Citrus_linwuensis.rga.pro.fa,http://plantrg.bio2db.com/Citrus_linwuensis.rga.pro.fa,843.2KB,863436,2024/4/8
Citrus_mangshanensis,CDS,Citrus_mangshanensis.rga.cds.fa,http://plantrg.bio2db.com/Citrus_mangshanensis.rga.cds.fa,2.2MB,2306867,2024/4/8
Citrus_mangshanensis,protein,Citrus_mangshanensis.rga.pro.fa,http://plantrg.bio2db.com/Citrus_mangshanensis.rga.pro.fa,750.0KB,768000,2024/4/8
Citrus_medica,CDS,Citrus_medica.rga.cds.fa,http://plantrg.bio2db.com/Citrus_medica.rga.cds.fa,2.3MB,2411724,2024/4/8
Citrus_medica,protein,Citrus_medica.rga.pro.fa,http://plantrg.bio2db.com/Citrus_medica.rga.pro.fa,805.5KB,824832,2024/4/8
Citrus_reticulata,CDS,Citrus_reticulata.rga.cds.fa,http://plantrg.bio2db.com/Citrus_reticulata.rga.cds.fa,3.5MB,3670016,2024/4/8
Citrus_reticulata,protein,Citrus_reticulata.rga.pro.fa,http://plantrg.bio2db.com/Citrus_reticulata.rga.pro.fa,1.2MB,1258291,2024/4/8
Citrus_sinensis,CDS,Citrus_sinensis.rga.cds.fa,http://plantrg.bio2db.com/Citrus_sinensis.rga.cds.fa,3.8MB,3984588,2024/4/11
Citrus_sinensis,protein,Citrus_sinensis.rga.pro.fa,http://plantrg.bio2db.com/Citrus_sinensis.rga.pro.fa,1.3MB,1363148,2024/4/11
Citrus_trifoliata,CDS,Citrus_trifoliata.rga.cds.fa,http://plantrg.bio2db.com/Citrus_trifoliata.rga.cds.fa,3.1MB,3250585,2024/4/8
Citrus_trifoliata,protein,Citrus_trifoliata.rga.pro.fa,http://plantrg.bio2db.com/Citrus_trifoliata.rga.pro.fa,1.1MB,1153433,2024/4/8
Citrus_x_limon,CDS,Citrus_x_limon.rga.cds.fa,http://plantrg.bio2db.com/Citrus_x_limon.rga.cds.fa,6.7MB,7025459,2024/4/8
Citrus_x_limon,protein,Citrus_x_limon.rga.pro.fa,http://plantrg.bio2db.com/Citrus_x_limon.rga.pro.fa,2.3MB,2411724,2024/4/8
Cladopus_chinensis,CDS,Cladopus_chinensis.rga.cds.fa,http://plantrg.bio2db.com/Cladopus_chinensis.rga.cds.fa,1.9MB,1992294,2024/4/8
Cladopus_chinensis,protein,Cladopus_chinensis.rga.pro.fa,http://plantrg.bio2db.com/Cladopus_chinensis.rga.pro.fa,650.9KB,666521,2024/4/8
Clausena_lansium,CDS,Clausena_lansium.rga.cds.fa,http://plantrg.bio2db.com/Clausena_lansium.rga.cds.fa,2.6MB,2726297,2024/4/8
Clausena_lansium,protein,Clausena_lansium.rga.pro.fa,http://plantrg.bio2db.com/Clausena_lansium.rga.pro.fa,895.7KB,917196,2024/4/8
Cleistogenes_songorica,CDS,Cleistogenes_songorica.rga.cds.fa,http://plantrg.bio2db.com/Cleistogenes_songorica.rga.cds.fa,4.6MB,4823449,2024/4/11
Cleistogenes_songorica,protein,Cleistogenes_songorica.rga.pro.fa,http://plantrg.bio2db.com/Cleistogenes_songorica.rga.pro.fa,1.6MB,1677721,2024/4/11
Cleome_gynandra,CDS,Cleome_gynandra.rga.cds.fa,http://plantrg.bio2db.com/Cleome_gynandra.rga.cds.fa,2.0MB,2097152,2024/4/8
Cleome_gynandra,protein,Cleome_gynandra.rga.pro.fa,http://plantrg.bio2db.com/Cleome_gynandra.rga.pro.fa,703.2KB,720076,2024/4/8
Clethra_arborea,CDS,Clethra_arborea.rga.cds.fa,http://plantrg.bio2db.com/Clethra_arborea.rga.cds.fa,3.2MB,3355443,2024/4/11
Clethra_arborea,protein,Clethra_arborea.rga.pro.fa,http://plantrg.bio2db.com/Clethra_arborea.rga.pro.fa,1.1MB,1153433,2024/4/11
Coccomyxa_subellipsoidea,CDS,Coccomyxa_subellipsoidea.rga.cds.fa,http://plantrg.bio2db.com/Coccomyxa_subellipsoidea.rga.cds.fa,434.5KB,444928,2024/4/8
Coccomyxa_subellipsoidea,protein,Coccomyxa_subellipsoidea.rga.pro.fa,http://plantrg.bio2db.com/Coccomyxa_subellipsoidea.rga.pro.fa,147.6KB,151142,2024/4/8
Codonopsis_lanceolata,CDS,Codonopsis_lanceolata.rga.cds.fa,http://plantrg.bio2db.com/Codonopsis_lanceolata.rga.cds.fa,3.7MB,3879731,2024/4/8
Codonopsis_lanceolata,protein,Codonopsis_lanceolata.rga.pro.fa,http://plantrg.bio2db.com/Codonopsis_lanceolata.rga.pro.fa,1.3MB,1363148,2024/4/8
Coffea_canephora,CDS,Coffea_canephora.rga.cds.fa,http://plantrg.bio2db.com/Coffea_canephora.rga.cds.fa,4.6MB,4823449,2024/4/11
Coffea_canephora,protein,Coffea_canephora.rga.pro.fa,http://plantrg.bio2db.com/Coffea_canephora.rga.pro.fa,1.6MB,1677721,2024/4/11
Coffea_humblotiana,CDS,Coffea_humblotiana.rga.cds.fa,http://plantrg.bio2db.com/Coffea_humblotiana.rga.cds.fa,2.5MB,2621440,2024/4/11
Coffea_humblotiana,protein,Coffea_humblotiana.rga.pro.fa,http://plantrg.bio2db.com/Coffea_humblotiana.rga.pro.fa,886.0KB,907264,2024/4/11
Coix_lacrymajobi,CDS,Coix_lacrymajobi.rga.cds.fa,http://plantrg.bio2db.com/Coix_lacrymajobi.rga.cds.fa,3.8MB,3984588,2024/4/11
Coix_lacrymajobi,protein,Coix_lacrymajobi.rga.pro.fa,http://plantrg.bio2db.com/Coix_lacrymajobi.rga.pro.fa,1.3MB,1363148,2024/4/11
Colocasia_esculenta,CDS,Colocasia_esculenta.rga.cds.fa,http://plantrg.bio2db.com/Colocasia_esculenta.rga.cds.fa,2.3MB,2411724,2024/4/8
Colocasia_esculenta,protein,Colocasia_esculenta.rga.pro.fa,http://plantrg.bio2db.com/Colocasia_esculenta.rga.pro.fa,797.6KB,816742,2024/4/8
Coptis_chinensis,CDS,Coptis_chinensis.rga.cds.fa,http://plantrg.bio2db.com/Coptis_chinensis.rga.cds.fa,2.2MB,2306867,2024/4/11
Coptis_chinensis,protein,Coptis_chinensis.rga.pro.fa,http://plantrg.bio2db.com/Coptis_chinensis.rga.pro.fa,752.4KB,770457,2024/4/11
Corchorus_capsularis,CDS,Corchorus_capsularis.rga.cds.fa,http://plantrg.bio2db.com/Corchorus_capsularis.rga.cds.fa,2.2MB,2306867,2024/4/11
Corchorus_capsularis,protein,Corchorus_capsularis.rga.pro.fa,http://plantrg.bio2db.com/Corchorus_capsularis.rga.pro.fa,774.5KB,793088,2024/4/11
Corchorus_olitorius,CDS,Corchorus_olitorius.rga.cds.fa,http://plantrg.bio2db.com/Corchorus_olitorius.rga.cds.fa,2.6MB,2726297,2024/4/11
Corchorus_olitorius,protein,Corchorus_olitorius.rga.pro.fa,http://plantrg.bio2db.com/Corchorus_olitorius.rga.pro.fa,895.3KB,916787,2024/4/11
Coriandrum_sativum,CDS,Coriandrum_sativum.rga.cds.fa,http://plantrg.bio2db.com/Coriandrum_sativum.rga.cds.fa,3.3MB,3460300,2024/4/11
Coriandrum_sativum,protein,Coriandrum_sativum.rga.pro.fa,http://plantrg.bio2db.com/Coriandrum_sativum.rga.pro.fa,1.1MB,1153433,2024/4/11
Cornus_wilsoniana,CDS,Cornus_wilsoniana.rga.cds.fa,http://plantrg.bio2db.com/Cornus_wilsoniana.rga.cds.fa,2.9MB,3040870,2024/4/8
Cornus_wilsoniana,protein,Cornus_wilsoniana.rga.pro.fa,http://plantrg.bio2db.com/Cornus_wilsoniana.rga.pro.fa,1009.6KB,1033830,2024/4/8
Corydalis_tomentella,CDS,Corydalis_tomentella.rga.cds.fa,http://plantrg.bio2db.com/Corydalis_tomentella.rga.cds.fa,2.1MB,2202009,2024/4/11
Corydalis_tomentella,protein,Corydalis_tomentella.rga.pro.fa,http://plantrg.bio2db.com/Corydalis_tomentella.rga.pro.fa,735.4KB,753049,2024/4/11
Corylus_avellana,CDS,Corylus_avellana.rga.cds.fa,http://plantrg.bio2db.com/Corylus_avellana.rga.cds.fa,436.1KB,446566,2024/4/11
Corylus_avellana,protein,Corylus_avellana.rga.pro.fa,http://plantrg.bio2db.com/Corylus_avellana.rga.pro.fa,151.7KB,155340,2024/4/11
Cremastra_appendiculata,CDS,Cremastra_appendiculata.rga.cds.fa,http://plantrg.bio2db.com/Cremastra_appendiculata.rga.cds.fa,1.4MB,1468006,2024/4/11
Cremastra_appendiculata,protein,Cremastra_appendiculata.rga.pro.fa,http://plantrg.bio2db.com/Cremastra_appendiculata.rga.pro.fa,479.4KB,490905,2024/4/11
Cucumis_hystrix,CDS,Cucumis_hystrix.rga.cds.fa,http://plantrg.bio2db.com/Cucumis_hystrix.rga.cds.fa,1.9MB,1992294,2024/4/11
Cucumis_hystrix,protein,Cucumis_hystrix.rga.pro.fa,http://plantrg.bio2db.com/Cucumis_hystrix.rga.pro.fa,674.4KB,690585,2024/4/11
Cucumis_melo,CDS,Cucumis_melo.rga.cds.fa,http://plantrg.bio2db.com/Cucumis_melo.rga.cds.fa,1.9MB,1992294,2024/4/8
Cucumis_melo,protein,Cucumis_melo.rga.pro.fa,http://plantrg.bio2db.com/Cucumis_melo.rga.pro.fa,666.4KB,682393,2024/4/8
Cucumis_sativus,CDS,Cucumis_sativus.rga.cds.fa,http://plantrg.bio2db.com/Cucumis_sativus.rga.cds.fa,2.0MB,2097152,2024/4/8
Cucumis_sativus,protein,Cucumis_sativus.rga.pro.fa,http://plantrg.bio2db.com/Cucumis_sativus.rga.pro.fa,695.4KB,712089,2024/4/8
Cucurbita_argyrosperma,CDS,Cucurbita_argyrosperma.rga.cds.fa,http://plantrg.bio2db.com/Cucurbita_argyrosperma.rga.cds.fa,2.2MB,2306867,2024/4/8
Cucurbita_argyrosperma,protein,Cucurbita_argyrosperma.rga.pro.fa,http://plantrg.bio2db.com/Cucurbita_argyrosperma.rga.pro.fa,778.1KB,796774,2024/4/8
Cucurbita_maxima,CDS,Cucurbita_maxima.rga.cds.fa,http://plantrg.bio2db.com/Cucurbita_maxima.rga.cds.fa,2.8MB,2936012,2024/4/11
Cucurbita_maxima,protein,Cucurbita_maxima.rga.pro.fa,http://plantrg.bio2db.com/Cucurbita_maxima.rga.pro.fa,967.2KB,990412,2024/4/11
Cucurbita_moschata,CDS,Cucurbita_moschata.rga.cds.fa,http://plantrg.bio2db.com/Cucurbita_moschata.rga.cds.fa,2.8MB,2936012,2024/4/11
Cucurbita_moschata,protein,Cucurbita_moschata.rga.pro.fa,http://plantrg.bio2db.com/Cucurbita_moschata.rga.pro.fa,971.1KB,994406,2024/4/11
Cucurbita_pepo,CDS,Cucurbita_pepo.rga.cds.fa,http://plantrg.bio2db.com/Cucurbita_pepo.rga.cds.fa,2.3MB,2411724,2024/4/11
Cucurbita_pepo,protein,Cucurbita_pepo.rga.pro.fa,http://plantrg.bio2db.com/Cucurbita_pepo.rga.pro.fa,817.9KB,837529,2024/4/11
Cuscuta_campestris,CDS,Cuscuta_campestris.rga.cds.fa,http://plantrg.bio2db.com/Cuscuta_campestris.rga.cds.fa,2.5MB,2621440,2024/4/11
Cuscuta_campestris,protein,Cuscuta_campestris.rga.pro.fa,http://plantrg.bio2db.com/Cuscuta_campestris.rga.pro.fa,879.1KB,900198,2024/4/11
Cuscuta_epithymum,CDS,Cuscuta_epithymum.rga.cds.fa,http://plantrg.bio2db.com/Cuscuta_epithymum.rga.cds.fa,2.6MB,2726297,2024/4/8
Cuscuta_epithymum,protein,Cuscuta_epithymum.rga.pro.fa,http://plantrg.bio2db.com/Cuscuta_epithymum.rga.pro.fa,891.9KB,913305,2024/4/8
Cuscuta_europaea,CDS,Cuscuta_europaea.rga.cds.fa,http://plantrg.bio2db.com/Cuscuta_europaea.rga.cds.fa,1.2MB,1258291,2024/4/8
Cuscuta_europaea,protein,Cuscuta_europaea.rga.pro.fa,http://plantrg.bio2db.com/Cuscuta_europaea.rga.pro.fa,427.0KB,437248,2024/4/8
Cyanidiococcus_yangmingshanensis,CDS,Cyanidiococcus_yangmingshanensis.rga.cds.fa,http://plantrg.bio2db.com/Cyanidiococcus_yangmingshanensis.rga.cds.fa,149.6KB,153190,2024/4/8
Cyanidiococcus_yangmingshanensis,protein,Cyanidiococcus_yangmingshanensis.rga.pro.fa,http://plantrg.bio2db.com/Cyanidiococcus_yangmingshanensis.rga.pro.fa,52.3KB,53555,2024/4/8
Cyanidioschyzon_merolae,CDS,Cyanidioschyzon_merolae.rga.cds.fa,http://plantrg.bio2db.com/Cyanidioschyzon_merolae.rga.cds.fa,206.8KB,211763,2024/4/8
Cyanidioschyzon_merolae,protein,Cyanidioschyzon_merolae.rga.pro.fa,http://plantrg.bio2db.com/Cyanidioschyzon_merolae.rga.pro.fa,70.3KB,71987,2024/4/8
Cyanophora_paradoxa,CDS,Cyanophora_paradoxa.rga.cds.fa,http://plantrg.bio2db.com/Cyanophora_paradoxa.rga.cds.fa,999.6KB,1023590,2024/4/8
Cyanophora_paradoxa,protein,Cyanophora_paradoxa.rga.pro.fa,http://plantrg.bio2db.com/Cyanophora_paradoxa.rga.pro.fa,337.1KB,345190,2024/4/8
Cyclocarya_paliurus,CDS,Cyclocarya_paliurus.rga.cds.fa,http://plantrg.bio2db.com/Cyclocarya_paliurus.rga.cds.fa,4.8MB,5033164,2024/4/11
Cyclocarya_paliurus,protein,Cyclocarya_paliurus.rga.pro.fa,http://plantrg.bio2db.com/Cyclocarya_paliurus.rga.pro.fa,1.6MB,1677721,2024/4/11
Cydonia_oblonga,CDS,Cydonia_oblonga.rga.cds.fa,http://plantrg.bio2db.com/Cydonia_oblonga.rga.cds.fa,4.7MB,4928307,2024/4/8
Cydonia_oblonga,protein,Cydonia_oblonga.rga.pro.fa,http://plantrg.bio2db.com/Cydonia_oblonga.rga.pro.fa,1.6MB,1677721,2024/4/8
Cymbidium_ensifolium,CDS,Cymbidium_ensifolium.rga.cds.fa,http://plantrg.bio2db.com/Cymbidium_ensifolium.rga.cds.fa,1.7MB,1782579,2024/4/11
Cymbidium_ensifolium,protein,Cymbidium_ensifolium.rga.pro.fa,http://plantrg.bio2db.com/Cymbidium_ensifolium.rga.pro.fa,590.3KB,604467,2024/4/11
Cyperus_esculentus,CDS,Cyperus_esculentus.rga.cds.fa,http://plantrg.bio2db.com/Cyperus_esculentus.rga.cds.fa,4.6MB,4823449,2024/4/8
Cyperus_esculentus,protein,Cyperus_esculentus.rga.pro.fa,http://plantrg.bio2db.com/Cyperus_esculentus.rga.pro.fa,1.5MB,1572864,2024/4/8
Daemonorops_jenkinsiana,CDS,Daemonorops_jenkinsiana.rga.cds.fa,http://plantrg.bio2db.com/Daemonorops_jenkinsiana.rga.cds.fa,5.4MB,5662310,2024/4/11
Daemonorops_jenkinsiana,protein,Daemonorops_jenkinsiana.rga.pro.fa,http://plantrg.bio2db.com/Daemonorops_jenkinsiana.rga.pro.fa,1.8MB,1887436,2024/4/11
Dalbergia_cochinchinensis,CDS,Dalbergia_cochinchinensis.rga.cds.fa,http://plantrg.bio2db.com/Dalbergia_cochinchinensis.rga.cds.fa,3.2MB,3355443,2024/4/8
Dalbergia_cochinchinensis,protein,Dalbergia_cochinchinensis.rga.pro.fa,http://plantrg.bio2db.com/Dalbergia_cochinchinensis.rga.pro.fa,1.1MB,1153433,2024/4/8
Dalbergia_cultrata,CDS,Dalbergia_cultrata.rga.cds.fa,http://plantrg.bio2db.com/Dalbergia_cultrata.rga.cds.fa,3.8MB,3984588,2024/4/8
Dalbergia_cultrata,protein,Dalbergia_cultrata.rga.pro.fa,http://plantrg.bio2db.com/Dalbergia_cultrata.rga.pro.fa,1.3MB,1363148,2024/4/8
Dalbergia_odorifera,CDS,Dalbergia_odorifera.rga.cds.fa,http://plantrg.bio2db.com/Dalbergia_odorifera.rga.cds.fa,2.5MB,2621440,2024/4/11
Dalbergia_odorifera,protein,Dalbergia_odorifera.rga.pro.fa,http://plantrg.bio2db.com/Dalbergia_odorifera.rga.pro.fa,865.4KB,886169,2024/4/11
Datisca_glomerata,CDS,Datisca_glomerata.rga.cds.fa,http://plantrg.bio2db.com/Datisca_glomerata.rga.cds.fa,1.9MB,1992294,2024/4/11
Datisca_glomerata,protein,Datisca_glomerata.rga.pro.fa,http://plantrg.bio2db.com/Datisca_glomerata.rga.pro.fa,660.3KB,676147,2024/4/11
Datura_inoxia,CDS,Datura_inoxia.rga.cds.fa,http://plantrg.bio2db.com/Datura_inoxia.rga.cds.fa,3.2MB,3355443,2024/4/8
Datura_inoxia,protein,Datura_inoxia.rga.pro.fa,http://plantrg.bio2db.com/Datura_inoxia.rga.pro.fa,1.1MB,1153433,2024/4/8
Daucus_carota,CDS,Daucus_carota.rga.cds.fa,http://plantrg.bio2db.com/Daucus_carota.rga.cds.fa,3.1MB,3250585,2024/4/8
Daucus_carota,protein,Daucus_carota.rga.pro.fa,http://plantrg.bio2db.com/Daucus_carota.rga.pro.fa,1.0MB,1048576,2024/4/8
Davidia_involucrata,CDS,Davidia_involucrata.rga.cds.fa,http://plantrg.bio2db.com/Davidia_involucrata.rga.cds.fa,4.4MB,4613734,2024/4/8
Davidia_involucrata,protein,Davidia_involucrata.rga.pro.fa,http://plantrg.bio2db.com/Davidia_involucrata.rga.pro.fa,1.5MB,1572864,2024/4/8
Dendrobium_chrysotoxum,CDS,Dendrobium_chrysotoxum.rga.cds.fa,http://plantrg.bio2db.com/Dendrobium_chrysotoxum.rga.cds.fa,1.9MB,1992294,2024/4/11
Dendrobium_chrysotoxum,protein,Dendrobium_chrysotoxum.rga.pro.fa,http://plantrg.bio2db.com/Dendrobium_chrysotoxum.rga.pro.fa,656.2KB,671948,2024/4/11
Dendrobium_huoshanense,CDS,Dendrobium_huoshanense.rga.cds.fa,http://plantrg.bio2db.com/Dendrobium_huoshanense.rga.cds.fa,1.5MB,1572864,2024/4/8
Dendrobium_huoshanense,protein,Dendrobium_huoshanense.rga.pro.fa,http://plantrg.bio2db.com/Dendrobium_huoshanense.rga.pro.fa,521.1KB,533606,2024/4/8
Dendrobium_hybrid_cultivar,CDS,Dendrobium_hybrid_cultivar.rga.cds.fa,http://plantrg.bio2db.com/Dendrobium_hybrid_cultivar.rga.cds.fa,973.8KB,997171,2024/4/8
Dendrobium_hybrid_cultivar,protein,Dendrobium_hybrid_cultivar.rga.pro.fa,http://plantrg.bio2db.com/Dendrobium_hybrid_cultivar.rga.pro.fa,347.2KB,355532,2024/4/8
Dendrobium_nobile,CDS,Dendrobium_nobile.rga.cds.fa,http://plantrg.bio2db.com/Dendrobium_nobile.rga.cds.fa,2.2MB,2306867,2024/4/11
Dendrobium_nobile,protein,Dendrobium_nobile.rga.pro.fa,http://plantrg.bio2db.com/Dendrobium_nobile.rga.pro.fa,776.6KB,795238,2024/4/11
Dendrocalamus_latiflorus,CDS,Dendrocalamus_latiflorus.rga.cds.fa,http://plantrg.bio2db.com/Dendrocalamus_latiflorus.rga.cds.fa,12.1MB,12687769,2024/4/11
Dendrocalamus_latiflorus,protein,Dendrocalamus_latiflorus.rga.pro.fa,http://plantrg.bio2db.com/Dendrocalamus_latiflorus.rga.pro.fa,4.2MB,4404019,2024/4/11
Dianthus_caryophyllus,CDS,Dianthus_caryophyllus.rga.cds.fa,http://plantrg.bio2db.com/Dianthus_caryophyllus.rga.cds.fa,3.4MB,3565158,2024/4/8
Dianthus_caryophyllus,protein,Dianthus_caryophyllus.rga.pro.fa,http://plantrg.bio2db.com/Dianthus_caryophyllus.rga.pro.fa,1.2MB,1258291,2024/4/8
Dichanthelium_oligosanthes,CDS,Dichanthelium_oligosanthes.rga.cds.fa,http://plantrg.bio2db.com/Dichanthelium_oligosanthes.rga.cds.fa,2.6MB,2726297,2024/4/11
Dichanthelium_oligosanthes,protein,Dichanthelium_oligosanthes.rga.pro.fa,http://plantrg.bio2db.com/Dichanthelium_oligosanthes.rga.pro.fa,919.7KB,941772,2024/4/11
Dimocarpus_longan,CDS,Dimocarpus_longan.rga.cds.fa,http://plantrg.bio2db.com/Dimocarpus_longan.rga.cds.fa,5.7MB,5976883,2024/4/8
Dimocarpus_longan,protein,Dimocarpus_longan.rga.pro.fa,http://plantrg.bio2db.com/Dimocarpus_longan.rga.pro.fa,1.9MB,1992294,2024/4/8
Dionaea_muscipula,CDS,Dionaea_muscipula.rga.cds.fa,http://plantrg.bio2db.com/Dionaea_muscipula.rga.cds.fa,1.4MB,1468006,2024/4/11
Dionaea_muscipula,protein,Dionaea_muscipula.rga.pro.fa,http://plantrg.bio2db.com/Dionaea_muscipula.rga.pro.fa,484.5KB,496128,2024/4/11
Dioscorea_alata,CDS,Dioscorea_alata.rga.cds.fa,http://plantrg.bio2db.com/Dioscorea_alata.rga.cds.fa,3.4MB,3565158,2024/4/11
Dioscorea_alata,protein,Dioscorea_alata.rga.pro.fa,http://plantrg.bio2db.com/Dioscorea_alata.rga.pro.fa,1.2MB,1258291,2024/4/11
Dioscorea_dumetorum,CDS,Dioscorea_dumetorum.rga.cds.fa,http://plantrg.bio2db.com/Dioscorea_dumetorum.rga.cds.fa,3.2MB,3355443,2024/4/11
Dioscorea_dumetorum,protein,Dioscorea_dumetorum.rga.pro.fa,http://plantrg.bio2db.com/Dioscorea_dumetorum.rga.pro.fa,1.1MB,1153433,2024/4/11
Dioscorea_zingiberensis,CDS,Dioscorea_zingiberensis.rga.cds.fa,http://plantrg.bio2db.com/Dioscorea_zingiberensis.rga.cds.fa,2.7MB,2831155,2024/4/8
Dioscorea_zingiberensis,protein,Dioscorea_zingiberensis.rga.pro.fa,http://plantrg.bio2db.com/Dioscorea_zingiberensis.rga.pro.fa,923.6KB,945766,2024/4/8
Diospyros_lotus,CDS,Diospyros_lotus.rga.cds.fa,http://plantrg.bio2db.com/Diospyros_lotus.rga.cds.fa,3.8MB,3984588,2024/4/11
Diospyros_lotus,protein,Diospyros_lotus.rga.pro.fa,http://plantrg.bio2db.com/Diospyros_lotus.rga.pro.fa,1.3MB,1363148,2024/4/11
Diospyros_oleifera,CDS,Diospyros_oleifera.rga.cds.fa,http://plantrg.bio2db.com/Diospyros_oleifera.rga.cds.fa,2.3MB,2411724,2024/4/8
Diospyros_oleifera,protein,Diospyros_oleifera.rga.pro.fa,http://plantrg.bio2db.com/Diospyros_oleifera.rga.pro.fa,811.2KB,830668,2024/4/8
Diplotaxis_acris,CDS,Diplotaxis_acris.rga.cds.fa,http://plantrg.bio2db.com/Diplotaxis_acris.rga.cds.fa,4.5MB,4718592,2024/4/8
Diplotaxis_acris,protein,Diplotaxis_acris.rga.pro.fa,http://plantrg.bio2db.com/Diplotaxis_acris.rga.pro.fa,1.5MB,1572864,2024/4/8
Diplotaxis_erucoides,CDS,Diplotaxis_erucoides.rga.cds.fa,http://plantrg.bio2db.com/Diplotaxis_erucoides.rga.cds.fa,4.9MB,5138022,2024/4/8
Diplotaxis_erucoides,protein,Diplotaxis_erucoides.rga.pro.fa,http://plantrg.bio2db.com/Diplotaxis_erucoides.rga.pro.fa,1.7MB,1782579,2024/4/8
Diplotaxis_harra,CDS,Diplotaxis_harra.rga.cds.fa,http://plantrg.bio2db.com/Diplotaxis_harra.rga.cds.fa,4.6MB,4823449,2024/4/8
Diplotaxis_harra,protein,Diplotaxis_harra.rga.pro.fa,http://plantrg.bio2db.com/Diplotaxis_harra.rga.pro.fa,1.6MB,1677721,2024/4/8
Diplotaxis_muralis,CDS,Diplotaxis_muralis.rga.cds.fa,http://plantrg.bio2db.com/Diplotaxis_muralis.rga.cds.fa,8.0MB,8388608,2024/4/8
Diplotaxis_muralis,protein,Diplotaxis_muralis.rga.pro.fa,http://plantrg.bio2db.com/Diplotaxis_muralis.rga.pro.fa,2.7MB,2831155,2024/4/8
Diplotaxis_tenuifolia,CDS,Diplotaxis_tenuifolia.rga.cds.fa,http://plantrg.bio2db.com/Diplotaxis_tenuifolia.rga.cds.fa,4.1MB,4299161,2024/4/8
Diplotaxis_tenuifolia,protein,Diplotaxis_tenuifolia.rga.pro.fa,http://plantrg.bio2db.com/Diplotaxis_tenuifolia.rga.pro.fa,1.4MB,1468006,2024/4/8
Diplotaxis_tenuisiliqua,CDS,Diplotaxis_tenuisiliqua.rga.cds.fa,http://plantrg.bio2db.com/Diplotaxis_tenuisiliqua.rga.cds.fa,3.5MB,3670016,2024/4/8
Diplotaxis_tenuisiliqua,protein,Diplotaxis_tenuisiliqua.rga.pro.fa,http://plantrg.bio2db.com/Diplotaxis_tenuisiliqua.rga.pro.fa,1.2MB,1258291,2024/4/8
Diplotaxis_viminea,CDS,Diplotaxis_viminea.rga.cds.fa,http://plantrg.bio2db.com/Diplotaxis_viminea.rga.cds.fa,3.6MB,3774873,2024/4/8
Diplotaxis_viminea,protein,Diplotaxis_viminea.rga.pro.fa,http://plantrg.bio2db.com/Diplotaxis_viminea.rga.pro.fa,1.2MB,1258291,2024/4/8
Dipteronia_dyeriana,CDS,Dipteronia_dyeriana.rga.cds.fa,http://plantrg.bio2db.com/Dipteronia_dyeriana.rga.cds.fa,2.7MB,2831155,2024/4/8
Dipteronia_dyeriana,protein,Dipteronia_dyeriana.rga.pro.fa,http://plantrg.bio2db.com/Dipteronia_dyeriana.rga.pro.fa,951.4KB,974233,2024/4/8
Dipteronia_sinensis,CDS,Dipteronia_sinensis.rga.cds.fa,http://plantrg.bio2db.com/Dipteronia_sinensis.rga.cds.fa,2.4MB,2516582,2024/4/8
Dipteronia_sinensis,protein,Dipteronia_sinensis.rga.pro.fa,http://plantrg.bio2db.com/Dipteronia_sinensis.rga.pro.fa,831.6KB,851558,2024/4/8
Discaria_trinervis,CDS,Discaria_trinervis.rga.cds.fa,http://plantrg.bio2db.com/Discaria_trinervis.rga.cds.fa,3.0MB,3145728,2024/4/8
Discaria_trinervis,protein,Discaria_trinervis.rga.pro.fa,http://plantrg.bio2db.com/Discaria_trinervis.rga.pro.fa,1.0MB,1048576,2024/4/8
Draba_nivalis,CDS,Draba_nivalis.rga.cds.fa,http://plantrg.bio2db.com/Draba_nivalis.rga.cds.fa,3.7MB,3879731,2024/4/8
Draba_nivalis,protein,Draba_nivalis.rga.pro.fa,http://plantrg.bio2db.com/Draba_nivalis.rga.pro.fa,1.3MB,1363148,2024/4/8
Drosera_spatulata,CDS,Drosera_spatulata.rga.cds.fa,http://plantrg.bio2db.com/Drosera_spatulata.rga.cds.fa,1.6MB,1677721,2024/4/11
Drosera_spatulata,protein,Drosera_spatulata.rga.pro.fa,http://plantrg.bio2db.com/Drosera_spatulata.rga.pro.fa,567.5KB,581120,2024/4/11
Dryas_drummondii,CDS,Dryas_drummondii.rga.cds.fa,http://plantrg.bio2db.com/Dryas_drummondii.rga.cds.fa,2.9MB,3040870,2024/4/8
Dryas_drummondii,protein,Dryas_drummondii.rga.pro.fa,http://plantrg.bio2db.com/Dryas_drummondii.rga.pro.fa,994.0KB,1017856,2024/4/8
Dunaliella_salina,CDS,Dunaliella_salina.rga.cds.fa,http://plantrg.bio2db.com/Dunaliella_salina.rga.cds.fa,531.0KB,543744,2024/4/8
Dunaliella_salina,protein,Dunaliella_salina.rga.pro.fa,http://plantrg.bio2db.com/Dunaliella_salina.rga.pro.fa,181.8KB,186163,2024/4/8
Durio_zibethinus,CDS,Durio_zibethinus.rga.cds.fa,http://plantrg.bio2db.com/Durio_zibethinus.rga.cds.fa,43.4KB,44441,2024/4/8
Durio_zibethinus,protein,Durio_zibethinus.rga.pro.fa,http://plantrg.bio2db.com/Durio_zibethinus.rga.pro.fa,14.6KB,14950,2024/4/8
Echinochloa_colona,CDS,Echinochloa_colona.rga.cds.fa,http://plantrg.bio2db.com/Echinochloa_colona.rga.cds.fa,7.8MB,8178892,2024/4/11
Echinochloa_colona,protein,Echinochloa_colona.rga.pro.fa,http://plantrg.bio2db.com/Echinochloa_colona.rga.pro.fa,2.6MB,2726297,2024/4/11
Echinochloa_crusgalli,CDS,Echinochloa_crusgalli.rga.cds.fa,http://plantrg.bio2db.com/Echinochloa_crusgalli.rga.cds.fa,8.1MB,8493465,2024/4/11
Echinochloa_crusgalli,protein,Echinochloa_crusgalli.rga.pro.fa,http://plantrg.bio2db.com/Echinochloa_crusgalli.rga.pro.fa,2.7MB,2831155,2024/4/11
Echinochloa_haploclada,CDS,Echinochloa_haploclada.rga.cds.fa,http://plantrg.bio2db.com/Echinochloa_haploclada.rga.cds.fa,3.4MB,3565158,2024/4/8
Echinochloa_haploclada,protein,Echinochloa_haploclada.rga.pro.fa,http://plantrg.bio2db.com/Echinochloa_haploclada.rga.pro.fa,1.2MB,1258291,2024/4/8
Echinochloa_oryzicola,CDS,Echinochloa_oryzicola.rga.cds.fa,http://plantrg.bio2db.com/Echinochloa_oryzicola.rga.cds.fa,5.3MB,5557452,2024/4/11
Echinochloa_oryzicola,protein,Echinochloa_oryzicola.rga.pro.fa,http://plantrg.bio2db.com/Echinochloa_oryzicola.rga.pro.fa,1.8MB,1887436,2024/4/11
Edaphochlamys_debaryana,CDS,Edaphochlamys_debaryana.rga.cds.fa,http://plantrg.bio2db.com/Edaphochlamys_debaryana.rga.cds.fa,2.9MB,3040870,2024/4/8
Edaphochlamys_debaryana,protein,Edaphochlamys_debaryana.rga.pro.fa,http://plantrg.bio2db.com/Edaphochlamys_debaryana.rga.pro.fa,997.7KB,1021644,2024/4/8
Elaeagnus_angustifolia,CDS,Elaeagnus_angustifolia.rga.cds.fa,http://plantrg.bio2db.com/Elaeagnus_angustifolia.rga.cds.fa,2.9MB,3040870,2024/4/8
Elaeagnus_angustifolia,protein,Elaeagnus_angustifolia.rga.pro.fa,http://plantrg.bio2db.com/Elaeagnus_angustifolia.rga.pro.fa,1010.7KB,1034956,2024/4/8
Elaeagnus_mollis,CDS,Elaeagnus_mollis.rga.cds.fa,http://plantrg.bio2db.com/Elaeagnus_mollis.rga.cds.fa,2.6MB,2726297,2024/4/8
Elaeagnus_mollis,protein,Elaeagnus_mollis.rga.pro.fa,http://plantrg.bio2db.com/Elaeagnus_mollis.rga.pro.fa,889.6KB,910950,2024/4/8
Eleusine_coracana,CDS,Eleusine_coracana.rga.cds.fa,http://plantrg.bio2db.com/Eleusine_coracana.rga.cds.fa,5.0MB,5242880,2024/4/8
Eleusine_coracana,protein,Eleusine_coracana.rga.pro.fa,http://plantrg.bio2db.com/Eleusine_coracana.rga.pro.fa,1.7MB,1782579,2024/4/8
Eleusine_indica,CDS,Eleusine_indica.rga.cds.fa,http://plantrg.bio2db.com/Eleusine_indica.rga.cds.fa,2.0MB,2097152,2024/4/8
Eleusine_indica,protein,Eleusine_indica.rga.pro.fa,http://plantrg.bio2db.com/Eleusine_indica.rga.pro.fa,704.0KB,720896,2024/4/8
Ensete_glaucum,CDS,Ensete_glaucum.rga.cds.fa,http://plantrg.bio2db.com/Ensete_glaucum.rga.cds.fa,2.8MB,2936012,2024/4/11
Ensete_glaucum,protein,Ensete_glaucum.rga.pro.fa,http://plantrg.bio2db.com/Ensete_glaucum.rga.pro.fa,974.0KB,997376,2024/4/11
Ensete_ventricosum,CDS,Ensete_ventricosum.rga.cds.fa,http://plantrg.bio2db.com/Ensete_ventricosum.rga.cds.fa,1.9MB,1992294,2024/4/11
Ensete_ventricosum,protein,Ensete_ventricosum.rga.pro.fa,http://plantrg.bio2db.com/Ensete_ventricosum.rga.pro.fa,655.0KB,670720,2024/4/11
Entada_phaseoloides,CDS,Entada_phaseoloides.rga.cds.fa,http://plantrg.bio2db.com/Entada_phaseoloides.rga.cds.fa,2.3MB,2411724,2024/4/8
Entada_phaseoloides,protein,Entada_phaseoloides.rga.pro.fa,http://plantrg.bio2db.com/Entada_phaseoloides.rga.pro.fa,788.6KB,807526,2024/4/8
Epimedium_pubescens,CDS,Epimedium_pubescens.rga.cds.fa,http://plantrg.bio2db.com/Epimedium_pubescens.rga.cds.fa,3.2MB,3355443,2024/4/11
Epimedium_pubescens,protein,Epimedium_pubescens.rga.pro.fa,http://plantrg.bio2db.com/Epimedium_pubescens.rga.pro.fa,1.1MB,1153433,2024/4/11
Eragrostis_curvula,CDS,Eragrostis_curvula.rga.cds.fa,http://plantrg.bio2db.com/Eragrostis_curvula.rga.cds.fa,5.8MB,6081740,2024/4/11
Eragrostis_curvula,protein,Eragrostis_curvula.rga.pro.fa,http://plantrg.bio2db.com/Eragrostis_curvula.rga.pro.fa,2.0MB,2097152,2024/4/11
Eragrostis_nindensis,CDS,Eragrostis_nindensis.rga.cds.fa,http://plantrg.bio2db.com/Eragrostis_nindensis.rga.cds.fa,10.6MB,11114905,2024/4/8
Eragrostis_nindensis,protein,Eragrostis_nindensis.rga.pro.fa,http://plantrg.bio2db.com/Eragrostis_nindensis.rga.pro.fa,3.6MB,3774873,2024/4/8
Eragrostis_tef,CDS,Eragrostis_tef.rga.cds.fa,http://plantrg.bio2db.com/Eragrostis_tef.rga.cds.fa,7.2MB,7549747,2024/4/8
Eragrostis_tef,protein,Eragrostis_tef.rga.pro.fa,http://plantrg.bio2db.com/Eragrostis_tef.rga.pro.fa,2.5MB,2621440,2024/4/8
Eremochloa_ophiuroides,CDS,Eremochloa_ophiuroides.rga.cds.fa,http://plantrg.bio2db.com/Eremochloa_ophiuroides.rga.cds.fa,4.3MB,4508876,2024/4/11
Eremochloa_ophiuroides,protein,Eremochloa_ophiuroides.rga.pro.fa,http://plantrg.bio2db.com/Eremochloa_ophiuroides.rga.pro.fa,1.5MB,1572864,2024/4/11
Erianthus_fulvus,CDS,Erianthus_fulvus.rga.cds.fa,http://plantrg.bio2db.com/Erianthus_fulvus.rga.cds.fa,4.0MB,4194304,2024/4/8
Erianthus_fulvus,protein,Erianthus_fulvus.rga.pro.fa,http://plantrg.bio2db.com/Erianthus_fulvus.rga.pro.fa,1.4MB,1468006,2024/4/8
Erianthus_rufipilus,CDS,Erianthus_rufipilus.rga.cds.fa,http://plantrg.bio2db.com/Erianthus_rufipilus.rga.cds.fa,4.9MB,5138022,2024/4/8
Erianthus_rufipilus,protein,Erianthus_rufipilus.rga.pro.fa,http://plantrg.bio2db.com/Erianthus_rufipilus.rga.pro.fa,1.7MB,1782579,2024/4/8
Eriobotrya_japonica,CDS,Eriobotrya_japonica.rga.cds.fa,http://plantrg.bio2db.com/Eriobotrya_japonica.rga.cds.fa,6.2MB,6501171,2024/4/11
Eriobotrya_japonica,protein,Eriobotrya_japonica.rga.pro.fa,http://plantrg.bio2db.com/Eriobotrya_japonica.rga.pro.fa,2.1MB,2202009,2024/4/11
Erythranthe_guttatus,CDS,Erythranthe_guttatus.rga.cds.fa,http://plantrg.bio2db.com/Erythranthe_guttatus.rga.cds.fa,3.2MB,3355443,2024/4/8
Erythranthe_guttatus,protein,Erythranthe_guttatus.rga.pro.fa,http://plantrg.bio2db.com/Erythranthe_guttatus.rga.pro.fa,1.1MB,1153433,2024/4/8
Erythranthe_luteus,CDS,Erythranthe_luteus.rga.cds.fa,http://plantrg.bio2db.com/Erythranthe_luteus.rga.cds.fa,4.7MB,4928307,2024/4/8
Erythranthe_luteus,protein,Erythranthe_luteus.rga.pro.fa,http://plantrg.bio2db.com/Erythranthe_luteus.rga.pro.fa,1.6MB,1677721,2024/4/8
Erythroxylum_novogranatense,CDS,Erythroxylum_novogranatense.rga.cds.fa,http://plantrg.bio2db.com/Erythroxylum_novogranatense.rga.cds.fa,2.9MB,3040870,2024/4/8
Erythroxylum_novogranatense,protein,Erythroxylum_novogranatense.rga.pro.fa,http://plantrg.bio2db.com/Erythroxylum_novogranatense.rga.pro.fa,1.0MB,1048576,2024/4/8
Eucalyptus_grandis,CDS,Eucalyptus_grandis.rga.cds.fa,http://plantrg.bio2db.com/Eucalyptus_grandis.rga.cds.fa,7.4MB,7759462,2024/4/11
Eucalyptus_grandis,protein,Eucalyptus_grandis.rga.pro.fa,http://plantrg.bio2db.com/Eucalyptus_grandis.rga.pro.fa,2.5MB,2621440,2024/4/11
Eucommia_ulmoides,CDS,Eucommia_ulmoides.rga.cds.fa,http://plantrg.bio2db.com/Eucommia_ulmoides.rga.cds.fa,1.8MB,1887436,2024/4/11
Eucommia_ulmoides,protein,Eucommia_ulmoides.rga.pro.fa,http://plantrg.bio2db.com/Eucommia_ulmoides.rga.pro.fa,629.6KB,644710,2024/4/11
Euphorbia_lathyris,CDS,Euphorbia_lathyris.rga.cds.fa,http://plantrg.bio2db.com/Euphorbia_lathyris.rga.cds.fa,2.6MB,2726297,2024/4/11
Euphorbia_lathyris,protein,Euphorbia_lathyris.rga.pro.fa,http://plantrg.bio2db.com/Euphorbia_lathyris.rga.pro.fa,911.6KB,933478,2024/4/11
Euryale_ferox,CDS,Euryale_ferox.rga.cds.fa,http://plantrg.bio2db.com/Euryale_ferox.rga.cds.fa,3.7MB,3879731,2024/4/11
Euryale_ferox,protein,Euryale_ferox.rga.pro.fa,http://plantrg.bio2db.com/Euryale_ferox.rga.pro.fa,1.3MB,1363148,2024/4/11
Euscaphis_japonica,CDS,Euscaphis_japonica.rga.cds.fa,http://plantrg.bio2db.com/Euscaphis_japonica.rga.cds.fa,2.9MB,3040870,2024/4/8
Euscaphis_japonica,protein,Euscaphis_japonica.rga.pro.fa,http://plantrg.bio2db.com/Euscaphis_japonica.rga.pro.fa,1012.3KB,1036595,2024/4/8
Eutrema_japonicum,CDS,Eutrema_japonicum.rga.cds.fa,http://plantrg.bio2db.com/Eutrema_japonicum.rga.cds.fa,1.4MB,1468006,2024/4/8
Eutrema_japonicum,protein,Eutrema_japonicum.rga.pro.fa,http://plantrg.bio2db.com/Eutrema_japonicum.rga.pro.fa,502.8KB,514867,2024/4/8
Eutrema_salsugineum,CDS,Eutrema_salsugineum.rga.cds.fa,http://plantrg.bio2db.com/Eutrema_salsugineum.rga.cds.fa,2.5MB,2621440,2024/4/11
Eutrema_salsugineum,protein,Eutrema_salsugineum.rga.pro.fa,http://plantrg.bio2db.com/Eutrema_salsugineum.rga.pro.fa,853.2KB,873676,2024/4/11
Fagopyrum_cymosum,CDS,Fagopyrum_cymosum.rga.cds.fa,http://plantrg.bio2db.com/Fagopyrum_cymosum.rga.cds.fa,2.9MB,3040870,2024/4/8
Fagopyrum_cymosum,protein,Fagopyrum_cymosum.rga.pro.fa,http://plantrg.bio2db.com/Fagopyrum_cymosum.rga.pro.fa,995.9KB,1019801,2024/4/8
Fagopyrum_esculentum,CDS,Fagopyrum_esculentum.rga.cds.fa,http://plantrg.bio2db.com/Fagopyrum_esculentum.rga.cds.fa,3.3MB,3460300,2024/4/11
Fagopyrum_esculentum,protein,Fagopyrum_esculentum.rga.pro.fa,http://plantrg.bio2db.com/Fagopyrum_esculentum.rga.pro.fa,1.1MB,1153433,2024/4/11
Fagopyrum_homotropicum,CDS,Fagopyrum_homotropicum.rga.cds.fa,http://plantrg.bio2db.com/Fagopyrum_homotropicum.rga.cds.fa,1.7MB,1782579,2024/4/8
Fagopyrum_homotropicum,protein,Fagopyrum_homotropicum.rga.pro.fa,http://plantrg.bio2db.com/Fagopyrum_homotropicum.rga.pro.fa,599.6KB,613990,2024/4/8
Fagopyrum_tataricum,CDS,Fagopyrum_tataricum.rga.cds.fa,http://plantrg.bio2db.com/Fagopyrum_tataricum.rga.cds.fa,2.3MB,2411724,2024/4/11
Fagopyrum_tataricum,protein,Fagopyrum_tataricum.rga.pro.fa,http://plantrg.bio2db.com/Fagopyrum_tataricum.rga.pro.fa,797.4KB,816537,2024/4/11
Faidherbia_albida,CDS,Faidherbia_albida.rga.cds.fa,http://plantrg.bio2db.com/Faidherbia_albida.rga.cds.fa,3.5MB,3670016,2024/4/11
Faidherbia_albida,protein,Faidherbia_albida.rga.pro.fa,http://plantrg.bio2db.com/Faidherbia_albida.rga.pro.fa,1.2MB,1258291,2024/4/11
Fallopia_multiflora,CDS,Fallopia_multiflora.rga.cds.fa,http://plantrg.bio2db.com/Fallopia_multiflora.rga.cds.fa,3.2MB,3355443,2024/4/8
Fallopia_multiflora,protein,Fallopia_multiflora.rga.pro.fa,http://plantrg.bio2db.com/Fallopia_multiflora.rga.pro.fa,1.1MB,1153433,2024/4/8
Ficus_carica,CDS,Ficus_carica.rga.cds.fa,http://plantrg.bio2db.com/Ficus_carica.rga.cds.fa,2.9MB,3040870,2024/4/8
Ficus_carica,protein,Ficus_carica.rga.pro.fa,http://plantrg.bio2db.com/Ficus_carica.rga.pro.fa,995.6KB,1019494,2024/4/8
Ficus_hispida,CDS,Ficus_hispida.rga.cds.fa,http://plantrg.bio2db.com/Ficus_hispida.rga.cds.fa,4.1MB,4299161,2024/4/8
Ficus_hispida,protein,Ficus_hispida.rga.pro.fa,http://plantrg.bio2db.com/Ficus_hispida.rga.pro.fa,1.4MB,1468006,2024/4/8
Ficus_microcarpa,CDS,Ficus_microcarpa.rga.cds.fa,http://plantrg.bio2db.com/Ficus_microcarpa.rga.cds.fa,3.6MB,3774873,2024/4/8
Ficus_microcarpa,protein,Ficus_microcarpa.rga.pro.fa,http://plantrg.bio2db.com/Ficus_microcarpa.rga.pro.fa,1.2MB,1258291,2024/4/8
Fontinalis_antipyretica,CDS,Fontinalis_antipyretica.rga.cds.fa,http://plantrg.bio2db.com/Fontinalis_antipyretica.rga.cds.fa,1.1MB,1153433,2024/4/8
Fontinalis_antipyretica,protein,Fontinalis_antipyretica.rga.pro.fa,http://plantrg.bio2db.com/Fontinalis_antipyretica.rga.pro.fa,395.6KB,405094,2024/4/8
Fragaria_ananassa,CDS,Fragaria_ananassa.rga.cds.fa,http://plantrg.bio2db.com/Fragaria_ananassa.rga.cds.fa,11.0MB,11534336,2024/4/8
Fragaria_ananassa,protein,Fragaria_ananassa.rga.pro.fa,http://plantrg.bio2db.com/Fragaria_ananassa.rga.pro.fa,3.8MB,3984588,2024/4/8
Fragaria_daltoniana,CDS,Fragaria_daltoniana.rga.cds.fa,http://plantrg.bio2db.com/Fragaria_daltoniana.rga.cds.fa,2.7MB,2831155,2024/4/11
Fragaria_daltoniana,protein,Fragaria_daltoniana.rga.pro.fa,http://plantrg.bio2db.com/Fragaria_daltoniana.rga.pro.fa,929.0KB,951296,2024/4/11
Fragaria_iinumae,CDS,Fragaria_iinumae.rga.cds.fa,http://plantrg.bio2db.com/Fragaria_iinumae.rga.cds.fa,2.5MB,2621440,2024/4/11
Fragaria_iinumae,protein,Fragaria_iinumae.rga.pro.fa,http://plantrg.bio2db.com/Fragaria_iinumae.rga.pro.fa,858.1KB,878694,2024/4/11
Fragaria_mandshurica,CDS,Fragaria_mandshurica.rga.cds.fa,http://plantrg.bio2db.com/Fragaria_mandshurica.rga.cds.fa,1.9MB,1992294,2024/4/11
Fragaria_mandshurica,protein,Fragaria_mandshurica.rga.pro.fa,http://plantrg.bio2db.com/Fragaria_mandshurica.rga.pro.fa,665.6KB,681574,2024/4/11
Fragaria_nilgerrensis,CDS,Fragaria_nilgerrensis.rga.cds.fa,http://plantrg.bio2db.com/Fragaria_nilgerrensis.rga.cds.fa,1.9MB,1992294,2024/4/11
Fragaria_nilgerrensis,protein,Fragaria_nilgerrensis.rga.pro.fa,http://plantrg.bio2db.com/Fragaria_nilgerrensis.rga.pro.fa,678.9KB,695193,2024/4/11
Fragaria_nubicola,CDS,Fragaria_nubicola.rga.cds.fa,http://plantrg.bio2db.com/Fragaria_nubicola.rga.cds.fa,2.2MB,2306867,2024/4/11
Fragaria_nubicola,protein,Fragaria_nubicola.rga.pro.fa,http://plantrg.bio2db.com/Fragaria_nubicola.rga.pro.fa,762.4KB,780697,2024/4/11
Fragaria_pentaphylla,CDS,Fragaria_pentaphylla.rga.cds.fa,http://plantrg.bio2db.com/Fragaria_pentaphylla.rga.cds.fa,1.8MB,1887436,2024/4/11
Fragaria_pentaphylla,protein,Fragaria_pentaphylla.rga.pro.fa,http://plantrg.bio2db.com/Fragaria_pentaphylla.rga.pro.fa,615.3KB,630067,2024/4/11
Fragaria_vesca,CDS,Fragaria_vesca.rga.cds.fa,http://plantrg.bio2db.com/Fragaria_vesca.rga.cds.fa,4.4MB,4613734,2024/4/11
Fragaria_vesca,protein,Fragaria_vesca.rga.pro.fa,http://plantrg.bio2db.com/Fragaria_vesca.rga.pro.fa,1.2MB,1258291,2024/4/11
Fragaria_x_ananassa,CDS,Fragaria_x_ananassa.rga.cds.fa,http://plantrg.bio2db.com/Fragaria_x_ananassa.rga.cds.fa,10.9MB,11429478,2024/4/8
Fragaria_x_ananassa,protein,Fragaria_x_ananassa.rga.pro.fa,http://plantrg.bio2db.com/Fragaria_x_ananassa.rga.pro.fa,3.8MB,3984588,2024/4/8
Fraxinus_excelsior,CDS,Fraxinus_excelsior.rga.cds.fa,http://plantrg.bio2db.com/Fraxinus_excelsior.rga.cds.fa,3.6MB,3774873,2024/4/11
Fraxinus_excelsior,protein,Fraxinus_excelsior.rga.pro.fa,http://plantrg.bio2db.com/Fraxinus_excelsior.rga.pro.fa,1.2MB,1258291,2024/4/11
Fraxinus_pennsylvanica,CDS,Fraxinus_pennsylvanica.rga.cds.fa,http://plantrg.bio2db.com/Fraxinus_pennsylvanica.rga.cds.fa,3.1MB,3250585,2024/4/11
Fraxinus_pennsylvanica,protein,Fraxinus_pennsylvanica.rga.pro.fa,http://plantrg.bio2db.com/Fraxinus_pennsylvanica.rga.pro.fa,1.0MB,1048576,2024/4/11
Galdieria_sulphuraria,CDS,Galdieria_sulphuraria.rga.cds.fa,http://plantrg.bio2db.com/Galdieria_sulphuraria.rga.cds.fa,210.9KB,215961,2024/4/8
Galdieria_sulphuraria,protein,Galdieria_sulphuraria.rga.pro.fa,http://plantrg.bio2db.com/Galdieria_sulphuraria.rga.pro.fa,72.0KB,73728,2024/4/8
Gastrodia_elata,CDS,Gastrodia_elata.rga.cds.fa,http://plantrg.bio2db.com/Gastrodia_elata.rga.cds.fa,2.1MB,2202009,2024/4/8
Gastrodia_elata,protein,Gastrodia_elata.rga.pro.fa,http://plantrg.bio2db.com/Gastrodia_elata.rga.pro.fa,739.1KB,756838,2024/4/8
Gastrodia_menghaiensis,CDS,Gastrodia_menghaiensis.rga.cds.fa,http://plantrg.bio2db.com/Gastrodia_menghaiensis.rga.cds.fa,1.2MB,1258291,2024/4/11
Gastrodia_menghaiensis,protein,Gastrodia_menghaiensis.rga.pro.fa,http://plantrg.bio2db.com/Gastrodia_menghaiensis.rga.pro.fa,413.5KB,423424,2024/4/11
Genlisea_aurea,CDS,Genlisea_aurea.rga.cds.fa,http://plantrg.bio2db.com/Genlisea_aurea.rga.cds.fa,926.6KB,948838,2024/4/11
Genlisea_aurea,protein,Genlisea_aurea.rga.pro.fa,http://plantrg.bio2db.com/Genlisea_aurea.rga.pro.fa,317.0KB,324608,2024/4/11
Gilia_yorkii,CDS,Gilia_yorkii.rga.cds.fa,http://plantrg.bio2db.com/Gilia_yorkii.rga.cds.fa,3.8MB,3984588,2024/4/11
Gilia_yorkii,protein,Gilia_yorkii.rga.pro.fa,http://plantrg.bio2db.com/Gilia_yorkii.rga.pro.fa,1.3MB,1363148,2024/4/11
Gillenia_trifoliata,CDS,Gillenia_trifoliata.rga.cds.fa,http://plantrg.bio2db.com/Gillenia_trifoliata.rga.cds.fa,2.5MB,2621440,2024/4/11
Gillenia_trifoliata,protein,Gillenia_trifoliata.rga.pro.fa,http://plantrg.bio2db.com/Gillenia_trifoliata.rga.pro.fa,853.7KB,874188,2024/4/11
Ginkgo_biloba,CDS,Ginkgo_biloba.rga.cds.fa,http://plantrg.bio2db.com/Ginkgo_biloba.rga.cds.fa,3.2MB,3355443,2024/4/8
Ginkgo_biloba,protein,Ginkgo_biloba.rga.pro.fa,http://plantrg.bio2db.com/Ginkgo_biloba.rga.pro.fa,1.1MB,1153433,2024/4/8
Glebionis_coronaria,CDS,Glebionis_coronaria.rga.cds.fa,http://plantrg.bio2db.com/Glebionis_coronaria.rga.cds.fa,4.0MB,4194304,2024/4/11
Glebionis_coronaria,protein,Glebionis_coronaria.rga.pro.fa,http://plantrg.bio2db.com/Glebionis_coronaria.rga.pro.fa,1.4MB,1468006,2024/4/11
Glycine_max,CDS,Glycine_max.rga.cds.fa,http://plantrg.bio2db.com/Glycine_max.rga.cds.fa,6.0MB,6291456,2024/4/8
Glycine_max,protein,Glycine_max.rga.pro.fa,http://plantrg.bio2db.com/Glycine_max.rga.pro.fa,2.0MB,2097152,2024/4/8
Glycine_soja,CDS,Glycine_soja.rga.cds.fa,http://plantrg.bio2db.com/Glycine_soja.rga.cds.fa,5.6MB,5872025,2024/4/11
Glycine_soja,protein,Glycine_soja.rga.pro.fa,http://plantrg.bio2db.com/Glycine_soja.rga.pro.fa,1.9MB,1992294,2024/4/11
Gnetum_montanum,CDS,Gnetum_montanum.rga.cds.fa,http://plantrg.bio2db.com/Gnetum_montanum.rga.cds.fa,2.3MB,2411724,2024/4/8
Gnetum_montanum,protein,Gnetum_montanum.rga.pro.fa,http://plantrg.bio2db.com/Gnetum_montanum.rga.pro.fa,796.0KB,815104,2024/4/8
Gonium_pectorale,CDS,Gonium_pectorale.rga.cds.fa,http://plantrg.bio2db.com/Gonium_pectorale.rga.cds.fa,1.4MB,1468006,2024/4/8
Gonium_pectorale,protein,Gonium_pectorale.rga.pro.fa,http://plantrg.bio2db.com/Gonium_pectorale.rga.pro.fa,502.1KB,514150,2024/4/8
Gossypium_anomalum,CDS,Gossypium_anomalum.rga.cds.fa,http://plantrg.bio2db.com/Gossypium_anomalum.rga.cds.fa,4.7MB,4928307,2024/4/8
Gossypium_anomalum,protein,Gossypium_anomalum.rga.pro.fa,http://plantrg.bio2db.com/Gossypium_anomalum.rga.pro.fa,1.6MB,1677721,2024/4/8
Gossypium_arboreum,CDS,Gossypium_arboreum.rga.cds.fa,http://plantrg.bio2db.com/Gossypium_arboreum.rga.cds.fa,4.6MB,4823449,2024/4/11
Gossypium_arboreum,protein,Gossypium_arboreum.rga.pro.fa,http://plantrg.bio2db.com/Gossypium_arboreum.rga.pro.fa,1.6MB,1677721,2024/4/11
Gossypium_barbadense,CDS,Gossypium_barbadense.rga.cds.fa,http://plantrg.bio2db.com/Gossypium_barbadense.rga.cds.fa,9.2MB,9646899,2024/4/11
Gossypium_barbadense,protein,Gossypium_barbadense.rga.pro.fa,http://plantrg.bio2db.com/Gossypium_barbadense.rga.pro.fa,3.1MB,3250585,2024/4/11
Gossypium_bickii,CDS,Gossypium_bickii.rga.cds.fa,http://plantrg.bio2db.com/Gossypium_bickii.rga.cds.fa,4.4MB,4613734,2024/4/8
Gossypium_bickii,protein,Gossypium_bickii.rga.pro.fa,http://plantrg.bio2db.com/Gossypium_bickii.rga.pro.fa,1.5MB,1572864,2024/4/8
Gossypium_darwinii,CDS,Gossypium_darwinii.rga.cds.fa,http://plantrg.bio2db.com/Gossypium_darwinii.rga.cds.fa,9.4MB,9856614,2024/4/11
Gossypium_darwinii,protein,Gossypium_darwinii.rga.pro.fa,http://plantrg.bio2db.com/Gossypium_darwinii.rga.pro.fa,3.2MB,3355443,2024/4/11
Gossypium_herbaceum,CDS,Gossypium_herbaceum.rga.cds.fa,http://plantrg.bio2db.com/Gossypium_herbaceum.rga.cds.fa,4.7MB,4928307,2024/4/8
Gossypium_herbaceum,protein,Gossypium_herbaceum.rga.pro.fa,http://plantrg.bio2db.com/Gossypium_herbaceum.rga.pro.fa,1.6MB,1677721,2024/4/8
Gossypium_hirsutum,CDS,Gossypium_hirsutum.rga.cds.fa,http://plantrg.bio2db.com/Gossypium_hirsutum.rga.cds.fa,8.8MB,9227468,2024/4/11
Gossypium_hirsutum,protein,Gossypium_hirsutum.rga.pro.fa,http://plantrg.bio2db.com/Gossypium_hirsutum.rga.pro.fa,3.0MB,3145728,2024/4/11
Gossypium_longicalyx,CDS,Gossypium_longicalyx.rga.cds.fa,http://plantrg.bio2db.com/Gossypium_longicalyx.rga.cds.fa,4.6MB,4823449,2024/4/8
Gossypium_longicalyx,protein,Gossypium_longicalyx.rga.pro.fa,http://plantrg.bio2db.com/Gossypium_longicalyx.rga.pro.fa,1.6MB,1677721,2024/4/8
Gossypium_raimondii,CDS,Gossypium_raimondii.rga.cds.fa,http://plantrg.bio2db.com/Gossypium_raimondii.rga.cds.fa,4.6MB,4823449,2024/4/11
Gossypium_raimondii,protein,Gossypium_raimondii.rga.pro.fa,http://plantrg.bio2db.com/Gossypium_raimondii.rga.pro.fa,1.6MB,1677721,2024/4/11
Gossypium_rotundifolium,CDS,Gossypium_rotundifolium.rga.cds.fa,http://plantrg.bio2db.com/Gossypium_rotundifolium.rga.cds.fa,4.2MB,4404019,2024/4/11
Gossypium_rotundifolium,protein,Gossypium_rotundifolium.rga.pro.fa,http://plantrg.bio2db.com/Gossypium_rotundifolium.rga.pro.fa,1.4MB,1468006,2024/4/11
Gossypium_stocksii,CDS,Gossypium_stocksii.rga.cds.fa,http://plantrg.bio2db.com/Gossypium_stocksii.rga.cds.fa,4.8MB,5033164,2024/4/8
Gossypium_stocksii,protein,Gossypium_stocksii.rga.pro.fa,http://plantrg.bio2db.com/Gossypium_stocksii.rga.pro.fa,1.6MB,1677721,2024/4/8
Gossypium_sturtianum,CDS,Gossypium_sturtianum.rga.cds.fa,http://plantrg.bio2db.com/Gossypium_sturtianum.rga.cds.fa,4.1MB,4299161,2024/4/8
Gossypium_sturtianum,protein,Gossypium_sturtianum.rga.pro.fa,http://plantrg.bio2db.com/Gossypium_sturtianum.rga.pro.fa,1.4MB,1468006,2024/4/8
Gracilariopsis_chorda,CDS,Gracilariopsis_chorda.rga.cds.fa,http://plantrg.bio2db.com/Gracilariopsis_chorda.rga.cds.fa,427.9KB,438169,2024/4/8
Gracilariopsis_chorda,protein,Gracilariopsis_chorda.rga.pro.fa,http://plantrg.bio2db.com/Gracilariopsis_chorda.rga.pro.fa,145.6KB,149094,2024/4/8
Guadua_angustifolia,CDS,Guadua_angustifolia.rga.cds.fa,http://plantrg.bio2db.com/Guadua_angustifolia.rga.cds.fa,6.1MB,6396313,2024/4/11
Guadua_angustifolia,protein,Guadua_angustifolia.rga.pro.fa,http://plantrg.bio2db.com/Guadua_angustifolia.rga.pro.fa,2.1MB,2202009,2024/4/11
Gypsophila_paniculata,CDS,Gypsophila_paniculata.rga.cds.fa,http://plantrg.bio2db.com/Gypsophila_paniculata.rga.cds.fa,3.6MB,3774873,2024/4/8
Gypsophila_paniculata,protein,Gypsophila_paniculata.rga.pro.fa,http://plantrg.bio2db.com/Gypsophila_paniculata.rga.pro.fa,1.2MB,1258291,2024/4/8
Haloxylon_ammodendron,CDS,Haloxylon_ammodendron.rga.cds.fa,http://plantrg.bio2db.com/Haloxylon_ammodendron.rga.cds.fa,2.8MB,2936012,2024/4/11
Haloxylon_ammodendron,protein,Haloxylon_ammodendron.rga.pro.fa,http://plantrg.bio2db.com/Haloxylon_ammodendron.rga.pro.fa,956.6KB,979558,2024/4/11
Helianthus_annuus,CDS,Helianthus_annuus.rga.cds.fa,http://plantrg.bio2db.com/Helianthus_annuus.rga.cds.fa,8.5MB,8912896,2024/4/11
Helianthus_annuus,protein,Helianthus_annuus.rga.pro.fa,http://plantrg.bio2db.com/Helianthus_annuus.rga.pro.fa,2.9MB,3040870,2024/4/11
Helianthus_tuberosus,CDS,Helianthus_tuberosus.rga.cds.fa,http://plantrg.bio2db.com/Helianthus_tuberosus.rga.cds.fa,9.3MB,9751756,2024/4/8
Helianthus_tuberosus,protein,Helianthus_tuberosus.rga.pro.fa,http://plantrg.bio2db.com/Helianthus_tuberosus.rga.pro.fa,3.2MB,3355443,2024/4/8
Heliophila_variabilis,CDS,Heliophila_variabilis.rga.cds.fa,http://plantrg.bio2db.com/Heliophila_variabilis.rga.cds.fa,1.8MB,1887436,2024/4/8
Heliophila_variabilis,protein,Heliophila_variabilis.rga.pro.fa,http://plantrg.bio2db.com/Heliophila_variabilis.rga.pro.fa,611.3KB,625971,2024/4/8
Herpetospermum_pedunculosum,CDS,Herpetospermum_pedunculosum.rga.cds.fa,http://plantrg.bio2db.com/Herpetospermum_pedunculosum.rga.cds.fa,1.8MB,1887436,2024/4/8
Herpetospermum_pedunculosum,protein,Herpetospermum_pedunculosum.rga.pro.fa,http://plantrg.bio2db.com/Herpetospermum_pedunculosum.rga.pro.fa,609.9KB,624537,2024/4/8
Hibiscus_cannabinus,CDS,Hibiscus_cannabinus.rga.cds.fa,http://plantrg.bio2db.com/Hibiscus_cannabinus.rga.cds.fa,1.7MB,1782579,2024/4/8
Hibiscus_cannabinus,protein,Hibiscus_cannabinus.rga.pro.fa,http://plantrg.bio2db.com/Hibiscus_cannabinus.rga.pro.fa,561.2KB,574668,2024/4/8
Hippophae_rhamnoides,CDS,Hippophae_rhamnoides.rga.cds.fa,http://plantrg.bio2db.com/Hippophae_rhamnoides.rga.cds.fa,2.7MB,2831155,2024/4/11
Hippophae_rhamnoides,protein,Hippophae_rhamnoides.rga.pro.fa,http://plantrg.bio2db.com/Hippophae_rhamnoides.rga.pro.fa,948.5KB,971264,2024/4/11
Hirschfeldia_incana,CDS,Hirschfeldia_incana.rga.cds.fa,http://plantrg.bio2db.com/Hirschfeldia_incana.rga.cds.fa,2.9MB,3040870,2024/4/11
Hirschfeldia_incana,protein,Hirschfeldia_incana.rga.pro.fa,http://plantrg.bio2db.com/Hirschfeldia_incana.rga.pro.fa,1015.7KB,1040076,2024/4/11
Hordeum_marinum,CDS,Hordeum_marinum.rga.cds.fa,http://plantrg.bio2db.com/Hordeum_marinum.rga.cds.fa,4.9MB,5138022,2024/4/11
Hordeum_marinum,protein,Hordeum_marinum.rga.pro.fa,http://plantrg.bio2db.com/Hordeum_marinum.rga.pro.fa,1.7MB,1782579,2024/4/11
Hordeum_spontaneum,CDS,Hordeum_spontaneum.rga.cds.fa,http://plantrg.bio2db.com/Hordeum_spontaneum.rga.cds.fa,4.6MB,4823449,2024/4/8
Hordeum_spontaneum,protein,Hordeum_spontaneum.rga.pro.fa,http://plantrg.bio2db.com/Hordeum_spontaneum.rga.pro.fa,1.6MB,1677721,2024/4/8
Hordeum_vulgare,CDS,Hordeum_vulgare.rga.cds.fa,http://plantrg.bio2db.com/Hordeum_vulgare.rga.cds.fa,4.3MB,4508876,2024/4/8
Hordeum_vulgare,protein,Hordeum_vulgare.rga.pro.fa,http://plantrg.bio2db.com/Hordeum_vulgare.rga.pro.fa,1.5MB,1572864,2024/4/8
Humulus_lupulus,CDS,Humulus_lupulus.rga.cds.fa,http://plantrg.bio2db.com/Humulus_lupulus.rga.cds.fa,6.2MB,6501171,2024/4/11
Humulus_lupulus,protein,Humulus_lupulus.rga.pro.fa,http://plantrg.bio2db.com/Humulus_lupulus.rga.pro.fa,2.1MB,2202009,2024/4/11
Hylocereus_undatus,CDS,Hylocereus_undatus.rga.cds.fa,http://plantrg.bio2db.com/Hylocereus_undatus.rga.cds.fa,2.1MB,2202009,2024/4/11
Hylocereus_undatus,protein,Hylocereus_undatus.rga.pro.fa,http://plantrg.bio2db.com/Hylocereus_undatus.rga.pro.fa,724.8KB,742195,2024/4/11
Hyssopus_officinalis,CDS,Hyssopus_officinalis.rga.cds.fa,http://plantrg.bio2db.com/Hyssopus_officinalis.rga.cds.fa,5.4MB,5662310,2024/4/8
Hyssopus_officinalis,protein,Hyssopus_officinalis.rga.pro.fa,http://plantrg.bio2db.com/Hyssopus_officinalis.rga.pro.fa,1.8MB,1887436,2024/4/8
Ilex_latifolia,CDS,Ilex_latifolia.rga.cds.fa,http://plantrg.bio2db.com/Ilex_latifolia.rga.cds.fa,3.8MB,3984588,2024/4/8
Ilex_latifolia,protein,Ilex_latifolia.rga.pro.fa,http://plantrg.bio2db.com/Ilex_latifolia.rga.pro.fa,1.3MB,1363148,2024/4/8
Ilex_polyneura,CDS,Ilex_polyneura.rga.cds.fa,http://plantrg.bio2db.com/Ilex_polyneura.rga.cds.fa,2.1MB,2202009,2024/4/11
Ilex_polyneura,protein,Ilex_polyneura.rga.pro.fa,http://plantrg.bio2db.com/Ilex_polyneura.rga.pro.fa,742.5KB,760320,2024/4/11
Iochroma_cyaneum,CDS,Iochroma_cyaneum.rga.cds.fa,http://plantrg.bio2db.com/Iochroma_cyaneum.rga.cds.fa,6.1MB,6396313,2024/4/8
Iochroma_cyaneum,protein,Iochroma_cyaneum.rga.pro.fa,http://plantrg.bio2db.com/Iochroma_cyaneum.rga.pro.fa,2.1MB,2202009,2024/4/8
Ipomoea_aquatica,CDS,Ipomoea_aquatica.rga.cds.fa,http://plantrg.bio2db.com/Ipomoea_aquatica.rga.cds.fa,2.8MB,2936012,2024/4/8
Ipomoea_aquatica,protein,Ipomoea_aquatica.rga.pro.fa,http://plantrg.bio2db.com/Ipomoea_aquatica.rga.pro.fa,967.3KB,990515,2024/4/8
Ipomoea_batatas,CDS,Ipomoea_batatas.rga.cds.fa,http://plantrg.bio2db.com/Ipomoea_batatas.rga.cds.fa,7.5MB,7864320,2024/4/8
Ipomoea_batatas,protein,Ipomoea_batatas.rga.pro.fa,http://plantrg.bio2db.com/Ipomoea_batatas.rga.pro.fa,2.5MB,2621440,2024/4/8
Ipomoea_cairica,CDS,Ipomoea_cairica.rga.cds.fa,http://plantrg.bio2db.com/Ipomoea_cairica.rga.cds.fa,2.9MB,3040870,2024/4/8
Ipomoea_cairica,protein,Ipomoea_cairica.rga.pro.fa,http://plantrg.bio2db.com/Ipomoea_cairica.rga.pro.fa,1018.0KB,1042432,2024/4/8
Iris_pallida,CDS,Iris_pallida.rga.cds.fa,http://plantrg.bio2db.com/Iris_pallida.rga.cds.fa,4.3MB,4508876,2024/4/8
Iris_pallida,protein,Iris_pallida.rga.pro.fa,http://plantrg.bio2db.com/Iris_pallida.rga.pro.fa,1.5MB,1572864,2024/4/8
Isatis_indigotica,CDS,Isatis_indigotica.rga.cds.fa,http://plantrg.bio2db.com/Isatis_indigotica.rga.cds.fa,2.2MB,2306867,2024/4/11
Isatis_indigotica,protein,Isatis_indigotica.rga.pro.fa,http://plantrg.bio2db.com/Isatis_indigotica.rga.pro.fa,775.4KB,794009,2024/4/11
Jacaranda_mimosifolia,CDS,Jacaranda_mimosifolia.rga.cds.fa,http://plantrg.bio2db.com/Jacaranda_mimosifolia.rga.cds.fa,2.6MB,2726297,2024/4/8
Jacaranda_mimosifolia,protein,Jacaranda_mimosifolia.rga.pro.fa,http://plantrg.bio2db.com/Jacaranda_mimosifolia.rga.pro.fa,889.6KB,910950,2024/4/8
Jasminum_sambac,CDS,Jasminum_sambac.rga.cds.fa,http://plantrg.bio2db.com/Jasminum_sambac.rga.cds.fa,2.5MB,2621440,2024/4/11
Jasminum_sambac,protein,Jasminum_sambac.rga.pro.fa,http://plantrg.bio2db.com/Jasminum_sambac.rga.pro.fa,870.0KB,890880,2024/4/11
Juglans_mandshurica,CDS,Juglans_mandshurica.rga.cds.fa,http://plantrg.bio2db.com/Juglans_mandshurica.rga.cds.fa,3.1MB,3250585,2024/4/8
Juglans_mandshurica,protein,Juglans_mandshurica.rga.pro.fa,http://plantrg.bio2db.com/Juglans_mandshurica.rga.pro.fa,1.1MB,1153433,2024/4/8
Juglans_sigillata,CDS,Juglans_sigillata.rga.cds.fa,http://plantrg.bio2db.com/Juglans_sigillata.rga.cds.fa,3.5MB,3670016,2024/4/11
Juglans_sigillata,protein,Juglans_sigillata.rga.pro.fa,http://plantrg.bio2db.com/Juglans_sigillata.rga.pro.fa,1.2MB,1258291,2024/4/11
Juncus_effusus,CDS,Juncus_effusus.rga.cds.fa,http://plantrg.bio2db.com/Juncus_effusus.rga.cds.fa,2.2MB,2306867,2024/4/8
Juncus_effusus,protein,Juncus_effusus.rga.pro.fa,http://plantrg.bio2db.com/Juncus_effusus.rga.pro.fa,762.0KB,780288,2024/4/8
Juncus_inflexus,CDS,Juncus_inflexus.rga.cds.fa,http://plantrg.bio2db.com/Juncus_inflexus.rga.cds.fa,2.3MB,2411724,2024/4/8
Juncus_inflexus,protein,Juncus_inflexus.rga.pro.fa,http://plantrg.bio2db.com/Juncus_inflexus.rga.pro.fa,795.6KB,814694,2024/4/8
Kalanchoe_fedtschenkoi,CDS,Kalanchoe_fedtschenkoi.rga.cds.fa,http://plantrg.bio2db.com/Kalanchoe_fedtschenkoi.rga.cds.fa,2.5MB,2621440,2024/4/11
Kalanchoe_fedtschenkoi,protein,Kalanchoe_fedtschenkoi.rga.pro.fa,http://plantrg.bio2db.com/Kalanchoe_fedtschenkoi.rga.pro.fa,880.9KB,902041,2024/4/11
Kandelia_obovata,CDS,Kandelia_obovata.rga.cds.fa,http://plantrg.bio2db.com/Kandelia_obovata.rga.cds.fa,1.6MB,1677721,2024/4/11
Kandelia_obovata,protein,Kandelia_obovata.rga.pro.fa,http://plantrg.bio2db.com/Kandelia_obovata.rga.pro.fa,540.4KB,553369,2024/4/11
Kingdonia_uniflora,CDS,Kingdonia_uniflora.rga.cds.fa,http://plantrg.bio2db.com/Kingdonia_uniflora.rga.cds.fa,2.8MB,2936012,2024/4/11
Kingdonia_uniflora,protein,Kingdonia_uniflora.rga.pro.fa,http://plantrg.bio2db.com/Kingdonia_uniflora.rga.pro.fa,964.9KB,988057,2024/4/11
Klebsormidium_nitens,CDS,Klebsormidium_nitens.rga.cds.fa,http://plantrg.bio2db.com/Klebsormidium_nitens.rga.cds.fa,913.2KB,935116,2024/4/8
Klebsormidium_nitens,protein,Klebsormidium_nitens.rga.pro.fa,http://plantrg.bio2db.com/Klebsormidium_nitens.rga.pro.fa,310.3KB,317747,2024/4/8
Knoxia_roxburghii,CDS,Knoxia_roxburghii.rga.cds.fa,http://plantrg.bio2db.com/Knoxia_roxburghii.rga.cds.fa,2.6MB,2726297,2024/4/8
Knoxia_roxburghii,protein,Knoxia_roxburghii.rga.pro.fa,http://plantrg.bio2db.com/Knoxia_roxburghii.rga.pro.fa,921.1KB,943206,2024/4/8
Kobresia_littledalei,CDS,Kobresia_littledalei.rga.cds.fa,http://plantrg.bio2db.com/Kobresia_littledalei.rga.cds.fa,1.7MB,1782579,2024/4/11
Kobresia_littledalei,protein,Kobresia_littledalei.rga.pro.fa,http://plantrg.bio2db.com/Kobresia_littledalei.rga.pro.fa,596.4KB,610713,2024/4/11
Lablab_purpureus,CDS,Lablab_purpureus.rga.cds.fa,http://plantrg.bio2db.com/Lablab_purpureus.rga.cds.fa,2.2MB,2306867,2024/4/11
Lablab_purpureus,protein,Lablab_purpureus.rga.pro.fa,http://plantrg.bio2db.com/Lablab_purpureus.rga.pro.fa,766.7KB,785100,2024/4/11
Lactuca_saligna,CDS,Lactuca_saligna.rga.cds.fa,http://plantrg.bio2db.com/Lactuca_saligna.rga.cds.fa,4.3MB,4508876,2024/4/8
Lactuca_saligna,protein,Lactuca_saligna.rga.pro.fa,http://plantrg.bio2db.com/Lactuca_saligna.rga.pro.fa,1.5MB,1572864,2024/4/8
Lactuca_sativa,CDS,Lactuca_sativa.rga.cds.fa,http://plantrg.bio2db.com/Lactuca_sativa.rga.cds.fa,4.9MB,5138022,2024/4/8
Lactuca_sativa,protein,Lactuca_sativa.rga.pro.fa,http://plantrg.bio2db.com/Lactuca_sativa.rga.pro.fa,1.7MB,1782579,2024/4/8
Lactuca_virosa,CDS,Lactuca_virosa.rga.cds.fa,http://plantrg.bio2db.com/Lactuca_virosa.rga.cds.fa,3.8MB,3984588,2024/4/8
Lactuca_virosa,protein,Lactuca_virosa.rga.pro.fa,http://plantrg.bio2db.com/Lactuca_virosa.rga.pro.fa,1.3MB,1363148,2024/4/8
Lagenaria_siceraria,CDS,Lagenaria_siceraria.rga.cds.fa,http://plantrg.bio2db.com/Lagenaria_siceraria.rga.cds.fa,2.2MB,2306867,2024/4/11
Lagenaria_siceraria,protein,Lagenaria_siceraria.rga.pro.fa,http://plantrg.bio2db.com/Lagenaria_siceraria.rga.pro.fa,750.5KB,768512,2024/4/11
Lagerstroemia_indica,CDS,Lagerstroemia_indica.rga.cds.fa,http://plantrg.bio2db.com/Lagerstroemia_indica.rga.cds.fa,4.6MB,4823449,2024/4/8
Lagerstroemia_indica,protein,Lagerstroemia_indica.rga.pro.fa,http://plantrg.bio2db.com/Lagerstroemia_indica.rga.pro.fa,1.6MB,1677721,2024/4/8
Leavenworthia_alabamica,CDS,Leavenworthia_alabamica.rga.cds.fa,http://plantrg.bio2db.com/Leavenworthia_alabamica.rga.cds.fa,3.0MB,3145728,2024/4/11
Leavenworthia_alabamica,protein,Leavenworthia_alabamica.rga.pro.fa,http://plantrg.bio2db.com/Leavenworthia_alabamica.rga.pro.fa,1.0MB,1048576,2024/4/11
Leersia_perrieri,CDS,Leersia_perrieri.rga.cds.fa,http://plantrg.bio2db.com/Leersia_perrieri.rga.cds.fa,4.0MB,4194304,2024/4/11
Leersia_perrieri,protein,Leersia_perrieri.rga.pro.fa,http://plantrg.bio2db.com/Leersia_perrieri.rga.pro.fa,1.4MB,1468006,2024/4/11
Lemna_minor,CDS,Lemna_minor.rga.cds.fa,http://plantrg.bio2db.com/Lemna_minor.rga.cds.fa,1.5MB,1572864,2024/4/11
Lemna_minor,protein,Lemna_minor.rga.pro.fa,http://plantrg.bio2db.com/Lemna_minor.rga.pro.fa,528.4KB,541081,2024/4/11
Lemna_minuta,CDS,Lemna_minuta.rga.cds.fa,http://plantrg.bio2db.com/Lemna_minuta.rga.cds.fa,1.0MB,1048576,2024/4/11
Lemna_minuta,protein,Lemna_minuta.rga.pro.fa,http://plantrg.bio2db.com/Lemna_minuta.rga.pro.fa,358.3KB,366899,2024/4/11
Lepidium_meyenii,CDS,Lepidium_meyenii.rga.cds.fa,http://plantrg.bio2db.com/Lepidium_meyenii.rga.cds.fa,7.5MB,7864320,2024/4/11
Lepidium_meyenii,protein,Lepidium_meyenii.rga.pro.fa,http://plantrg.bio2db.com/Lepidium_meyenii.rga.pro.fa,2.6MB,2726297,2024/4/11
Lindenbergia_luchunensis,CDS,Lindenbergia_luchunensis.rga.cds.fa,http://plantrg.bio2db.com/Lindenbergia_luchunensis.rga.cds.fa,2.8MB,2936012,2024/4/8
Lindenbergia_luchunensis,protein,Lindenbergia_luchunensis.rga.pro.fa,http://plantrg.bio2db.com/Lindenbergia_luchunensis.rga.pro.fa,973.1KB,996454,2024/4/8
Litchi_chinensis,CDS,Litchi_chinensis.rga.cds.fa,http://plantrg.bio2db.com/Litchi_chinensis.rga.cds.fa,3.2MB,3355443,2024/4/11
Litchi_chinensis,protein,Litchi_chinensis.rga.pro.fa,http://plantrg.bio2db.com/Litchi_chinensis.rga.pro.fa,1.1MB,1153433,2024/4/11
Lithospermum_erythrorhizon,CDS,Lithospermum_erythrorhizon.rga.cds.fa,http://plantrg.bio2db.com/Lithospermum_erythrorhizon.rga.cds.fa,2.6MB,2726297,2024/4/8
Lithospermum_erythrorhizon,protein,Lithospermum_erythrorhizon.rga.pro.fa,http://plantrg.bio2db.com/Lithospermum_erythrorhizon.rga.pro.fa,895.0KB,916480,2024/4/8
Lobularia_maritima,CDS,Lobularia_maritima.rga.cds.fa,http://plantrg.bio2db.com/Lobularia_maritima.rga.cds.fa,2.4MB,2516582,2024/4/8
Lobularia_maritima,protein,Lobularia_maritima.rga.pro.fa,http://plantrg.bio2db.com/Lobularia_maritima.rga.pro.fa,829.5KB,849408,2024/4/8
Lolium_perenne,CDS,Lolium_perenne.rga.cds.fa,http://plantrg.bio2db.com/Lolium_perenne.rga.cds.fa,4.1MB,4299161,2024/4/8
Lolium_perenne,protein,Lolium_perenne.rga.pro.fa,http://plantrg.bio2db.com/Lolium_perenne.rga.pro.fa,1.4MB,1468006,2024/4/8
Lolium_rigidum,CDS,Lolium_rigidum.rga.cds.fa,http://plantrg.bio2db.com/Lolium_rigidum.rga.cds.fa,7.0MB,7340032,2024/4/11
Lolium_rigidum,protein,Lolium_rigidum.rga.pro.fa,http://plantrg.bio2db.com/Lolium_rigidum.rga.pro.fa,2.4MB,2516582,2024/4/11
Lonicera_japonica,CDS,Lonicera_japonica.rga.cds.fa,http://plantrg.bio2db.com/Lonicera_japonica.rga.cds.fa,2.7MB,2831155,2024/4/11
Lonicera_japonica,protein,Lonicera_japonica.rga.pro.fa,http://plantrg.bio2db.com/Lonicera_japonica.rga.pro.fa,1.3MB,1363148,2024/4/11
Luffa_acutangula,CDS,Luffa_acutangula.rga.cds.fa,http://plantrg.bio2db.com/Luffa_acutangula.rga.cds.fa,2.4MB,2516582,2024/4/8
Luffa_acutangula,protein,Luffa_acutangula.rga.pro.fa,http://plantrg.bio2db.com/Luffa_acutangula.rga.pro.fa,852.8KB,873267,2024/4/8
Luffa_cylindrica,CDS,Luffa_cylindrica.rga.cds.fa,http://plantrg.bio2db.com/Luffa_cylindrica.rga.cds.fa,2.3MB,2411724,2024/4/8
Luffa_cylindrica,protein,Luffa_cylindrica.rga.pro.fa,http://plantrg.bio2db.com/Luffa_cylindrica.rga.pro.fa,807.4KB,826777,2024/4/8
Lupinus_albus,CDS,Lupinus_albus.rga.cds.fa,http://plantrg.bio2db.com/Lupinus_albus.rga.cds.fa,2.7MB,2831155,2024/4/8
Lupinus_albus,protein,Lupinus_albus.rga.pro.fa,http://plantrg.bio2db.com/Lupinus_albus.rga.pro.fa,934.2KB,956620,2024/4/8
Lupinus_angustifolius,CDS,Lupinus_angustifolius.rga.cds.fa,http://plantrg.bio2db.com/Lupinus_angustifolius.rga.cds.fa,4.8MB,5033164,2024/4/11
Lupinus_angustifolius,protein,Lupinus_angustifolius.rga.pro.fa,http://plantrg.bio2db.com/Lupinus_angustifolius.rga.pro.fa,1.6MB,1677721,2024/4/11
Luvunga_scandens,CDS,Luvunga_scandens.rga.cds.fa,http://plantrg.bio2db.com/Luvunga_scandens.rga.cds.fa,2.5MB,2621440,2024/4/8
Luvunga_scandens,protein,Luvunga_scandens.rga.pro.fa,http://plantrg.bio2db.com/Luvunga_scandens.rga.pro.fa,860.1KB,880742,2024/4/8
Lycianthes_biflora,CDS,Lycianthes_biflora.rga.cds.fa,http://plantrg.bio2db.com/Lycianthes_biflora.rga.cds.fa,3.8MB,3984588,2024/4/8
Lycianthes_biflora,protein,Lycianthes_biflora.rga.pro.fa,http://plantrg.bio2db.com/Lycianthes_biflora.rga.pro.fa,1.3MB,1363148,2024/4/8
Lycium_barbarum,CDS,Lycium_barbarum.rga.cds.fa,http://plantrg.bio2db.com/Lycium_barbarum.rga.cds.fa,4.1MB,4299161,2024/4/8
Lycium_barbarum,protein,Lycium_barbarum.rga.pro.fa,http://plantrg.bio2db.com/Lycium_barbarum.rga.pro.fa,1.4MB,1468006,2024/4/8
Macadamia_integrifolia,CDS,Macadamia_integrifolia.rga.cds.fa,http://plantrg.bio2db.com/Macadamia_integrifolia.rga.cds.fa,3.3MB,3460300,2024/4/11
Macadamia_integrifolia,protein,Macadamia_integrifolia.rga.pro.fa,http://plantrg.bio2db.com/Macadamia_integrifolia.rga.pro.fa,1.1MB,1153433,2024/4/11
Magnolia_biondii,CDS,Magnolia_biondii.rga.cds.fa,http://plantrg.bio2db.com/Magnolia_biondii.rga.cds.fa,3.4MB,3565158,2024/4/11
Magnolia_biondii,protein,Magnolia_biondii.rga.pro.fa,http://plantrg.bio2db.com/Magnolia_biondii.rga.pro.fa,1.2MB,1258291,2024/4/11
Malania_oleifera,CDS,Malania_oleifera.rga.cds.fa,http://plantrg.bio2db.com/Malania_oleifera.rga.cds.fa,2.2MB,2306867,2024/4/11
Malania_oleifera,protein,Malania_oleifera.rga.pro.fa,http://plantrg.bio2db.com/Malania_oleifera.rga.pro.fa,775.0KB,793600,2024/4/11
Malus_baccata,CDS,Malus_baccata.rga.cds.fa,http://plantrg.bio2db.com/Malus_baccata.rga.cds.fa,4.6MB,4823449,2024/4/11
Malus_baccata,protein,Malus_baccata.rga.pro.fa,http://plantrg.bio2db.com/Malus_baccata.rga.pro.fa,1.5MB,1572864,2024/4/11
Malus_domestica,CDS,Malus_domestica.rga.cds.fa,http://plantrg.bio2db.com/Malus_domestica.rga.cds.fa,6.3MB,6606028,2024/4/11
Malus_domestica,protein,Malus_domestica.rga.pro.fa,http://plantrg.bio2db.com/Malus_domestica.rga.pro.fa,2.1MB,2202009,2024/4/11
Malus_sieversii,CDS,Malus_sieversii.rga.cds.fa,http://plantrg.bio2db.com/Malus_sieversii.rga.cds.fa,5.2MB,5452595,2024/4/11
Malus_sieversii,protein,Malus_sieversii.rga.pro.fa,http://plantrg.bio2db.com/Malus_sieversii.rga.pro.fa,1.8MB,1887436,2024/4/11
Malus_sylvestris,CDS,Malus_sylvestris.rga.cds.fa,http://plantrg.bio2db.com/Malus_sylvestris.rga.cds.fa,6.9MB,7235174,2024/4/11
Malus_sylvestris,protein,Malus_sylvestris.rga.pro.fa,http://plantrg.bio2db.com/Malus_sylvestris.rga.pro.fa,2.3MB,2411724,2024/4/11
Manihot_esculenta,CDS,Manihot_esculenta.rga.cds.fa,http://plantrg.bio2db.com/Manihot_esculenta.rga.cds.fa,4.5MB,4718592,2024/4/8
Manihot_esculenta,protein,Manihot_esculenta.rga.pro.fa,http://plantrg.bio2db.com/Manihot_esculenta.rga.pro.fa,1.5MB,1572864,2024/4/8
Marchantia_polymorpha,CDS,Marchantia_polymorpha.rga.cds.fa,http://plantrg.bio2db.com/Marchantia_polymorpha.rga.cds.fa,1.3MB,1363148,2024/4/8
Marchantia_polymorpha,protein,Marchantia_polymorpha.rga.pro.fa,http://plantrg.bio2db.com/Marchantia_polymorpha.rga.pro.fa,446.5KB,457216,2024/4/8
Medicago_polymorpha,CDS,Medicago_polymorpha.rga.cds.fa,http://plantrg.bio2db.com/Medicago_polymorpha.rga.cds.fa,3.6MB,3774873,2024/4/11
Medicago_polymorpha,protein,Medicago_polymorpha.rga.pro.fa,http://plantrg.bio2db.com/Medicago_polymorpha.rga.pro.fa,1.2MB,1258291,2024/4/11
Medicago_truncatula,CDS,Medicago_truncatula.rga.cds.fa,http://plantrg.bio2db.com/Medicago_truncatula.rga.cds.fa,6.2MB,6501171,2024/4/11
Medicago_truncatula,protein,Medicago_truncatula.rga.pro.fa,http://plantrg.bio2db.com/Medicago_truncatula.rga.pro.fa,2.1MB,2202009,2024/4/11
Megacarpaea_delavayi,CDS,Megacarpaea_delavayi.rga.cds.fa,http://plantrg.bio2db.com/Megacarpaea_delavayi.rga.cds.fa,2.6MB,2726297,2024/4/8
Megacarpaea_delavayi,protein,Megacarpaea_delavayi.rga.pro.fa,http://plantrg.bio2db.com/Megacarpaea_delavayi.rga.pro.fa,920.0KB,942080,2024/4/8
Megadenia_pygmaea,CDS,Megadenia_pygmaea.rga.cds.fa,http://plantrg.bio2db.com/Megadenia_pygmaea.rga.cds.fa,2.6MB,2726297,2024/4/8
Megadenia_pygmaea,protein,Megadenia_pygmaea.rga.pro.fa,http://plantrg.bio2db.com/Megadenia_pygmaea.rga.pro.fa,891.2KB,912588,2024/4/8
Melaleuca_alternifolia,CDS,Melaleuca_alternifolia.rga.cds.fa,http://plantrg.bio2db.com/Melaleuca_alternifolia.rga.cds.fa,5.7MB,5976883,2024/4/11
Melaleuca_alternifolia,protein,Melaleuca_alternifolia.rga.pro.fa,http://plantrg.bio2db.com/Melaleuca_alternifolia.rga.pro.fa,2.0MB,2097152,2024/4/11
Melastoma_dodecandrum,CDS,Melastoma_dodecandrum.rga.cds.fa,http://plantrg.bio2db.com/Melastoma_dodecandrum.rga.cds.fa,2.7MB,2831155,2024/4/8
Melastoma_dodecandrum,protein,Melastoma_dodecandrum.rga.pro.fa,http://plantrg.bio2db.com/Melastoma_dodecandrum.rga.pro.fa,949.2KB,971980,2024/4/8
Melilotus_albus,CDS,Melilotus_albus.rga.cds.fa,http://plantrg.bio2db.com/Melilotus_albus.rga.cds.fa,3.9MB,4089446,2024/4/8
Melilotus_albus,protein,Melilotus_albus.rga.pro.fa,http://plantrg.bio2db.com/Melilotus_albus.rga.pro.fa,1.3MB,1363148,2024/4/8
Mesembryanthemum_crystallinum,CDS,Mesembryanthemum_crystallinum.rga.cds.fa,http://plantrg.bio2db.com/Mesembryanthemum_crystallinum.rga.cds.fa,1.8MB,1887436,2024/4/11
Mesembryanthemum_crystallinum,protein,Mesembryanthemum_crystallinum.rga.pro.fa,http://plantrg.bio2db.com/Mesembryanthemum_crystallinum.rga.pro.fa,630.8KB,645939,2024/4/11
Mesostigma_viride,CDS,Mesostigma_viride.rga.cds.fa,http://plantrg.bio2db.com/Mesostigma_viride.rga.cds.fa,594.3KB,608563,2024/4/8
Mesostigma_viride,protein,Mesostigma_viride.rga.pro.fa,http://plantrg.bio2db.com/Mesostigma_viride.rga.pro.fa,201.4KB,206233,2024/4/8
Mesotaenium_endlicherianum,CDS,Mesotaenium_endlicherianum.rga.cds.fa,http://plantrg.bio2db.com/Mesotaenium_endlicherianum.rga.cds.fa,604.7KB,619212,2024/4/8
Mesotaenium_endlicherianum,protein,Mesotaenium_endlicherianum.rga.pro.fa,http://plantrg.bio2db.com/Mesotaenium_endlicherianum.rga.pro.fa,205.4KB,210329,2024/4/8
Mesua_ferrea,CDS,Mesua_ferrea.rga.cds.fa,http://plantrg.bio2db.com/Mesua_ferrea.rga.cds.fa,4.1MB,4299161,2024/4/8
Mesua_ferrea,protein,Mesua_ferrea.rga.pro.fa,http://plantrg.bio2db.com/Mesua_ferrea.rga.pro.fa,1.4MB,1468006,2024/4/8
Micractinium_conductrix,CDS,Micractinium_conductrix.rga.cds.fa,http://plantrg.bio2db.com/Micractinium_conductrix.rga.cds.fa,867.3KB,888115,2024/4/8
Micractinium_conductrix,protein,Micractinium_conductrix.rga.pro.fa,http://plantrg.bio2db.com/Micractinium_conductrix.rga.pro.fa,296.7KB,303820,2024/4/8
Micromonas_pusilla,CDS,Micromonas_pusilla.rga.cds.fa,http://plantrg.bio2db.com/Micromonas_pusilla.rga.cds.fa,319.7KB,327372,2024/4/8
Micromonas_pusilla,protein,Micromonas_pusilla.rga.pro.fa,http://plantrg.bio2db.com/Micromonas_pusilla.rga.pro.fa,109.0KB,111616,2024/4/8
Microthlaspi_erraticum,CDS,Microthlaspi_erraticum.rga.cds.fa,http://plantrg.bio2db.com/Microthlaspi_erraticum.rga.cds.fa,3.3MB,3460300,2024/4/11
Microthlaspi_erraticum,protein,Microthlaspi_erraticum.rga.pro.fa,http://plantrg.bio2db.com/Microthlaspi_erraticum.rga.pro.fa,1.1MB,1153433,2024/4/11
Mikania_micrantha,CDS,Mikania_micrantha.rga.cds.fa,http://plantrg.bio2db.com/Mikania_micrantha.rga.cds.fa,4.9MB,5138022,2024/4/8
Mikania_micrantha,protein,Mikania_micrantha.rga.pro.fa,http://plantrg.bio2db.com/Mikania_micrantha.rga.pro.fa,1.7MB,1782579,2024/4/8
Mimosa_pudica,CDS,Mimosa_pudica.rga.cds.fa,http://plantrg.bio2db.com/Mimosa_pudica.rga.cds.fa,3.6MB,3774873,2024/4/8
Mimosa_pudica,protein,Mimosa_pudica.rga.pro.fa,http://plantrg.bio2db.com/Mimosa_pudica.rga.pro.fa,1.2MB,1258291,2024/4/8
Mimulus_guttatus,CDS,Mimulus_guttatus.rga.cds.fa,http://plantrg.bio2db.com/Mimulus_guttatus.rga.cds.fa,3.1MB,3250585,2024/4/11
Mimulus_guttatus,protein,Mimulus_guttatus.rga.pro.fa,http://plantrg.bio2db.com/Mimulus_guttatus.rga.pro.fa,1.0MB,1048576,2024/4/11
Mimulus_luteus,CDS,Mimulus_luteus.rga.cds.fa,http://plantrg.bio2db.com/Mimulus_luteus.rga.cds.fa,4.8MB,5033164,2024/4/11
Mimulus_luteus,protein,Mimulus_luteus.rga.pro.fa,http://plantrg.bio2db.com/Mimulus_luteus.rga.pro.fa,1.7MB,1782579,2024/4/11
Miscanthus_lutarioriparius,CDS,Miscanthus_lutarioriparius.rga.cds.fa,http://plantrg.bio2db.com/Miscanthus_lutarioriparius.rga.cds.fa,8.1MB,8493465,2024/4/8
Miscanthus_lutarioriparius,protein,Miscanthus_lutarioriparius.rga.pro.fa,http://plantrg.bio2db.com/Miscanthus_lutarioriparius.rga.pro.fa,2.7MB,2831155,2024/4/8
Miscanthus_sinensis,CDS,Miscanthus_sinensis.rga.cds.fa,http://plantrg.bio2db.com/Miscanthus_sinensis.rga.cds.fa,7.2MB,7549747,2024/4/11
Miscanthus_sinensis,protein,Miscanthus_sinensis.rga.pro.fa,http://plantrg.bio2db.com/Miscanthus_sinensis.rga.pro.fa,2.5MB,2621440,2024/4/11
Misopates_orontium,CDS,Misopates_orontium.rga.cds.fa,http://plantrg.bio2db.com/Misopates_orontium.rga.cds.fa,3.2MB,3355443,2024/4/8
Misopates_orontium,protein,Misopates_orontium.rga.pro.fa,http://plantrg.bio2db.com/Misopates_orontium.rga.pro.fa,1.1MB,1153433,2024/4/8
Momordica_charantia,CDS,Momordica_charantia.rga.cds.fa,http://plantrg.bio2db.com/Momordica_charantia.rga.cds.fa,2.2MB,2306867,2024/4/8
Momordica_charantia,protein,Momordica_charantia.rga.pro.fa,http://plantrg.bio2db.com/Momordica_charantia.rga.pro.fa,782.8KB,801587,2024/4/8
Monoraphidium_neglectum,CDS,Monoraphidium_neglectum.rga.cds.fa,http://plantrg.bio2db.com/Monoraphidium_neglectum.rga.cds.fa,410.7KB,420556,2024/4/8
Monoraphidium_neglectum,protein,Monoraphidium_neglectum.rga.pro.fa,http://plantrg.bio2db.com/Monoraphidium_neglectum.rga.pro.fa,194.9KB,199577,2024/4/8
Morella_rubra,CDS,Morella_rubra.rga.cds.fa,http://plantrg.bio2db.com/Morella_rubra.rga.cds.fa,3.0MB,3145728,2024/4/11
Morella_rubra,protein,Morella_rubra.rga.pro.fa,http://plantrg.bio2db.com/Morella_rubra.rga.pro.fa,1.0MB,1048576,2024/4/11
Moricandia_sinaica,CDS,Moricandia_sinaica.rga.cds.fa,http://plantrg.bio2db.com/Moricandia_sinaica.rga.cds.fa,3.3MB,3460300,2024/4/8
Moricandia_sinaica,protein,Moricandia_sinaica.rga.pro.fa,http://plantrg.bio2db.com/Moricandia_sinaica.rga.pro.fa,1.1MB,1153433,2024/4/8
Moricandia_spinosa,CDS,Moricandia_spinosa.rga.cds.fa,http://plantrg.bio2db.com/Moricandia_spinosa.rga.cds.fa,3.8MB,3984588,2024/4/8
Moricandia_spinosa,protein,Moricandia_spinosa.rga.pro.fa,http://plantrg.bio2db.com/Moricandia_spinosa.rga.pro.fa,1.3MB,1363148,2024/4/8
Moricandia_suffruticosa,CDS,Moricandia_suffruticosa.rga.cds.fa,http://plantrg.bio2db.com/Moricandia_suffruticosa.rga.cds.fa,3.8MB,3984588,2024/4/8
Moricandia_suffruticosa,protein,Moricandia_suffruticosa.rga.pro.fa,http://plantrg.bio2db.com/Moricandia_suffruticosa.rga.pro.fa,1.3MB,1363148,2024/4/8
Moringa_oleifera,CDS,Moringa_oleifera.rga.cds.fa,http://plantrg.bio2db.com/Moringa_oleifera.rga.cds.fa,1.6MB,1677721,2024/4/11
Moringa_oleifera,protein,Moringa_oleifera.rga.pro.fa,http://plantrg.bio2db.com/Moringa_oleifera.rga.pro.fa,551.8KB,565043,2024/4/11
Mucuna_pruriens,CDS,Mucuna_pruriens.rga.cds.fa,http://plantrg.bio2db.com/Mucuna_pruriens.rga.cds.fa,3.1MB,3250585,2024/4/8
Mucuna_pruriens,protein,Mucuna_pruriens.rga.pro.fa,http://plantrg.bio2db.com/Mucuna_pruriens.rga.pro.fa,1.1MB,1153433,2024/4/8
Murraya_paniculata,CDS,Murraya_paniculata.rga.cds.fa,http://plantrg.bio2db.com/Murraya_paniculata.rga.cds.fa,2.3MB,2411724,2024/4/8
Murraya_paniculata,protein,Murraya_paniculata.rga.pro.fa,http://plantrg.bio2db.com/Murraya_paniculata.rga.pro.fa,807.5KB,826880,2024/4/8
Musa_acuminata,CDS,Musa_acuminata.rga.cds.fa,http://plantrg.bio2db.com/Musa_acuminata.rga.cds.fa,3.6MB,3774873,2024/4/11
Musa_acuminata,protein,Musa_acuminata.rga.pro.fa,http://plantrg.bio2db.com/Musa_acuminata.rga.pro.fa,1.2MB,1258291,2024/4/11
Musa_balbisiana,CDS,Musa_balbisiana.rga.cds.fa,http://plantrg.bio2db.com/Musa_balbisiana.rga.cds.fa,2.5MB,2621440,2024/4/11
Musa_balbisiana,protein,Musa_balbisiana.rga.pro.fa,http://plantrg.bio2db.com/Musa_balbisiana.rga.pro.fa,858.8KB,879411,2024/4/11
Musa_beccarii,CDS,Musa_beccarii.rga.cds.fa,http://plantrg.bio2db.com/Musa_beccarii.rga.cds.fa,3.1MB,3250585,2024/4/8
Musa_beccarii,protein,Musa_beccarii.rga.pro.fa,http://plantrg.bio2db.com/Musa_beccarii.rga.pro.fa,1.1MB,1153433,2024/4/8
Musa_itinerans,CDS,Musa_itinerans.rga.cds.fa,http://plantrg.bio2db.com/Musa_itinerans.rga.cds.fa,2.3MB,2411724,2024/4/11
Musa_itinerans,protein,Musa_itinerans.rga.pro.fa,http://plantrg.bio2db.com/Musa_itinerans.rga.pro.fa,808.9KB,828313,2024/4/11
Musa_schizocarpa,CDS,Musa_schizocarpa.rga.cds.fa,http://plantrg.bio2db.com/Musa_schizocarpa.rga.cds.fa,2.8MB,2936012,2024/4/11
Musa_schizocarpa,protein,Musa_schizocarpa.rga.pro.fa,http://plantrg.bio2db.com/Musa_schizocarpa.rga.pro.fa,970.3KB,993587,2024/4/11
Musa_textilis,CDS,Musa_textilis.rga.cds.fa,http://plantrg.bio2db.com/Musa_textilis.rga.cds.fa,2.5MB,2621440,2024/4/8
Musa_textilis,protein,Musa_textilis.rga.pro.fa,http://plantrg.bio2db.com/Musa_textilis.rga.pro.fa,875.7KB,896716,2024/4/8
Musa_troglodytarum,CDS,Musa_troglodytarum.rga.cds.fa,http://plantrg.bio2db.com/Musa_troglodytarum.rga.cds.fa,3.4MB,3565158,2024/4/8
Musa_troglodytarum,protein,Musa_troglodytarum.rga.pro.fa,http://plantrg.bio2db.com/Musa_troglodytarum.rga.pro.fa,1.2MB,1258291,2024/4/8
Nelumbo_nucifera,CDS,Nelumbo_nucifera.rga.cds.fa,http://plantrg.bio2db.com/Nelumbo_nucifera.rga.cds.fa,3.0MB,3145728,2024/4/8
Nelumbo_nucifera,protein,Nelumbo_nucifera.rga.pro.fa,http://plantrg.bio2db.com/Nelumbo_nucifera.rga.pro.fa,1.0MB,1048576,2024/4/8
Neolamarckia_cadamba,CDS,Neolamarckia_cadamba.rga.cds.fa,http://plantrg.bio2db.com/Neolamarckia_cadamba.rga.cds.fa,3.0MB,3145728,2024/4/11
Neolamarckia_cadamba,protein,Neolamarckia_cadamba.rga.pro.fa,http://plantrg.bio2db.com/Neolamarckia_cadamba.rga.pro.fa,1.0MB,1048576,2024/4/11
Nepeta_cataria,CDS,Nepeta_cataria.rga.cds.fa,http://plantrg.bio2db.com/Nepeta_cataria.rga.cds.fa,7.0MB,7340032,2024/4/8
Nepeta_cataria,protein,Nepeta_cataria.rga.pro.fa,http://plantrg.bio2db.com/Nepeta_cataria.rga.pro.fa,2.4MB,2516582,2024/4/8
Nepeta_mussinii,CDS,Nepeta_mussinii.rga.cds.fa,http://plantrg.bio2db.com/Nepeta_mussinii.rga.cds.fa,4.3MB,4508876,2024/4/8
Nepeta_mussinii,protein,Nepeta_mussinii.rga.pro.fa,http://plantrg.bio2db.com/Nepeta_mussinii.rga.pro.fa,1.4MB,1468006,2024/4/8
Nephelium_lappaceum,CDS,Nephelium_lappaceum.rga.cds.fa,http://plantrg.bio2db.com/Nephelium_lappaceum.rga.cds.fa,8.0MB,8388608,2024/4/11
Nephelium_lappaceum,protein,Nephelium_lappaceum.rga.pro.fa,http://plantrg.bio2db.com/Nephelium_lappaceum.rga.pro.fa,2.7MB,2831155,2024/4/11
Nicandra_physalodes,CDS,Nicandra_physalodes.rga.cds.fa,http://plantrg.bio2db.com/Nicandra_physalodes.rga.cds.fa,2.9MB,3040870,2024/4/8
Nicandra_physalodes,protein,Nicandra_physalodes.rga.pro.fa,http://plantrg.bio2db.com/Nicandra_physalodes.rga.pro.fa,1001.1KB,1025126,2024/4/8
Nicotiana_attenuata,CDS,Nicotiana_attenuata.rga.cds.fa,http://plantrg.bio2db.com/Nicotiana_attenuata.rga.cds.fa,3.6MB,3774873,2024/4/8
Nicotiana_attenuata,protein,Nicotiana_attenuata.rga.pro.fa,http://plantrg.bio2db.com/Nicotiana_attenuata.rga.pro.fa,1.2MB,1258291,2024/4/8
Nicotiana_benthamiana,CDS,Nicotiana_benthamiana.rga.cds.fa,http://plantrg.bio2db.com/Nicotiana_benthamiana.rga.cds.fa,3.3MB,3460300,2024/4/8
Nicotiana_benthamiana,protein,Nicotiana_benthamiana.rga.pro.fa,http://plantrg.bio2db.com/Nicotiana_benthamiana.rga.pro.fa,1.1MB,1153433,2024/4/8
Nicotiana_longiflora,CDS,Nicotiana_longiflora.rga.cds.fa,http://plantrg.bio2db.com/Nicotiana_longiflora.rga.cds.fa,3.8MB,3984588,2024/4/8
Nicotiana_longiflora,protein,Nicotiana_longiflora.rga.pro.fa,http://plantrg.bio2db.com/Nicotiana_longiflora.rga.pro.fa,1.3MB,1363148,2024/4/8
Nicotiana_sylvestris,CDS,Nicotiana_sylvestris.rga.cds.fa,http://plantrg.bio2db.com/Nicotiana_sylvestris.rga.cds.fa,5.0MB,5242880,2024/4/11
Nicotiana_sylvestris,protein,Nicotiana_sylvestris.rga.pro.fa,http://plantrg.bio2db.com/Nicotiana_sylvestris.rga.pro.fa,1.7MB,1782579,2024/4/11
Nicotiana_tabacum,CDS,Nicotiana_tabacum.rga.cds.fa,http://plantrg.bio2db.com/Nicotiana_tabacum.rga.cds.fa,2.8MB,2936012,2024/4/8
Nicotiana_tabacum,protein,Nicotiana_tabacum.rga.pro.fa,http://plantrg.bio2db.com/Nicotiana_tabacum.rga.pro.fa,993.0KB,1016832,2024/4/8
Nicotiana_tomentosiformis,CDS,Nicotiana_tomentosiformis.rga.cds.fa,http://plantrg.bio2db.com/Nicotiana_tomentosiformis.rga.cds.fa,5.3MB,5557452,2024/4/11
Nicotiana_tomentosiformis,protein,Nicotiana_tomentosiformis.rga.pro.fa,http://plantrg.bio2db.com/Nicotiana_tomentosiformis.rga.pro.fa,1.8MB,1887436,2024/4/11
Nissolia_schottii,CDS,Nissolia_schottii.rga.cds.fa,http://plantrg.bio2db.com/Nissolia_schottii.rga.cds.fa,3.7MB,3879731,2024/4/8
Nissolia_schottii,protein,Nissolia_schottii.rga.pro.fa,http://plantrg.bio2db.com/Nissolia_schottii.rga.pro.fa,1.2MB,1258291,2024/4/8
Nymphaea_colorata,CDS,Nymphaea_colorata.rga.cds.fa,http://plantrg.bio2db.com/Nymphaea_colorata.rga.cds.fa,2.7MB,2831155,2024/4/11
Nymphaea_colorata,protein,Nymphaea_colorata.rga.pro.fa,http://plantrg.bio2db.com/Nymphaea_colorata.rga.pro.fa,924.4KB,946585,2024/4/11
Nymphoides_indica,CDS,Nymphoides_indica.rga.cds.fa,http://plantrg.bio2db.com/Nymphoides_indica.rga.cds.fa,2.7MB,2831155,2024/4/8
Nymphoides_indica,protein,Nymphoides_indica.rga.pro.fa,http://plantrg.bio2db.com/Nymphoides_indica.rga.pro.fa,941.8KB,964403,2024/4/8
Nyssa_sinensis,CDS,Nyssa_sinensis.rga.cds.fa,http://plantrg.bio2db.com/Nyssa_sinensis.rga.cds.fa,4.0MB,4194304,2024/4/8
Nyssa_sinensis,protein,Nyssa_sinensis.rga.pro.fa,http://plantrg.bio2db.com/Nyssa_sinensis.rga.pro.fa,1.4MB,1468006,2024/4/8
Nyssa_yunnanensis,CDS,Nyssa_yunnanensis.rga.cds.fa,http://plantrg.bio2db.com/Nyssa_yunnanensis.rga.cds.fa,3.2MB,3355443,2024/4/8
Nyssa_yunnanensis,protein,Nyssa_yunnanensis.rga.pro.fa,http://plantrg.bio2db.com/Nyssa_yunnanensis.rga.pro.fa,1.1MB,1153433,2024/4/8
Ochroma_pyramidale,CDS,Ochroma_pyramidale.rga.cds.fa,http://plantrg.bio2db.com/Ochroma_pyramidale.rga.cds.fa,4.3MB,4508876,2024/4/8
Ochroma_pyramidale,protein,Ochroma_pyramidale.rga.pro.fa,http://plantrg.bio2db.com/Ochroma_pyramidale.rga.pro.fa,1.5MB,1572864,2024/4/8
Oldenlandia_corymbosa,CDS,Oldenlandia_corymbosa.rga.cds.fa,http://plantrg.bio2db.com/Oldenlandia_corymbosa.rga.cds.fa,3.7MB,3879731,2024/4/8
Oldenlandia_corymbosa,protein,Oldenlandia_corymbosa.rga.pro.fa,http://plantrg.bio2db.com/Oldenlandia_corymbosa.rga.pro.fa,1.3MB,1363148,2024/4/8
Olea_europaea,CDS,Olea_europaea.rga.cds.fa,http://plantrg.bio2db.com/Olea_europaea.rga.cds.fa,3.6MB,3774873,2024/4/11
Olea_europaea,protein,Olea_europaea.rga.pro.fa,http://plantrg.bio2db.com/Olea_europaea.rga.pro.fa,1.2MB,1258291,2024/4/11
Olyra_latifolia,CDS,Olyra_latifolia.rga.cds.fa,http://plantrg.bio2db.com/Olyra_latifolia.rga.cds.fa,3.6MB,3774873,2024/4/11
Olyra_latifolia,protein,Olyra_latifolia.rga.pro.fa,http://plantrg.bio2db.com/Olyra_latifolia.rga.pro.fa,1.2MB,1258291,2024/4/11
Ophiorrhiza_pumila,CDS,Ophiorrhiza_pumila.rga.cds.fa,http://plantrg.bio2db.com/Ophiorrhiza_pumila.rga.cds.fa,3.0MB,3145728,2024/4/8
Ophiorrhiza_pumila,protein,Ophiorrhiza_pumila.rga.pro.fa,http://plantrg.bio2db.com/Ophiorrhiza_pumila.rga.pro.fa,1.0MB,1048576,2024/4/8
Origanum_majorana,CDS,Origanum_majorana.rga.cds.fa,http://plantrg.bio2db.com/Origanum_majorana.rga.cds.fa,4.0MB,4194304,2024/4/8
Origanum_majorana,protein,Origanum_majorana.rga.pro.fa,http://plantrg.bio2db.com/Origanum_majorana.rga.pro.fa,1.3MB,1363148,2024/4/8
Origanum_vulgare,CDS,Origanum_vulgare.rga.cds.fa,http://plantrg.bio2db.com/Origanum_vulgare.rga.cds.fa,3.9MB,4089446,2024/4/8
Origanum_vulgare,protein,Origanum_vulgare.rga.pro.fa,http://plantrg.bio2db.com/Origanum_vulgare.rga.pro.fa,1.3MB,1363148,2024/4/8
Orobanche_aegyptiaca,CDS,Orobanche_aegyptiaca.rga.cds.fa,http://plantrg.bio2db.com/Orobanche_aegyptiaca.rga.cds.fa,1.6MB,1677721,2024/4/8
Orobanche_aegyptiaca,protein,Orobanche_aegyptiaca.rga.pro.fa,http://plantrg.bio2db.com/Orobanche_aegyptiaca.rga.pro.fa,549.4KB,562585,2024/4/8
Orobanche_cumana,CDS,Orobanche_cumana.rga.cds.fa,http://plantrg.bio2db.com/Orobanche_cumana.rga.cds.fa,1.7MB,1782579,2024/4/8
Orobanche_cumana,protein,Orobanche_cumana.rga.pro.fa,http://plantrg.bio2db.com/Orobanche_cumana.rga.pro.fa,578.3KB,592179,2024/4/8
Oropetium_thomaeum,CDS,Oropetium_thomaeum.rga.cds.fa,http://plantrg.bio2db.com/Oropetium_thomaeum.rga.cds.fa,1.1MB,1153433,2024/4/8
Oropetium_thomaeum,protein,Oropetium_thomaeum.rga.pro.fa,http://plantrg.bio2db.com/Oropetium_thomaeum.rga.pro.fa,399.3KB,408883,2024/4/8
Orychophragmus_violaceus,CDS,Orychophragmus_violaceus.rga.cds.fa,http://plantrg.bio2db.com/Orychophragmus_violaceus.rga.cds.fa,3.9MB,4089446,2024/4/11
Orychophragmus_violaceus,protein,Orychophragmus_violaceus.rga.pro.fa,http://plantrg.bio2db.com/Orychophragmus_violaceus.rga.pro.fa,1.3MB,1363148,2024/4/11
Oryza_alta,CDS,Oryza_alta.rga.cds.fa,http://plantrg.bio2db.com/Oryza_alta.rga.cds.fa,7.6MB,7969177,2024/4/8
Oryza_alta,protein,Oryza_alta.rga.pro.fa,http://plantrg.bio2db.com/Oryza_alta.rga.pro.fa,2.6MB,2726297,2024/4/8
Oryza_barthii,CDS,Oryza_barthii.rga.cds.fa,http://plantrg.bio2db.com/Oryza_barthii.rga.cds.fa,4.5MB,4718592,2024/4/11
Oryza_barthii,protein,Oryza_barthii.rga.pro.fa,http://plantrg.bio2db.com/Oryza_barthii.rga.pro.fa,1.5MB,1572864,2024/4/11
Oryza_brachyantha,CDS,Oryza_brachyantha.rga.cds.fa,http://plantrg.bio2db.com/Oryza_brachyantha.rga.cds.fa,3.0MB,3145728,2024/4/11
Oryza_brachyantha,protein,Oryza_brachyantha.rga.pro.fa,http://plantrg.bio2db.com/Oryza_brachyantha.rga.pro.fa,1.0MB,1048576,2024/4/11
Oryza_coarctata,CDS,Oryza_coarctata.rga.cds.fa,http://plantrg.bio2db.com/Oryza_coarctata.rga.cds.fa,5.8MB,6081740,2024/4/8
Oryza_coarctata,protein,Oryza_coarctata.rga.pro.fa,http://plantrg.bio2db.com/Oryza_coarctata.rga.pro.fa,2.0MB,2097152,2024/4/8
Oryza_glaberrima,CDS,Oryza_glaberrima.rga.cds.fa,http://plantrg.bio2db.com/Oryza_glaberrima.rga.cds.fa,4.0MB,4194304,2024/4/11
Oryza_glaberrima,protein,Oryza_glaberrima.rga.pro.fa,http://plantrg.bio2db.com/Oryza_glaberrima.rga.pro.fa,1.3MB,1363148,2024/4/11
Oryza_glumaepatula,CDS,Oryza_glumaepatula.rga.cds.fa,http://plantrg.bio2db.com/Oryza_glumaepatula.rga.cds.fa,4.4MB,4613734,2024/4/11
Oryza_glumaepatula,protein,Oryza_glumaepatula.rga.pro.fa,http://plantrg.bio2db.com/Oryza_glumaepatula.rga.pro.fa,1.5MB,1572864,2024/4/11
Oryza_granulata,CDS,Oryza_granulata.rga.cds.fa,http://plantrg.bio2db.com/Oryza_granulata.rga.cds.fa,3.2MB,3355443,2024/4/8
Oryza_granulata,protein,Oryza_granulata.rga.pro.fa,http://plantrg.bio2db.com/Oryza_granulata.rga.pro.fa,1.1MB,1153433,2024/4/8
Oryza_meridionalis,CDS,Oryza_meridionalis.rga.cds.fa,http://plantrg.bio2db.com/Oryza_meridionalis.rga.cds.fa,3.4MB,3565158,2024/4/11
Oryza_meridionalis,protein,Oryza_meridionalis.rga.pro.fa,http://plantrg.bio2db.com/Oryza_meridionalis.rga.pro.fa,1.2MB,1258291,2024/4/11
Oryza_nivara,CDS,Oryza_nivara.rga.cds.fa,http://plantrg.bio2db.com/Oryza_nivara.rga.cds.fa,4.7MB,4928307,2024/4/11
Oryza_nivara,protein,Oryza_nivara.rga.pro.fa,http://plantrg.bio2db.com/Oryza_nivara.rga.pro.fa,1.6MB,1677721,2024/4/11
Oryza_punctata,CDS,Oryza_punctata.rga.cds.fa,http://plantrg.bio2db.com/Oryza_punctata.rga.cds.fa,4.0MB,4194304,2024/4/11
Oryza_punctata,protein,Oryza_punctata.rga.pro.fa,http://plantrg.bio2db.com/Oryza_punctata.rga.pro.fa,1.4MB,1468006,2024/4/11
Oryza_rufipogon,CDS,Oryza_rufipogon.rga.cds.fa,http://plantrg.bio2db.com/Oryza_rufipogon.rga.cds.fa,4.8MB,5033164,2024/4/11
Oryza_rufipogon,protein,Oryza_rufipogon.rga.pro.fa,http://plantrg.bio2db.com/Oryza_rufipogon.rga.pro.fa,1.6MB,1677721,2024/4/11
Oryza_sativa,CDS,Oryza_sativa.rga.cds.fa,http://plantrg.bio2db.com/Oryza_sativa.rga.cds.fa,4.6MB,4823449,2024/4/11
Oryza_sativa,protein,Oryza_sativa.rga.pro.fa,http://plantrg.bio2db.com/Oryza_sativa.rga.pro.fa,1.6MB,1677721,2024/4/11
Ostreococcus_lucimarinus,CDS,Ostreococcus_lucimarinus.rga.cds.fa,http://plantrg.bio2db.com/Ostreococcus_lucimarinus.rga.cds.fa,203.2KB,208076,2024/4/8
Ostreococcus_lucimarinus,protein,Ostreococcus_lucimarinus.rga.pro.fa,http://plantrg.bio2db.com/Ostreococcus_lucimarinus.rga.pro.fa,68.7KB,70348,2024/4/8
Ostrya_rehderiana,CDS,Ostrya_rehderiana.rga.cds.fa,http://plantrg.bio2db.com/Ostrya_rehderiana.rga.cds.fa,2.1MB,2202009,2024/4/11
Ostrya_rehderiana,protein,Ostrya_rehderiana.rga.pro.fa,http://plantrg.bio2db.com/Ostrya_rehderiana.rga.pro.fa,719.3KB,736563,2024/4/11
Paeonia_ludlowii,CDS,Paeonia_ludlowii.rga.cds.fa,http://plantrg.bio2db.com/Paeonia_ludlowii.rga.cds.fa,3.0MB,3145728,2024/4/8
Paeonia_ludlowii,protein,Paeonia_ludlowii.rga.pro.fa,http://plantrg.bio2db.com/Paeonia_ludlowii.rga.pro.fa,1.0MB,1048576,2024/4/8
Paeonia_ostii,CDS,Paeonia_ostii.rga.cds.fa,http://plantrg.bio2db.com/Paeonia_ostii.rga.cds.fa,2.6MB,2726297,2024/4/11
Paeonia_ostii,protein,Paeonia_ostii.rga.pro.fa,http://plantrg.bio2db.com/Paeonia_ostii.rga.pro.fa,930.9KB,953241,2024/4/11
Paeonia_suffruticosa,CDS,Paeonia_suffruticosa.rga.cds.fa,http://plantrg.bio2db.com/Paeonia_suffruticosa.rga.cds.fa,1.6MB,1677721,2024/4/11
Paeonia_suffruticosa,protein,Paeonia_suffruticosa.rga.pro.fa,http://plantrg.bio2db.com/Paeonia_suffruticosa.rga.pro.fa,576.6KB,590438,2024/4/11
Panax_ginseng,CDS,Panax_ginseng.rga.cds.fa,http://plantrg.bio2db.com/Panax_ginseng.rga.cds.fa,4.8MB,5033164,2024/4/8
Panax_ginseng,protein,Panax_ginseng.rga.pro.fa,http://plantrg.bio2db.com/Panax_ginseng.rga.pro.fa,1.6MB,1677721,2024/4/8
Panax_japonicus,CDS,Panax_japonicus.rga.cds.fa,http://plantrg.bio2db.com/Panax_japonicus.rga.cds.fa,4.6MB,4823449,2024/4/8
Panax_japonicus,protein,Panax_japonicus.rga.pro.fa,http://plantrg.bio2db.com/Panax_japonicus.rga.pro.fa,1.6MB,1677721,2024/4/8
Panax_notoginseng,CDS,Panax_notoginseng.rga.cds.fa,http://plantrg.bio2db.com/Panax_notoginseng.rga.cds.fa,2.4MB,2516582,2024/4/8
Panax_notoginseng,protein,Panax_notoginseng.rga.pro.fa,http://plantrg.bio2db.com/Panax_notoginseng.rga.pro.fa,839.3KB,859443,2024/4/8
Panax_quinquefolius,CDS,Panax_quinquefolius.rga.cds.fa,http://plantrg.bio2db.com/Panax_quinquefolius.rga.cds.fa,4.2MB,4404019,2024/4/8
Panax_quinquefolius,protein,Panax_quinquefolius.rga.pro.fa,http://plantrg.bio2db.com/Panax_quinquefolius.rga.pro.fa,1.4MB,1468006,2024/4/8
Panax_stipuleanatus,CDS,Panax_stipuleanatus.rga.cds.fa,http://plantrg.bio2db.com/Panax_stipuleanatus.rga.cds.fa,2.3MB,2411724,2024/4/8
Panax_stipuleanatus,protein,Panax_stipuleanatus.rga.pro.fa,http://plantrg.bio2db.com/Panax_stipuleanatus.rga.pro.fa,814.8KB,834355,2024/4/8
Panicum_hallii,CDS,Panicum_hallii.rga.cds.fa,http://plantrg.bio2db.com/Panicum_hallii.rga.cds.fa,3.4MB,3565158,2024/4/11
Panicum_hallii,protein,Panicum_hallii.rga.pro.fa,http://plantrg.bio2db.com/Panicum_hallii.rga.pro.fa,1.2MB,1258291,2024/4/11
Panicum_miliaceum,CDS,Panicum_miliaceum.rga.cds.fa,http://plantrg.bio2db.com/Panicum_miliaceum.rga.cds.fa,6.2MB,6501171,2024/4/11
Panicum_miliaceum,protein,Panicum_miliaceum.rga.pro.fa,http://plantrg.bio2db.com/Panicum_miliaceum.rga.pro.fa,2.1MB,2202009,2024/4/11
Panicum_virgatum,CDS,Panicum_virgatum.rga.cds.fa,http://plantrg.bio2db.com/Panicum_virgatum.rga.cds.fa,7.8MB,8178892,2024/4/11
Panicum_virgatum,protein,Panicum_virgatum.rga.pro.fa,http://plantrg.bio2db.com/Panicum_virgatum.rga.pro.fa,2.7MB,2831155,2024/4/11
Papaver_rhoeas,CDS,Papaver_rhoeas.rga.cds.fa,http://plantrg.bio2db.com/Papaver_rhoeas.rga.cds.fa,4.2MB,4404019,2024/4/11
Papaver_rhoeas,protein,Papaver_rhoeas.rga.pro.fa,http://plantrg.bio2db.com/Papaver_rhoeas.rga.pro.fa,1.4MB,1468006,2024/4/11
Papaver_setigerum,CDS,Papaver_setigerum.rga.cds.fa,http://plantrg.bio2db.com/Papaver_setigerum.rga.cds.fa,7.0MB,7340032,2024/4/11
Papaver_setigerum,protein,Papaver_setigerum.rga.pro.fa,http://plantrg.bio2db.com/Papaver_setigerum.rga.pro.fa,2.4MB,2516582,2024/4/11
Papaver_somniferum,CDS,Papaver_somniferum.rga.cds.fa,http://plantrg.bio2db.com/Papaver_somniferum.rga.cds.fa,3.8MB,3984588,2024/4/11
Papaver_somniferum,protein,Papaver_somniferum.rga.pro.fa,http://plantrg.bio2db.com/Papaver_somniferum.rga.pro.fa,1.3MB,1363148,2024/4/11
Papilionanthehookeriana_xteres,CDS,Papilionanthehookeriana_xteres.rga.cds.fa,http://plantrg.bio2db.com/Papilionanthehookeriana_xteres.rga.cds.fa,2.5MB,2621440,2024/4/11
Papilionanthehookeriana_xteres,protein,Papilionanthehookeriana_xteres.rga.pro.fa,http://plantrg.bio2db.com/Papilionanthehookeriana_xteres.rga.pro.fa,615.1KB,629862,2024/4/11
Paspalum_vaginatum,CDS,Paspalum_vaginatum.rga.cds.fa,http://plantrg.bio2db.com/Paspalum_vaginatum.rga.cds.fa,4.5MB,4718592,2024/4/11
Paspalum_vaginatum,protein,Paspalum_vaginatum.rga.pro.fa,http://plantrg.bio2db.com/Paspalum_vaginatum.rga.pro.fa,1.5MB,1572864,2024/4/11
Paulownia_fortunei,CDS,Paulownia_fortunei.rga.cds.fa,http://plantrg.bio2db.com/Paulownia_fortunei.rga.cds.fa,3.1MB,3250585,2024/4/8
Paulownia_fortunei,protein,Paulownia_fortunei.rga.pro.fa,http://plantrg.bio2db.com/Paulownia_fortunei.rga.pro.fa,1.0MB,1048576,2024/4/8
Penium_margaritaceum,CDS,Penium_margaritaceum.rga.cds.fa,http://plantrg.bio2db.com/Penium_margaritaceum.rga.cds.fa,2.0MB,2097152,2024/4/8
Penium_margaritaceum,protein,Penium_margaritaceum.rga.pro.fa,http://plantrg.bio2db.com/Penium_margaritaceum.rga.pro.fa,716.7KB,733900,2024/4/8
Pennisetum_purpureum,CDS,Pennisetum_purpureum.rga.cds.fa,http://plantrg.bio2db.com/Pennisetum_purpureum.rga.cds.fa,6.1MB,6396313,2024/4/11
Pennisetum_purpureum,protein,Pennisetum_purpureum.rga.pro.fa,http://plantrg.bio2db.com/Pennisetum_purpureum.rga.pro.fa,1.7MB,1782579,2024/4/11
Perilla_frutescens,CDS,Perilla_frutescens.rga.cds.fa,http://plantrg.bio2db.com/Perilla_frutescens.rga.cds.fa,7.8MB,8178892,2024/4/8
Perilla_frutescens,protein,Perilla_frutescens.rga.pro.fa,http://plantrg.bio2db.com/Perilla_frutescens.rga.pro.fa,2.7MB,2831155,2024/4/8
Persea_americana,CDS,Persea_americana.rga.cds.fa,http://plantrg.bio2db.com/Persea_americana.rga.cds.fa,3.1MB,3250585,2024/4/8
Persea_americana,protein,Persea_americana.rga.pro.fa,http://plantrg.bio2db.com/Persea_americana.rga.pro.fa,1.0MB,1048576,2024/4/8
Petrea_volubilis,CDS,Petrea_volubilis.rga.cds.fa,http://plantrg.bio2db.com/Petrea_volubilis.rga.cds.fa,5.4MB,5662310,2024/4/8
Petrea_volubilis,protein,Petrea_volubilis.rga.pro.fa,http://plantrg.bio2db.com/Petrea_volubilis.rga.pro.fa,1.8MB,1887436,2024/4/8
Petunia_axillaris,CDS,Petunia_axillaris.rga.cds.fa,http://plantrg.bio2db.com/Petunia_axillaris.rga.cds.fa,3.0MB,3145728,2024/4/11
Petunia_axillaris,protein,Petunia_axillaris.rga.pro.fa,http://plantrg.bio2db.com/Petunia_axillaris.rga.pro.fa,1.0MB,1048576,2024/4/11
Petunia_inflata,CDS,Petunia_inflata.rga.cds.fa,http://plantrg.bio2db.com/Petunia_inflata.rga.cds.fa,3.8MB,3984588,2024/4/11
Petunia_inflata,protein,Petunia_inflata.rga.pro.fa,http://plantrg.bio2db.com/Petunia_inflata.rga.pro.fa,1.3MB,1363148,2024/4/11
Phalaenopsis_aphrodite,CDS,Phalaenopsis_aphrodite.rga.cds.fa,http://plantrg.bio2db.com/Phalaenopsis_aphrodite.rga.cds.fa,1.7MB,1782579,2024/4/11
Phalaenopsis_aphrodite,protein,Phalaenopsis_aphrodite.rga.pro.fa,http://plantrg.bio2db.com/Phalaenopsis_aphrodite.rga.pro.fa,588.3KB,602419,2024/4/11
Pharus_latifolius,CDS,Pharus_latifolius.rga.cds.fa,http://plantrg.bio2db.com/Pharus_latifolius.rga.cds.fa,3.0MB,3145728,2024/4/8
Pharus_latifolius,protein,Pharus_latifolius.rga.pro.fa,http://plantrg.bio2db.com/Pharus_latifolius.rga.pro.fa,1.0MB,1048576,2024/4/8
Phaseolus_acutifolius,CDS,Phaseolus_acutifolius.rga.cds.fa,http://plantrg.bio2db.com/Phaseolus_acutifolius.rga.cds.fa,3.4MB,3565158,2024/4/8
Phaseolus_acutifolius,protein,Phaseolus_acutifolius.rga.pro.fa,http://plantrg.bio2db.com/Phaseolus_acutifolius.rga.pro.fa,1.2MB,1258291,2024/4/8
Phaseolus_lunatus,CDS,Phaseolus_lunatus.rga.cds.fa,http://plantrg.bio2db.com/Phaseolus_lunatus.rga.cds.fa,3.4MB,3565158,2024/4/8
Phaseolus_lunatus,protein,Phaseolus_lunatus.rga.pro.fa,http://plantrg.bio2db.com/Phaseolus_lunatus.rga.pro.fa,1.2MB,1258291,2024/4/8
Phaseolus_vulgaris,CDS,Phaseolus_vulgaris.rga.cds.fa,http://plantrg.bio2db.com/Phaseolus_vulgaris.rga.cds.fa,4.4MB,4613734,2024/4/11
Phaseolus_vulgaris,protein,Phaseolus_vulgaris.rga.pro.fa,http://plantrg.bio2db.com/Phaseolus_vulgaris.rga.pro.fa,1.5MB,1572864,2024/4/11
Phoebe_bournei,CDS,Phoebe_bournei.rga.cds.fa,http://plantrg.bio2db.com/Phoebe_bournei.rga.cds.fa,4.4MB,4613734,2024/4/8
Phoebe_bournei,protein,Phoebe_bournei.rga.pro.fa,http://plantrg.bio2db.com/Phoebe_bournei.rga.pro.fa,1.5MB,1572864,2024/4/8
Phragmites_australis,CDS,Phragmites_australis.rga.cds.fa,http://plantrg.bio2db.com/Phragmites_australis.rga.cds.fa,5.6MB,5872025,2024/4/11
Phragmites_australis,protein,Phragmites_australis.rga.pro.fa,http://plantrg.bio2db.com/Phragmites_australis.rga.pro.fa,1.9MB,1992294,2024/4/11
Phyllostachys_edulis,CDS,Phyllostachys_edulis.rga.cds.fa,http://plantrg.bio2db.com/Phyllostachys_edulis.rga.cds.fa,5.7MB,5976883,2024/4/11
Phyllostachys_edulis,protein,Phyllostachys_edulis.rga.pro.fa,http://plantrg.bio2db.com/Phyllostachys_edulis.rga.pro.fa,1.9MB,1992294,2024/4/11
Physalis_angulata,CDS,Physalis_angulata.rga.cds.fa,http://plantrg.bio2db.com/Physalis_angulata.rga.cds.fa,6.3MB,6606028,2024/4/8
Physalis_angulata,protein,Physalis_angulata.rga.pro.fa,http://plantrg.bio2db.com/Physalis_angulata.rga.pro.fa,2.1MB,2202009,2024/4/8
Physalis_grisea,CDS,Physalis_grisea.rga.cds.fa,http://plantrg.bio2db.com/Physalis_grisea.rga.cds.fa,2.9MB,3040870,2024/4/11
Physalis_grisea,protein,Physalis_grisea.rga.pro.fa,http://plantrg.bio2db.com/Physalis_grisea.rga.pro.fa,1.0MB,1048576,2024/4/11
Physalis_pruinosa,CDS,Physalis_pruinosa.rga.cds.fa,http://plantrg.bio2db.com/Physalis_pruinosa.rga.cds.fa,2.9MB,3040870,2024/4/11
Physalis_pruinosa,protein,Physalis_pruinosa.rga.pro.fa,http://plantrg.bio2db.com/Physalis_pruinosa.rga.pro.fa,1015.4KB,1039769,2024/4/11
Physalis_pubescens,CDS,Physalis_pubescens.rga.cds.fa,http://plantrg.bio2db.com/Physalis_pubescens.rga.cds.fa,3.2MB,3355443,2024/4/11
Physalis_pubescens,protein,Physalis_pubescens.rga.pro.fa,http://plantrg.bio2db.com/Physalis_pubescens.rga.pro.fa,1.1MB,1153433,2024/4/11
Physcomitrella_patens,CDS,Physcomitrella_patens.rga.cds.fa,http://plantrg.bio2db.com/Physcomitrella_patens.rga.cds.fa,1.7MB,1782579,2024/4/8
Physcomitrella_patens,protein,Physcomitrella_patens.rga.pro.fa,http://plantrg.bio2db.com/Physcomitrella_patens.rga.pro.fa,607.0KB,621568,2024/4/8
Picrorhiza_kurrooa,CDS,Picrorhiza_kurrooa.rga.cds.fa,http://plantrg.bio2db.com/Picrorhiza_kurrooa.rga.cds.fa,3.4MB,3565158,2024/4/8
Picrorhiza_kurrooa,protein,Picrorhiza_kurrooa.rga.pro.fa,http://plantrg.bio2db.com/Picrorhiza_kurrooa.rga.pro.fa,1.2MB,1258291,2024/4/8
Pistia_stratiotes,CDS,Pistia_stratiotes.rga.cds.fa,http://plantrg.bio2db.com/Pistia_stratiotes.rga.cds.fa,1.7MB,1782579,2024/4/8
Pistia_stratiotes,protein,Pistia_stratiotes.rga.pro.fa,http://plantrg.bio2db.com/Pistia_stratiotes.rga.pro.fa,599.4KB,613785,2024/4/8
Pisum_sativum,CDS,Pisum_sativum.rga.cds.fa,http://plantrg.bio2db.com/Pisum_sativum.rga.cds.fa,2.7MB,2831155,2024/4/11
Pisum_sativum,protein,Pisum_sativum.rga.pro.fa,http://plantrg.bio2db.com/Pisum_sativum.rga.pro.fa,935.4KB,957849,2024/4/11
Platycodon_grandiflorus,CDS,Platycodon_grandiflorus.rga.cds.fa,http://plantrg.bio2db.com/Platycodon_grandiflorus.rga.cds.fa,2.8MB,2936012,2024/4/11
Platycodon_grandiflorus,protein,Platycodon_grandiflorus.rga.pro.fa,http://plantrg.bio2db.com/Platycodon_grandiflorus.rga.pro.fa,960.1KB,983142,2024/4/11
Pogostemon_cablin,CDS,Pogostemon_cablin.rga.cds.fa,http://plantrg.bio2db.com/Pogostemon_cablin.rga.cds.fa,10.5MB,11010048,2024/4/11
Pogostemon_cablin,protein,Pogostemon_cablin.rga.pro.fa,http://plantrg.bio2db.com/Pogostemon_cablin.rga.pro.fa,3.6MB,3774873,2024/4/11
Polygala_tenuifolia,CDS,Polygala_tenuifolia.rga.cds.fa,http://plantrg.bio2db.com/Polygala_tenuifolia.rga.cds.fa,2.5MB,2621440,2024/4/8
Polygala_tenuifolia,protein,Polygala_tenuifolia.rga.pro.fa,http://plantrg.bio2db.com/Polygala_tenuifolia.rga.pro.fa,861.0KB,881664,2024/4/8
Polygonum_cuspidatum,CDS,Polygonum_cuspidatum.rga.cds.fa,http://plantrg.bio2db.com/Polygonum_cuspidatum.rga.cds.fa,2.2MB,2306867,2024/4/11
Polygonum_cuspidatum,protein,Polygonum_cuspidatum.rga.pro.fa,http://plantrg.bio2db.com/Polygonum_cuspidatum.rga.pro.fa,769.3KB,787763,2024/4/11
Populus_deltoides,CDS,Populus_deltoides.rga.cds.fa,http://plantrg.bio2db.com/Populus_deltoides.rga.cds.fa,2.7MB,2831155,2024/4/8
Populus_deltoides,protein,Populus_deltoides.rga.pro.fa,http://plantrg.bio2db.com/Populus_deltoides.rga.pro.fa,948.0KB,970752,2024/4/8
Populus_glandulosa,CDS,Populus_glandulosa.rga.cds.fa,http://plantrg.bio2db.com/Populus_glandulosa.rga.cds.fa,8.9MB,9332326,2024/4/11
Populus_glandulosa,protein,Populus_glandulosa.rga.pro.fa,http://plantrg.bio2db.com/Populus_glandulosa.rga.pro.fa,3.0MB,3145728,2024/4/11
Populus_glandulosa_x_alba,CDS,Populus_glandulosa_x_alba.rga.cds.fa,http://plantrg.bio2db.com/Populus_glandulosa_x_alba.rga.cds.fa,8.9MB,9332326,2024/4/8
Populus_glandulosa_x_alba,protein,Populus_glandulosa_x_alba.rga.pro.fa,http://plantrg.bio2db.com/Populus_glandulosa_x_alba.rga.pro.fa,3.0MB,3145728,2024/4/8
Populus_ilicifolia,CDS,Populus_ilicifolia.rga.cds.fa,http://plantrg.bio2db.com/Populus_ilicifolia.rga.cds.fa,3.5MB,3670016,2024/4/8
Populus_ilicifolia,protein,Populus_ilicifolia.rga.pro.fa,http://plantrg.bio2db.com/Populus_ilicifolia.rga.pro.fa,1.2MB,1258291,2024/4/8
Populus_pruinosa,CDS,Populus_pruinosa.rga.cds.fa,http://plantrg.bio2db.com/Populus_pruinosa.rga.cds.fa,3.9MB,4089446,2024/4/11
Populus_pruinosa,protein,Populus_pruinosa.rga.pro.fa,http://plantrg.bio2db.com/Populus_pruinosa.rga.pro.fa,1.3MB,1363148,2024/4/11
Populus_tremula,CDS,Populus_tremula.rga.cds.fa,http://plantrg.bio2db.com/Populus_tremula.rga.cds.fa,3.0MB,3145728,2024/4/8
Populus_tremula,protein,Populus_tremula.rga.pro.fa,http://plantrg.bio2db.com/Populus_tremula.rga.pro.fa,889.3KB,910643,2024/4/8
Populus_trichocarpa,CDS,Populus_trichocarpa.rga.cds.fa,http://plantrg.bio2db.com/Populus_trichocarpa.rga.cds.fa,5.6MB,5872025,2024/4/11
Populus_trichocarpa,protein,Populus_trichocarpa.rga.pro.fa,http://plantrg.bio2db.com/Populus_trichocarpa.rga.pro.fa,1.9MB,1992294,2024/4/11
Porphyra_umbilicalis,CDS,Porphyra_umbilicalis.rga.cds.fa,http://plantrg.bio2db.com/Porphyra_umbilicalis.rga.cds.fa,494.5KB,506368,2024/4/8
Porphyra_umbilicalis,protein,Porphyra_umbilicalis.rga.pro.fa,http://plantrg.bio2db.com/Porphyra_umbilicalis.rga.pro.fa,167.6KB,171622,2024/4/8
Portulaca_amilis,CDS,Portulaca_amilis.rga.cds.fa,http://plantrg.bio2db.com/Portulaca_amilis.rga.cds.fa,3.8MB,3984588,2024/4/8
Portulaca_amilis,protein,Portulaca_amilis.rga.pro.fa,http://plantrg.bio2db.com/Portulaca_amilis.rga.pro.fa,1.3MB,1363148,2024/4/8
Portulaca_oleracea,CDS,Portulaca_oleracea.rga.cds.fa,http://plantrg.bio2db.com/Portulaca_oleracea.rga.cds.fa,3.9MB,4089446,2024/4/8
Portulaca_oleracea,protein,Portulaca_oleracea.rga.pro.fa,http://plantrg.bio2db.com/Portulaca_oleracea.rga.pro.fa,1.3MB,1363148,2024/4/8
Potentilla_anserina,CDS,Potentilla_anserina.rga.cds.fa,http://plantrg.bio2db.com/Potentilla_anserina.rga.cds.fa,3.8MB,3984588,2024/4/8
Potentilla_anserina,protein,Potentilla_anserina.rga.pro.fa,http://plantrg.bio2db.com/Potentilla_anserina.rga.pro.fa,1.3MB,1363148,2024/4/8
Potentilla_micrantha,CDS,Potentilla_micrantha.rga.cds.fa,http://plantrg.bio2db.com/Potentilla_micrantha.rga.cds.fa,2.7MB,2831155,2024/4/11
Potentilla_micrantha,protein,Potentilla_micrantha.rga.pro.fa,http://plantrg.bio2db.com/Potentilla_micrantha.rga.pro.fa,946.0KB,968704,2024/4/11
Prasinoderma_coloniale,CDS,Prasinoderma_coloniale.rga.cds.fa,http://plantrg.bio2db.com/Prasinoderma_coloniale.rga.cds.fa,401.6KB,411238,2024/4/8
Prasinoderma_coloniale,protein,Prasinoderma_coloniale.rga.pro.fa,http://plantrg.bio2db.com/Prasinoderma_coloniale.rga.pro.fa,136.6KB,139878,2024/4/8
Primula_veris,CDS,Primula_veris.rga.cds.fa,http://plantrg.bio2db.com/Primula_veris.rga.cds.fa,1.6MB,1677721,2024/4/11
Primula_veris,protein,Primula_veris.rga.pro.fa,http://plantrg.bio2db.com/Primula_veris.rga.pro.fa,554.9KB,568217,2024/4/11
Prinsepia_uniflora,CDS,Prinsepia_uniflora.rga.cds.fa,http://plantrg.bio2db.com/Prinsepia_uniflora.rga.cds.fa,4.0MB,4194304,2024/4/8
Prinsepia_uniflora,protein,Prinsepia_uniflora.rga.pro.fa,http://plantrg.bio2db.com/Prinsepia_uniflora.rga.pro.fa,1.4MB,1468006,2024/4/8
Prosopis_alba,CDS,Prosopis_alba.rga.cds.fa,http://plantrg.bio2db.com/Prosopis_alba.rga.cds.fa,8.3MB,8703180,2024/4/8
Prosopis_alba,protein,Prosopis_alba.rga.pro.fa,http://plantrg.bio2db.com/Prosopis_alba.rga.pro.fa,2.8MB,2936012,2024/4/8
Prosopis_cineraria,CDS,Prosopis_cineraria.rga.cds.fa,http://plantrg.bio2db.com/Prosopis_cineraria.rga.cds.fa,6.3MB,6606028,2024/4/8
Prosopis_cineraria,protein,Prosopis_cineraria.rga.pro.fa,http://plantrg.bio2db.com/Prosopis_cineraria.rga.pro.fa,2.1MB,2202009,2024/4/8
Protea_cynaroides,CDS,Protea_cynaroides.rga.cds.fa,http://plantrg.bio2db.com/Protea_cynaroides.rga.cds.fa,2.7MB,2831155,2024/4/8
Protea_cynaroides,protein,Protea_cynaroides.rga.pro.fa,http://plantrg.bio2db.com/Protea_cynaroides.rga.pro.fa,933.7KB,956108,2024/4/8
Prunus_armeniaca,CDS,Prunus_armeniaca.rga.cds.fa,http://plantrg.bio2db.com/Prunus_armeniaca.rga.cds.fa,4.4MB,4613734,2024/4/11
Prunus_armeniaca,protein,Prunus_armeniaca.rga.pro.fa,http://plantrg.bio2db.com/Prunus_armeniaca.rga.pro.fa,1.5MB,1572864,2024/4/11
Prunus_avium,CDS,Prunus_avium.rga.cds.fa,http://plantrg.bio2db.com/Prunus_avium.rga.cds.fa,3.8MB,3984588,2024/4/11
Prunus_avium,protein,Prunus_avium.rga.pro.fa,http://plantrg.bio2db.com/Prunus_avium.rga.pro.fa,1.3MB,1363148,2024/4/11
Prunus_campanulata,CDS,Prunus_campanulata.rga.cds.fa,http://plantrg.bio2db.com/Prunus_campanulata.rga.cds.fa,3.9MB,4089446,2024/4/8
Prunus_campanulata,protein,Prunus_campanulata.rga.pro.fa,http://plantrg.bio2db.com/Prunus_campanulata.rga.pro.fa,1.3MB,1363148,2024/4/8
Prunus_domestica,CDS,Prunus_domestica.rga.cds.fa,http://plantrg.bio2db.com/Prunus_domestica.rga.cds.fa,9.7MB,10171187,2024/4/11
Prunus_domestica,protein,Prunus_domestica.rga.pro.fa,http://plantrg.bio2db.com/Prunus_domestica.rga.pro.fa,3.3MB,3460300,2024/4/11
Prunus_dulcis,CDS,Prunus_dulcis.rga.cds.fa,http://plantrg.bio2db.com/Prunus_dulcis.rga.cds.fa,4.0MB,4194304,2024/4/11
Prunus_dulcis,protein,Prunus_dulcis.rga.pro.fa,http://plantrg.bio2db.com/Prunus_dulcis.rga.pro.fa,1.4MB,1468006,2024/4/11
Prunus_fruticosa,CDS,Prunus_fruticosa.rga.cds.fa,http://plantrg.bio2db.com/Prunus_fruticosa.rga.cds.fa,13.3MB,13946060,2024/4/8
Prunus_fruticosa,protein,Prunus_fruticosa.rga.pro.fa,http://plantrg.bio2db.com/Prunus_fruticosa.rga.pro.fa,4.5MB,4718592,2024/4/8
Prunus_hongpingensis,CDS,Prunus_hongpingensis.rga.cds.fa,http://plantrg.bio2db.com/Prunus_hongpingensis.rga.cds.fa,2.5MB,2621440,2024/4/8
Prunus_hongpingensis,protein,Prunus_hongpingensis.rga.pro.fa,http://plantrg.bio2db.com/Prunus_hongpingensis.rga.pro.fa,866.1KB,886886,2024/4/8
Prunus_mandshurica,CDS,Prunus_mandshurica.rga.cds.fa,http://plantrg.bio2db.com/Prunus_mandshurica.rga.cds.fa,4.9MB,5138022,2024/4/11
Prunus_mandshurica,protein,Prunus_mandshurica.rga.pro.fa,http://plantrg.bio2db.com/Prunus_mandshurica.rga.pro.fa,1.7MB,1782579,2024/4/11
Prunus_mongolica,CDS,Prunus_mongolica.rga.cds.fa,http://plantrg.bio2db.com/Prunus_mongolica.rga.cds.fa,3.4MB,3565158,2024/4/8
Prunus_mongolica,protein,Prunus_mongolica.rga.pro.fa,http://plantrg.bio2db.com/Prunus_mongolica.rga.pro.fa,1.2MB,1258291,2024/4/8
Prunus_mume,CDS,Prunus_mume.rga.cds.fa,http://plantrg.bio2db.com/Prunus_mume.rga.cds.fa,3.9MB,4089446,2024/4/11
Prunus_mume,protein,Prunus_mume.rga.pro.fa,http://plantrg.bio2db.com/Prunus_mume.rga.pro.fa,1.3MB,1363148,2024/4/11
Prunus_salicina,CDS,Prunus_salicina.rga.cds.fa,http://plantrg.bio2db.com/Prunus_salicina.rga.cds.fa,665.1KB,681062,2024/4/11
Prunus_salicina,protein,Prunus_salicina.rga.pro.fa,http://plantrg.bio2db.com/Prunus_salicina.rga.pro.fa,665.1KB,681062,2024/4/11
Prunus_sibirica,CDS,Prunus_sibirica.rga.cds.fa,http://plantrg.bio2db.com/Prunus_sibirica.rga.cds.fa,5.2MB,5452595,2024/4/11
Prunus_sibirica,protein,Prunus_sibirica.rga.pro.fa,http://plantrg.bio2db.com/Prunus_sibirica.rga.pro.fa,1.8MB,1887436,2024/4/11
Prunus_x_kanzakura,CDS,Prunus_x_kanzakura.rga.cds.fa,http://plantrg.bio2db.com/Prunus_x_kanzakura.rga.cds.fa,8.7MB,9122611,2024/4/8
Prunus_x_kanzakura,protein,Prunus_x_kanzakura.rga.pro.fa,http://plantrg.bio2db.com/Prunus_x_kanzakura.rga.pro.fa,3.0MB,3145728,2024/4/8
Prunus_yedoensis,CDS,Prunus_yedoensis.rga.cds.fa,http://plantrg.bio2db.com/Prunus_yedoensis.rga.cds.fa,3.4MB,3565158,2024/4/11
Prunus_yedoensis,protein,Prunus_yedoensis.rga.pro.fa,http://plantrg.bio2db.com/Prunus_yedoensis.rga.pro.fa,1.1MB,1153433,2024/4/11
Prunus_zhengheensis,CDS,Prunus_zhengheensis.rga.cds.fa,http://plantrg.bio2db.com/Prunus_zhengheensis.rga.cds.fa,2.3MB,2411724,2024/4/8
Prunus_zhengheensis,protein,Prunus_zhengheensis.rga.pro.fa,http://plantrg.bio2db.com/Prunus_zhengheensis.rga.pro.fa,804.7KB,824012,2024/4/8
Pterocarpus_macrocarpus,CDS,Pterocarpus_macrocarpus.rga.cds.fa,http://plantrg.bio2db.com/Pterocarpus_macrocarpus.rga.cds.fa,3.1MB,3250585,2024/4/8
Pterocarpus_macrocarpus,protein,Pterocarpus_macrocarpus.rga.pro.fa,http://plantrg.bio2db.com/Pterocarpus_macrocarpus.rga.pro.fa,1.1MB,1153433,2024/4/8
Pterocarpus_santalinus,CDS,Pterocarpus_santalinus.rga.cds.fa,http://plantrg.bio2db.com/Pterocarpus_santalinus.rga.cds.fa,3.4MB,3565158,2024/4/8
Pterocarpus_santalinus,protein,Pterocarpus_santalinus.rga.pro.fa,http://plantrg.bio2db.com/Pterocarpus_santalinus.rga.pro.fa,1.1MB,1153433,2024/4/8
Punica_granatum,CDS,Punica_granatum.rga.cds.fa,http://plantrg.bio2db.com/Punica_granatum.rga.cds.fa,3.2MB,3355443,2024/4/11
Punica_granatum,protein,Punica_granatum.rga.pro.fa,http://plantrg.bio2db.com/Punica_granatum.rga.pro.fa,1.1MB,1153433,2024/4/11
Pyrus_betulifolia,CDS,Pyrus_betulifolia.rga.cds.fa,http://plantrg.bio2db.com/Pyrus_betulifolia.rga.cds.fa,2.1MB,2202009,2024/4/11
Pyrus_betulifolia,protein,Pyrus_betulifolia.rga.pro.fa,http://plantrg.bio2db.com/Pyrus_betulifolia.rga.pro.fa,2.1MB,2202009,2024/4/11
Pyrus_bretschneideri,CDS,Pyrus_bretschneideri.rga.cds.fa,http://plantrg.bio2db.com/Pyrus_bretschneideri.rga.cds.fa,5.1MB,5347737,2024/4/11
Pyrus_bretschneideri,protein,Pyrus_bretschneideri.rga.pro.fa,http://plantrg.bio2db.com/Pyrus_bretschneideri.rga.pro.fa,1.7MB,1782579,2024/4/11
Pyrus_communis,CDS,Pyrus_communis.rga.cds.fa,http://plantrg.bio2db.com/Pyrus_communis.rga.cds.fa,3.9MB,4089446,2024/4/11
Pyrus_communis,protein,Pyrus_communis.rga.pro.fa,http://plantrg.bio2db.com/Pyrus_communis.rga.pro.fa,1.3MB,1363148,2024/4/11
Pyrus_pyrifolia,CDS,Pyrus_pyrifolia.rga.cds.fa,http://plantrg.bio2db.com/Pyrus_pyrifolia.rga.cds.fa,5.5MB,5767168,2024/4/11
Pyrus_pyrifolia,protein,Pyrus_pyrifolia.rga.pro.fa,http://plantrg.bio2db.com/Pyrus_pyrifolia.rga.pro.fa,1.8MB,1887436,2024/4/11
Quercus_acutissima,CDS,Quercus_acutissima.rga.cds.fa,http://plantrg.bio2db.com/Quercus_acutissima.rga.cds.fa,3.0MB,3145728,2024/4/11
Quercus_acutissima,protein,Quercus_acutissima.rga.pro.fa,http://plantrg.bio2db.com/Quercus_acutissima.rga.pro.fa,1.0MB,1048576,2024/4/11
Quercus_dentata,CDS,Quercus_dentata.rga.cds.fa,http://plantrg.bio2db.com/Quercus_dentata.rga.cds.fa,6.7MB,7025459,2024/4/8
Quercus_dentata,protein,Quercus_dentata.rga.pro.fa,http://plantrg.bio2db.com/Quercus_dentata.rga.pro.fa,2.3MB,2411724,2024/4/8
Quercus_mongolica,CDS,Quercus_mongolica.rga.cds.fa,http://plantrg.bio2db.com/Quercus_mongolica.rga.cds.fa,3.3MB,3460300,2024/4/8
Quercus_mongolica,protein,Quercus_mongolica.rga.pro.fa,http://plantrg.bio2db.com/Quercus_mongolica.rga.pro.fa,1.1MB,1153433,2024/4/8
Quercus_robur,CDS,Quercus_robur.rga.cds.fa,http://plantrg.bio2db.com/Quercus_robur.rga.cds.fa,6.1MB,6396313,2024/4/11
Quercus_robur,protein,Quercus_robur.rga.pro.fa,http://plantrg.bio2db.com/Quercus_robur.rga.pro.fa,2.1MB,2202009,2024/4/11
Quercus_suber,CDS,Quercus_suber.rga.cds.fa,http://plantrg.bio2db.com/Quercus_suber.rga.cds.fa,10.1MB,10590617,2024/4/8
Quercus_suber,protein,Quercus_suber.rga.pro.fa,http://plantrg.bio2db.com/Quercus_suber.rga.pro.fa,3.4MB,3565158,2024/4/8
Quercus_variabilis,CDS,Quercus_variabilis.rga.cds.fa,http://plantrg.bio2db.com/Quercus_variabilis.rga.cds.fa,3.2MB,3355443,2024/4/11
Quercus_variabilis,protein,Quercus_variabilis.rga.pro.fa,http://plantrg.bio2db.com/Quercus_variabilis.rga.pro.fa,1.1MB,1153433,2024/4/11
Raddia_distichophylla,CDS,Raddia_distichophylla.rga.cds.fa,http://plantrg.bio2db.com/Raddia_distichophylla.rga.cds.fa,2.3MB,2411724,2024/4/8
Raddia_distichophylla,protein,Raddia_distichophylla.rga.pro.fa,http://plantrg.bio2db.com/Raddia_distichophylla.rga.pro.fa,800.4KB,819609,2024/4/8
Raddia_guianensis,CDS,Raddia_guianensis.rga.cds.fa,http://plantrg.bio2db.com/Raddia_guianensis.rga.cds.fa,2.4MB,2516582,2024/4/8
Raddia_guianensis,protein,Raddia_guianensis.rga.pro.fa,http://plantrg.bio2db.com/Raddia_guianensis.rga.pro.fa,845.0KB,865280,2024/4/8
Raphanus_sativus,CDS,Raphanus_sativus.rga.cds.fa,http://plantrg.bio2db.com/Raphanus_sativus.rga.cds.fa,3.7MB,3879731,2024/4/11
Raphanus_sativus,protein,Raphanus_sativus.rga.pro.fa,http://plantrg.bio2db.com/Raphanus_sativus.rga.pro.fa,1.2MB,1258291,2024/4/11
Rhamphospermum_arvense,CDS,Rhamphospermum_arvense.rga.cds.fa,http://plantrg.bio2db.com/Rhamphospermum_arvense.rga.cds.fa,4.6MB,4823449,2024/4/11
Rhamphospermum_arvense,protein,Rhamphospermum_arvense.rga.pro.fa,http://plantrg.bio2db.com/Rhamphospermum_arvense.rga.pro.fa,1.5MB,1572864,2024/4/11
Rheum_tanguticum,CDS,Rheum_tanguticum.rga.cds.fa,http://plantrg.bio2db.com/Rheum_tanguticum.rga.cds.fa,2.6MB,2726297,2024/4/8
Rheum_tanguticum,protein,Rheum_tanguticum.rga.pro.fa,http://plantrg.bio2db.com/Rheum_tanguticum.rga.pro.fa,891.0KB,912384,2024/4/8
Rhodiola_crenulata,CDS,Rhodiola_crenulata.rga.cds.fa,http://plantrg.bio2db.com/Rhodiola_crenulata.rga.cds.fa,2.1MB,2202009,2024/4/11
Rhodiola_crenulata,protein,Rhodiola_crenulata.rga.pro.fa,http://plantrg.bio2db.com/Rhodiola_crenulata.rga.pro.fa,743.6KB,761446,2024/4/11
Rhododendron_delavayi,CDS,Rhododendron_delavayi.rga.cds.fa,http://plantrg.bio2db.com/Rhododendron_delavayi.rga.cds.fa,3.6MB,3774873,2024/4/11
Rhododendron_delavayi,protein,Rhododendron_delavayi.rga.pro.fa,http://plantrg.bio2db.com/Rhododendron_delavayi.rga.pro.fa,1.2MB,1258291,2024/4/11
Rhododendron_griersonianum,CDS,Rhododendron_griersonianum.rga.cds.fa,http://plantrg.bio2db.com/Rhododendron_griersonianum.rga.cds.fa,2.9MB,3040870,2024/4/11
Rhododendron_griersonianum,protein,Rhododendron_griersonianum.rga.pro.fa,http://plantrg.bio2db.com/Rhododendron_griersonianum.rga.pro.fa,1008.3KB,1032499,2024/4/11
Rhododendron_henanense,CDS,Rhododendron_henanense.rga.cds.fa,http://plantrg.bio2db.com/Rhododendron_henanense.rga.cds.fa,3.6MB,3774873,2024/4/11
Rhododendron_henanense,protein,Rhododendron_henanense.rga.pro.fa,http://plantrg.bio2db.com/Rhododendron_henanense.rga.pro.fa,1.0MB,1048576,2024/4/11
Rhododendron_molle,CDS,Rhododendron_molle.rga.cds.fa,http://plantrg.bio2db.com/Rhododendron_molle.rga.cds.fa,3.5MB,3670016,2024/4/11
Rhododendron_molle,protein,Rhododendron_molle.rga.pro.fa,http://plantrg.bio2db.com/Rhododendron_molle.rga.pro.fa,1.2MB,1258291,2024/4/11
Rhododendron_ovatum,CDS,Rhododendron_ovatum.rga.cds.fa,http://plantrg.bio2db.com/Rhododendron_ovatum.rga.cds.fa,5.7MB,5976883,2024/4/11
Rhododendron_ovatum,protein,Rhododendron_ovatum.rga.pro.fa,http://plantrg.bio2db.com/Rhododendron_ovatum.rga.pro.fa,1.9MB,1992294,2024/4/11
Rhododendron_prattii,CDS,Rhododendron_prattii.rga.cds.fa,http://plantrg.bio2db.com/Rhododendron_prattii.rga.cds.fa,5.1MB,5347737,2024/4/11
Rhododendron_prattii,protein,Rhododendron_prattii.rga.pro.fa,http://plantrg.bio2db.com/Rhododendron_prattii.rga.pro.fa,1.7MB,1782579,2024/4/11
Rhododendron_ripense,CDS,Rhododendron_ripense.rga.cds.fa,http://plantrg.bio2db.com/Rhododendron_ripense.rga.cds.fa,4.1MB,4299161,2024/4/11
Rhododendron_ripense,protein,Rhododendron_ripense.rga.pro.fa,http://plantrg.bio2db.com/Rhododendron_ripense.rga.pro.fa,1.4MB,1468006,2024/4/11
Rhododendron_simsii,CDS,Rhododendron_simsii.rga.cds.fa,http://plantrg.bio2db.com/Rhododendron_simsii.rga.cds.fa,3.9MB,4089446,2024/4/11
Rhododendron_simsii,protein,Rhododendron_simsii.rga.pro.fa,http://plantrg.bio2db.com/Rhododendron_simsii.rga.pro.fa,1.3MB,1363148,2024/4/11
Rhododendron_vialii,CDS,Rhododendron_vialii.rga.cds.fa,http://plantrg.bio2db.com/Rhododendron_vialii.rga.cds.fa,9.0MB,9437184,2024/4/8
Rhododendron_vialii,protein,Rhododendron_vialii.rga.pro.fa,http://plantrg.bio2db.com/Rhododendron_vialii.rga.pro.fa,3.1MB,3250585,2024/4/8
Rhododendron_williamsianum,CDS,Rhododendron_williamsianum.rga.cds.fa,http://plantrg.bio2db.com/Rhododendron_williamsianum.rga.cds.fa,1.9MB,1992294,2024/4/11
Rhododendron_williamsianum,protein,Rhododendron_williamsianum.rga.pro.fa,http://plantrg.bio2db.com/Rhododendron_williamsianum.rga.pro.fa,673.6KB,689766,2024/4/11
Rhynchospora_breviuscula,CDS,Rhynchospora_breviuscula.rga.cds.fa,http://plantrg.bio2db.com/Rhynchospora_breviuscula.rga.cds.fa,2.6MB,2726297,2024/4/8
Rhynchospora_breviuscula,protein,Rhynchospora_breviuscula.rga.pro.fa,http://plantrg.bio2db.com/Rhynchospora_breviuscula.rga.pro.fa,886.9KB,908185,2024/4/8
Rhynchospora_pubera,CDS,Rhynchospora_pubera.rga.cds.fa,http://plantrg.bio2db.com/Rhynchospora_pubera.rga.cds.fa,9.0MB,9437184,2024/4/8
Rhynchospora_pubera,protein,Rhynchospora_pubera.rga.pro.fa,http://plantrg.bio2db.com/Rhynchospora_pubera.rga.pro.fa,3.0MB,3145728,2024/4/8
Rhynchospora_tenuis,CDS,Rhynchospora_tenuis.rga.cds.fa,http://plantrg.bio2db.com/Rhynchospora_tenuis.rga.cds.fa,2.8MB,2936012,2024/4/8
Rhynchospora_tenuis,protein,Rhynchospora_tenuis.rga.pro.fa,http://plantrg.bio2db.com/Rhynchospora_tenuis.rga.pro.fa,967.4KB,990617,2024/4/8
Ricinus_communis,CDS,Ricinus_communis.rga.cds.fa,http://plantrg.bio2db.com/Ricinus_communis.rga.cds.fa,2.4MB,2516582,2024/4/11
Ricinus_communis,protein,Ricinus_communis.rga.pro.fa,http://plantrg.bio2db.com/Ricinus_communis.rga.pro.fa,817.5KB,837120,2024/4/11
Robinia_pseudoacacia,CDS,Robinia_pseudoacacia.rga.cds.fa,http://plantrg.bio2db.com/Robinia_pseudoacacia.rga.cds.fa,3.7MB,3879731,2024/4/8
Robinia_pseudoacacia,protein,Robinia_pseudoacacia.rga.pro.fa,http://plantrg.bio2db.com/Robinia_pseudoacacia.rga.pro.fa,1.3MB,1363148,2024/4/8
Roridula_gorgonias,CDS,Roridula_gorgonias.rga.cds.fa,http://plantrg.bio2db.com/Roridula_gorgonias.rga.cds.fa,1.9MB,1992294,2024/4/11
Roridula_gorgonias,protein,Roridula_gorgonias.rga.pro.fa,http://plantrg.bio2db.com/Roridula_gorgonias.rga.pro.fa,670.6KB,686694,2024/4/11
Rosa_chinensis,CDS,Rosa_chinensis.rga.cds.fa,http://plantrg.bio2db.com/Rosa_chinensis.rga.cds.fa,6.0MB,6291456,2024/4/11
Rosa_chinensis,protein,Rosa_chinensis.rga.pro.fa,http://plantrg.bio2db.com/Rosa_chinensis.rga.pro.fa,2.0MB,2097152,2024/4/11
Rosa_multiflora,CDS,Rosa_multiflora.rga.cds.fa,http://plantrg.bio2db.com/Rosa_multiflora.rga.cds.fa,8.4MB,8808038,2024/4/11
Rosa_multiflora,protein,Rosa_multiflora.rga.pro.fa,http://plantrg.bio2db.com/Rosa_multiflora.rga.pro.fa,2.9MB,3040870,2024/4/11
Rosa_roxburghii,CDS,Rosa_roxburghii.rga.cds.fa,http://plantrg.bio2db.com/Rosa_roxburghii.rga.cds.fa,5.3MB,5557452,2024/4/8
Rosa_roxburghii,protein,Rosa_roxburghii.rga.pro.fa,http://plantrg.bio2db.com/Rosa_roxburghii.rga.pro.fa,1.8MB,1887436,2024/4/8
Rosa_rugosa,CDS,Rosa_rugosa.rga.cds.fa,http://plantrg.bio2db.com/Rosa_rugosa.rga.cds.fa,5.4MB,5662310,2024/4/11
Rosa_rugosa,protein,Rosa_rugosa.rga.pro.fa,http://plantrg.bio2db.com/Rosa_rugosa.rga.pro.fa,1.8MB,1887436,2024/4/11
Rosa_wichuraiana,CDS,Rosa_wichuraiana.rga.cds.fa,http://plantrg.bio2db.com/Rosa_wichuraiana.rga.cds.fa,5.6MB,5872025,2024/4/11
Rosa_wichuraiana,protein,Rosa_wichuraiana.rga.pro.fa,http://plantrg.bio2db.com/Rosa_wichuraiana.rga.pro.fa,1.9MB,1992294,2024/4/11
Rubus_argutus,CDS,Rubus_argutus.rga.cds.fa,http://plantrg.bio2db.com/Rubus_argutus.rga.cds.fa,3.5MB,3670016,2024/4/11
Rubus_argutus,protein,Rubus_argutus.rga.pro.fa,http://plantrg.bio2db.com/Rubus_argutus.rga.pro.fa,1.2MB,1258291,2024/4/11
Rubus_chingii,CDS,Rubus_chingii.rga.cds.fa,http://plantrg.bio2db.com/Rubus_chingii.rga.cds.fa,4.2MB,4404019,2024/4/11
Rubus_chingii,protein,Rubus_chingii.rga.pro.fa,http://plantrg.bio2db.com/Rubus_chingii.rga.pro.fa,1.4MB,1468006,2024/4/11
Rubus_corchorifolius,CDS,Rubus_corchorifolius.rga.cds.fa,http://plantrg.bio2db.com/Rubus_corchorifolius.rga.cds.fa,2.5MB,2621440,2024/4/11
Rubus_corchorifolius,protein,Rubus_corchorifolius.rga.pro.fa,http://plantrg.bio2db.com/Rubus_corchorifolius.rga.pro.fa,860.3KB,880947,2024/4/11
Rubus_occidentalis,CDS,Rubus_occidentalis.rga.cds.fa,http://plantrg.bio2db.com/Rubus_occidentalis.rga.cds.fa,3.6MB,3774873,2024/4/11
Rubus_occidentalis,protein,Rubus_occidentalis.rga.pro.fa,http://plantrg.bio2db.com/Rubus_occidentalis.rga.pro.fa,1.2MB,1258291,2024/4/11
Rumex_hastatulus,CDS,Rumex_hastatulus.rga.cds.fa,http://plantrg.bio2db.com/Rumex_hastatulus.rga.cds.fa,622.0KB,636928,2024/4/8
Rumex_hastatulus,protein,Rumex_hastatulus.rga.pro.fa,http://plantrg.bio2db.com/Rumex_hastatulus.rga.pro.fa,210.6KB,215654,2024/4/8
Saccharum_hybrid,CDS,Saccharum_hybrid.rga.cds.fa,http://plantrg.bio2db.com/Saccharum_hybrid.rga.cds.fa,1.1MB,1153433,2024/4/11
Saccharum_hybrid,protein,Saccharum_hybrid.rga.pro.fa,http://plantrg.bio2db.com/Saccharum_hybrid.rga.pro.fa,397.5KB,407040,2024/4/11
Saccharum_spontaneum,CDS,Saccharum_spontaneum.rga.cds.fa,http://plantrg.bio2db.com/Saccharum_spontaneum.rga.cds.fa,9.5MB,9961472,2024/4/11
Saccharum_spontaneum,protein,Saccharum_spontaneum.rga.pro.fa,http://plantrg.bio2db.com/Saccharum_spontaneum.rga.pro.fa,3.2MB,3355443,2024/4/11
Salix_arbutifolia,CDS,Salix_arbutifolia.rga.cds.fa,http://plantrg.bio2db.com/Salix_arbutifolia.rga.cds.fa,2.9MB,3040870,2024/4/11
Salix_arbutifolia,protein,Salix_arbutifolia.rga.pro.fa,http://plantrg.bio2db.com/Salix_arbutifolia.rga.pro.fa,1014.0KB,1038336,2024/4/11
Salix_brachista,CDS,Salix_brachista.rga.cds.fa,http://plantrg.bio2db.com/Salix_brachista.rga.cds.fa,3.3MB,3460300,2024/4/11
Salix_brachista,protein,Salix_brachista.rga.pro.fa,http://plantrg.bio2db.com/Salix_brachista.rga.pro.fa,1.1MB,1153433,2024/4/11
Salix_chaenomeloides,CDS,Salix_chaenomeloides.rga.cds.fa,http://plantrg.bio2db.com/Salix_chaenomeloides.rga.cds.fa,3.9MB,4089446,2024/4/11
Salix_chaenomeloides,protein,Salix_chaenomeloides.rga.pro.fa,http://plantrg.bio2db.com/Salix_chaenomeloides.rga.pro.fa,1.1MB,1153433,2024/4/11
Salix_integra,CDS,Salix_integra.rga.cds.fa,http://plantrg.bio2db.com/Salix_integra.rga.cds.fa,2.3MB,2411724,2024/4/8
Salix_integra,protein,Salix_integra.rga.pro.fa,http://plantrg.bio2db.com/Salix_integra.rga.pro.fa,796.7KB,815820,2024/4/8
Salix_koriyanagi,CDS,Salix_koriyanagi.rga.cds.fa,http://plantrg.bio2db.com/Salix_koriyanagi.rga.cds.fa,2.1MB,2202009,2024/4/8
Salix_koriyanagi,protein,Salix_koriyanagi.rga.pro.fa,http://plantrg.bio2db.com/Salix_koriyanagi.rga.pro.fa,718.7KB,735948,2024/4/8
Salix_purpurea,CDS,Salix_purpurea.rga.cds.fa,http://plantrg.bio2db.com/Salix_purpurea.rga.cds.fa,2.3MB,2411724,2024/4/8
Salix_purpurea,protein,Salix_purpurea.rga.pro.fa,http://plantrg.bio2db.com/Salix_purpurea.rga.pro.fa,796.7KB,815820,2024/4/8
Salix_suchowensis,CDS,Salix_suchowensis.rga.cds.fa,http://plantrg.bio2db.com/Salix_suchowensis.rga.cds.fa,4.6MB,4823449,2024/4/11
Salix_suchowensis,protein,Salix_suchowensis.rga.pro.fa,http://plantrg.bio2db.com/Salix_suchowensis.rga.pro.fa,1.6MB,1677721,2024/4/11
Salvia_bowleyana,CDS,Salvia_bowleyana.rga.cds.fa,http://plantrg.bio2db.com/Salvia_bowleyana.rga.cds.fa,4.1MB,4299161,2024/4/8
Salvia_bowleyana,protein,Salvia_bowleyana.rga.pro.fa,http://plantrg.bio2db.com/Salvia_bowleyana.rga.pro.fa,1.4MB,1468006,2024/4/8
Salvia_hispanica,CDS,Salvia_hispanica.rga.cds.fa,http://plantrg.bio2db.com/Salvia_hispanica.rga.cds.fa,2.2MB,2306867,2024/4/11
Salvia_hispanica,protein,Salvia_hispanica.rga.pro.fa,http://plantrg.bio2db.com/Salvia_hispanica.rga.pro.fa,771.4KB,789913,2024/4/11
Salvia_rosmarinus,CDS,Salvia_rosmarinus.rga.cds.fa,http://plantrg.bio2db.com/Salvia_rosmarinus.rga.cds.fa,3.6MB,3774873,2024/4/11
Salvia_rosmarinus,protein,Salvia_rosmarinus.rga.pro.fa,http://plantrg.bio2db.com/Salvia_rosmarinus.rga.pro.fa,1.2MB,1258291,2024/4/11
Salvinia_cucullata,CDS,Salvinia_cucullata.rga.cds.fa,http://plantrg.bio2db.com/Salvinia_cucullata.rga.cds.fa,1.4MB,1468006,2024/4/8
Salvinia_cucullata,protein,Salvinia_cucullata.rga.pro.fa,http://plantrg.bio2db.com/Salvinia_cucullata.rga.pro.fa,492.0KB,503808,2024/4/8
Santalum_album,CDS,Santalum_album.rga.cds.fa,http://plantrg.bio2db.com/Santalum_album.rga.cds.fa,2.6MB,2726297,2024/4/8
Santalum_album,protein,Santalum_album.rga.pro.fa,http://plantrg.bio2db.com/Santalum_album.rga.pro.fa,901.6KB,923238,2024/4/8
Santalum_yasi,CDS,Santalum_yasi.rga.cds.fa,http://plantrg.bio2db.com/Santalum_yasi.rga.cds.fa,2.1MB,2202009,2024/4/8
Santalum_yasi,protein,Santalum_yasi.rga.pro.fa,http://plantrg.bio2db.com/Santalum_yasi.rga.pro.fa,713.7KB,730828,2024/4/8
Sapindus_mukorossi,CDS,Sapindus_mukorossi.rga.cds.fa,http://plantrg.bio2db.com/Sapindus_mukorossi.rga.cds.fa,2.8MB,2936012,2024/4/11
Sapindus_mukorossi,protein,Sapindus_mukorossi.rga.pro.fa,http://plantrg.bio2db.com/Sapindus_mukorossi.rga.pro.fa,978.6KB,1002086,2024/4/11
Saururus_chinensis,CDS,Saururus_chinensis.rga.cds.fa,http://plantrg.bio2db.com/Saururus_chinensis.rga.cds.fa,2.4MB,2516582,2024/4/11
Saururus_chinensis,protein,Saururus_chinensis.rga.pro.fa,http://plantrg.bio2db.com/Saururus_chinensis.rga.pro.fa,818.6KB,838246,2024/4/11
Schrenkiella_parvula,CDS,Schrenkiella_parvula.rga.cds.fa,http://plantrg.bio2db.com/Schrenkiella_parvula.rga.cds.fa,2.6MB,2726297,2024/4/11
Schrenkiella_parvula,protein,Schrenkiella_parvula.rga.pro.fa,http://plantrg.bio2db.com/Schrenkiella_parvula.rga.pro.fa,887.9KB,909209,2024/4/11
Sclerocarya_birrea,CDS,Sclerocarya_birrea.rga.cds.fa,http://plantrg.bio2db.com/Sclerocarya_birrea.rga.cds.fa,2.8MB,2936012,2024/4/11
Sclerocarya_birrea,protein,Sclerocarya_birrea.rga.pro.fa,http://plantrg.bio2db.com/Sclerocarya_birrea.rga.pro.fa,962.9KB,986009,2024/4/11
Scurrula_parasitica,CDS,Scurrula_parasitica.rga.cds.fa,http://plantrg.bio2db.com/Scurrula_parasitica.rga.cds.fa,1.8MB,1887436,2024/4/8
Scurrula_parasitica,protein,Scurrula_parasitica.rga.pro.fa,http://plantrg.bio2db.com/Scurrula_parasitica.rga.pro.fa,625.6KB,640614,2024/4/8
Scutellaria_baicalensis,CDS,Scutellaria_baicalensis.rga.cds.fa,http://plantrg.bio2db.com/Scutellaria_baicalensis.rga.cds.fa,2.4MB,2516582,2024/4/8
Scutellaria_baicalensis,protein,Scutellaria_baicalensis.rga.pro.fa,http://plantrg.bio2db.com/Scutellaria_baicalensis.rga.pro.fa,834.9KB,854937,2024/4/8
Secale_cereale,CDS,Secale_cereale.rga.cds.fa,http://plantrg.bio2db.com/Secale_cereale.rga.cds.fa,5.8MB,6081740,2024/4/11
Secale_cereale,protein,Secale_cereale.rga.pro.fa,http://plantrg.bio2db.com/Secale_cereale.rga.pro.fa,2.0MB,2097152,2024/4/11
Sechium_edule,CDS,Sechium_edule.rga.cds.fa,http://plantrg.bio2db.com/Sechium_edule.rga.cds.fa,2.6MB,2726297,2024/4/11
Sechium_edule,protein,Sechium_edule.rga.pro.fa,http://plantrg.bio2db.com/Sechium_edule.rga.pro.fa,917.3KB,939315,2024/4/11
Selaginella_moellendorffii,CDS,Selaginella_moellendorffii.rga.cds.fa,http://plantrg.bio2db.com/Selaginella_moellendorffii.rga.cds.fa,1.2MB,1258291,2024/4/8
Selaginella_moellendorffii,protein,Selaginella_moellendorffii.rga.pro.fa,http://plantrg.bio2db.com/Selaginella_moellendorffii.rga.pro.fa,423.6KB,433766,2024/4/8
Selenicereus_undatus,CDS,Selenicereus_undatus.rga.cds.fa,http://plantrg.bio2db.com/Selenicereus_undatus.rga.cds.fa,2.1MB,2202009,2024/4/8
Selenicereus_undatus,protein,Selenicereus_undatus.rga.pro.fa,http://plantrg.bio2db.com/Selenicereus_undatus.rga.pro.fa,726.0KB,743424,2024/4/8
Senna_siamea,CDS,Senna_siamea.rga.cds.fa,http://plantrg.bio2db.com/Senna_siamea.rga.cds.fa,2.2MB,2306867,2024/4/8
Senna_siamea,protein,Senna_siamea.rga.pro.fa,http://plantrg.bio2db.com/Senna_siamea.rga.pro.fa,776.6KB,795238,2024/4/8
Senna_tora,CDS,Senna_tora.rga.cds.fa,http://plantrg.bio2db.com/Senna_tora.rga.cds.fa,3.1MB,3250585,2024/4/11
Senna_tora,protein,Senna_tora.rga.pro.fa,http://plantrg.bio2db.com/Senna_tora.rga.pro.fa,1.1MB,1153433,2024/4/11
Sequoiadendron_giganteum,CDS,Sequoiadendron_giganteum.rga.cds.fa,http://plantrg.bio2db.com/Sequoiadendron_giganteum.rga.cds.fa,5.6MB,5872025,2024/4/8
Sequoiadendron_giganteum,protein,Sequoiadendron_giganteum.rga.pro.fa,http://plantrg.bio2db.com/Sequoiadendron_giganteum.rga.pro.fa,1.9MB,1992294,2024/4/8
Setaria_italica,CDS,Setaria_italica.rga.cds.fa,http://plantrg.bio2db.com/Setaria_italica.rga.cds.fa,4.3MB,4508876,2024/4/11
Setaria_italica,protein,Setaria_italica.rga.pro.fa,http://plantrg.bio2db.com/Setaria_italica.rga.pro.fa,1.5MB,1572864,2024/4/11
Setaria_viridis,CDS,Setaria_viridis.rga.cds.fa,http://plantrg.bio2db.com/Setaria_viridis.rga.cds.fa,4.0MB,4194304,2024/4/11
Setaria_viridis,protein,Setaria_viridis.rga.pro.fa,http://plantrg.bio2db.com/Setaria_viridis.rga.pro.fa,1.4MB,1468006,2024/4/11
Shorea_wangtianshuea,CDS,Shorea_wangtianshuea.rga.cds.fa,http://plantrg.bio2db.com/Shorea_wangtianshuea.rga.cds.fa,2.3MB,2411724,2024/4/8
Shorea_wangtianshuea,protein,Shorea_wangtianshuea.rga.pro.fa,http://plantrg.bio2db.com/Shorea_wangtianshuea.rga.pro.fa,784.6KB,803430,2024/4/8
Silene_latifolia,CDS,Silene_latifolia.rga.cds.fa,http://plantrg.bio2db.com/Silene_latifolia.rga.cds.fa,4.3MB,4508876,2024/4/8
Silene_latifolia,protein,Silene_latifolia.rga.pro.fa,http://plantrg.bio2db.com/Silene_latifolia.rga.pro.fa,1.5MB,1572864,2024/4/8
Simmondsia_chinensis,CDS,Simmondsia_chinensis.rga.cds.fa,http://plantrg.bio2db.com/Simmondsia_chinensis.rga.cds.fa,1.8MB,1887436,2024/4/11
Simmondsia_chinensis,protein,Simmondsia_chinensis.rga.pro.fa,http://plantrg.bio2db.com/Simmondsia_chinensis.rga.pro.fa,627.3KB,642355,2024/4/11
Sinapis_alba,CDS,Sinapis_alba.rga.cds.fa,http://plantrg.bio2db.com/Sinapis_alba.rga.cds.fa,3.7MB,3879731,2024/4/11
Sinapis_alba,protein,Sinapis_alba.rga.pro.fa,http://plantrg.bio2db.com/Sinapis_alba.rga.pro.fa,1.2MB,1258291,2024/4/11
Siraitia_grosvenorii,CDS,Siraitia_grosvenorii.rga.cds.fa,http://plantrg.bio2db.com/Siraitia_grosvenorii.rga.cds.fa,2.6MB,2726297,2024/4/11
Siraitia_grosvenorii,protein,Siraitia_grosvenorii.rga.pro.fa,http://plantrg.bio2db.com/Siraitia_grosvenorii.rga.pro.fa,893.1KB,914534,2024/4/11
Sisymbrium_irio,CDS,Sisymbrium_irio.rga.cds.fa,http://plantrg.bio2db.com/Sisymbrium_irio.rga.cds.fa,3.5MB,3670016,2024/4/11
Sisymbrium_irio,protein,Sisymbrium_irio.rga.pro.fa,http://plantrg.bio2db.com/Sisymbrium_irio.rga.pro.fa,1.2MB,1258291,2024/4/11
Smallanthus_sonchifolius,CDS,Smallanthus_sonchifolius.rga.cds.fa,http://plantrg.bio2db.com/Smallanthus_sonchifolius.rga.cds.fa,6.6MB,6920601,2024/4/8
Smallanthus_sonchifolius,protein,Smallanthus_sonchifolius.rga.pro.fa,http://plantrg.bio2db.com/Smallanthus_sonchifolius.rga.pro.fa,2.3MB,2411724,2024/4/8
Solanum_aethiopicum,CDS,Solanum_aethiopicum.rga.cds.fa,http://plantrg.bio2db.com/Solanum_aethiopicum.rga.cds.fa,2.1MB,2202009,2024/4/11
Solanum_aethiopicum,protein,Solanum_aethiopicum.rga.pro.fa,http://plantrg.bio2db.com/Solanum_aethiopicum.rga.pro.fa,680.8KB,697139,2024/4/11
Solanum_americanum,CDS,Solanum_americanum.rga.cds.fa,http://plantrg.bio2db.com/Solanum_americanum.rga.cds.fa,4.5MB,4718592,2024/4/8
Solanum_americanum,protein,Solanum_americanum.rga.pro.fa,http://plantrg.bio2db.com/Solanum_americanum.rga.pro.fa,1.5MB,1572864,2024/4/8
Solanum_andreanum,CDS,Solanum_andreanum.rga.cds.fa,http://plantrg.bio2db.com/Solanum_andreanum.rga.cds.fa,6.3MB,6606028,2024/4/8
Solanum_andreanum,protein,Solanum_andreanum.rga.pro.fa,http://plantrg.bio2db.com/Solanum_andreanum.rga.pro.fa,2.1MB,2202009,2024/4/8
Solanum_atropurpureum,CDS,Solanum_atropurpureum.rga.cds.fa,http://plantrg.bio2db.com/Solanum_atropurpureum.rga.cds.fa,4.2MB,4404019,2024/4/8
Solanum_atropurpureum,protein,Solanum_atropurpureum.rga.pro.fa,http://plantrg.bio2db.com/Solanum_atropurpureum.rga.pro.fa,1.4MB,1468006,2024/4/8
Solanum_boliviense,CDS,Solanum_boliviense.rga.cds.fa,http://plantrg.bio2db.com/Solanum_boliviense.rga.cds.fa,8.3MB,8703180,2024/4/8
Solanum_boliviense,protein,Solanum_boliviense.rga.pro.fa,http://plantrg.bio2db.com/Solanum_boliviense.rga.pro.fa,2.8MB,2936012,2024/4/8
Solanum_brevicaule,CDS,Solanum_brevicaule.rga.cds.fa,http://plantrg.bio2db.com/Solanum_brevicaule.rga.cds.fa,9.6MB,10066329,2024/4/8
Solanum_brevicaule,protein,Solanum_brevicaule.rga.pro.fa,http://plantrg.bio2db.com/Solanum_brevicaule.rga.pro.fa,3.3MB,3460300,2024/4/8
Solanum_buesii,CDS,Solanum_buesii.rga.cds.fa,http://plantrg.bio2db.com/Solanum_buesii.rga.cds.fa,7.7MB,8074035,2024/4/8
Solanum_buesii,protein,Solanum_buesii.rga.pro.fa,http://plantrg.bio2db.com/Solanum_buesii.rga.pro.fa,2.6MB,2726297,2024/4/8
Solanum_bulbocastanum,CDS,Solanum_bulbocastanum.rga.cds.fa,http://plantrg.bio2db.com/Solanum_bulbocastanum.rga.cds.fa,5.6MB,5872025,2024/4/8
Solanum_bulbocastanum,protein,Solanum_bulbocastanum.rga.pro.fa,http://plantrg.bio2db.com/Solanum_bulbocastanum.rga.pro.fa,1.9MB,1992294,2024/4/8
Solanum_burkartii,CDS,Solanum_burkartii.rga.cds.fa,http://plantrg.bio2db.com/Solanum_burkartii.rga.cds.fa,6.5MB,6815744,2024/4/8
Solanum_burkartii,protein,Solanum_burkartii.rga.pro.fa,http://plantrg.bio2db.com/Solanum_burkartii.rga.pro.fa,2.2MB,2306867,2024/4/8
Solanum_cajamarquense,CDS,Solanum_cajamarquense.rga.cds.fa,http://plantrg.bio2db.com/Solanum_cajamarquense.rga.cds.fa,7.7MB,8074035,2024/4/8
Solanum_cajamarquense,protein,Solanum_cajamarquense.rga.pro.fa,http://plantrg.bio2db.com/Solanum_cajamarquense.rga.pro.fa,2.6MB,2726297,2024/4/8
Solanum_candolleanum,CDS,Solanum_candolleanum.rga.cds.fa,http://plantrg.bio2db.com/Solanum_candolleanum.rga.cds.fa,8.8MB,9227468,2024/4/8
Solanum_candolleanum,protein,Solanum_candolleanum.rga.pro.fa,http://plantrg.bio2db.com/Solanum_candolleanum.rga.pro.fa,3.0MB,3145728,2024/4/8
Solanum_capsicoides,CDS,Solanum_capsicoides.rga.cds.fa,http://plantrg.bio2db.com/Solanum_capsicoides.rga.cds.fa,3.8MB,3984588,2024/4/8
Solanum_capsicoides,protein,Solanum_capsicoides.rga.pro.fa,http://plantrg.bio2db.com/Solanum_capsicoides.rga.pro.fa,1.3MB,1363148,2024/4/8
Solanum_chacoense,CDS,Solanum_chacoense.rga.cds.fa,http://plantrg.bio2db.com/Solanum_chacoense.rga.cds.fa,10.3MB,10800332,2024/4/8
Solanum_chacoense,protein,Solanum_chacoense.rga.pro.fa,http://plantrg.bio2db.com/Solanum_chacoense.rga.pro.fa,3.5MB,3670016,2024/4/8
Solanum_chilense,CDS,Solanum_chilense.rga.cds.fa,http://plantrg.bio2db.com/Solanum_chilense.rga.cds.fa,2.2MB,2306867,2024/4/11
Solanum_chilense,protein,Solanum_chilense.rga.pro.fa,http://plantrg.bio2db.com/Solanum_chilense.rga.pro.fa,782.1KB,800870,2024/4/11
Solanum_chomatophilum,CDS,Solanum_chomatophilum.rga.cds.fa,http://plantrg.bio2db.com/Solanum_chomatophilum.rga.cds.fa,8.1MB,8493465,2024/4/8
Solanum_chomatophilum,protein,Solanum_chomatophilum.rga.pro.fa,http://plantrg.bio2db.com/Solanum_chomatophilum.rga.pro.fa,2.8MB,2936012,2024/4/8
Solanum_commersonii,CDS,Solanum_commersonii.rga.cds.fa,http://plantrg.bio2db.com/Solanum_commersonii.rga.cds.fa,4.3MB,4508876,2024/4/11
Solanum_commersonii,protein,Solanum_commersonii.rga.pro.fa,http://plantrg.bio2db.com/Solanum_commersonii.rga.pro.fa,1.5MB,1572864,2024/4/11
Solanum_dulcamara,CDS,Solanum_dulcamara.rga.cds.fa,http://plantrg.bio2db.com/Solanum_dulcamara.rga.cds.fa,4.2MB,4404019,2024/4/8
Solanum_dulcamara,protein,Solanum_dulcamara.rga.pro.fa,http://plantrg.bio2db.com/Solanum_dulcamara.rga.pro.fa,1.4MB,1468006,2024/4/8
Solanum_erianthum,CDS,Solanum_erianthum.rga.cds.fa,http://plantrg.bio2db.com/Solanum_erianthum.rga.cds.fa,4.6MB,4823449,2024/4/8
Solanum_erianthum,protein,Solanum_erianthum.rga.pro.fa,http://plantrg.bio2db.com/Solanum_erianthum.rga.pro.fa,1.5MB,1572864,2024/4/8
Solanum_etuberosum,CDS,Solanum_etuberosum.rga.cds.fa,http://plantrg.bio2db.com/Solanum_etuberosum.rga.cds.fa,3.3MB,3460300,2024/4/8
Solanum_etuberosum,protein,Solanum_etuberosum.rga.pro.fa,http://plantrg.bio2db.com/Solanum_etuberosum.rga.pro.fa,1.1MB,1153433,2024/4/8
Solanum_habrochaites,CDS,Solanum_habrochaites.rga.cds.fa,http://plantrg.bio2db.com/Solanum_habrochaites.rga.cds.fa,2.4MB,2516582,2024/4/11
Solanum_habrochaites,protein,Solanum_habrochaites.rga.pro.fa,http://plantrg.bio2db.com/Solanum_habrochaites.rga.pro.fa,854.4KB,874905,2024/4/11
Solanum_jamesii,CDS,Solanum_jamesii.rga.cds.fa,http://plantrg.bio2db.com/Solanum_jamesii.rga.cds.fa,6.3MB,6606028,2024/4/8
Solanum_jamesii,protein,Solanum_jamesii.rga.pro.fa,http://plantrg.bio2db.com/Solanum_jamesii.rga.pro.fa,2.2MB,2306867,2024/4/8
Solanum_laciniatum,CDS,Solanum_laciniatum.rga.cds.fa,http://plantrg.bio2db.com/Solanum_laciniatum.rga.cds.fa,7.0MB,7340032,2024/4/8
Solanum_laciniatum,protein,Solanum_laciniatum.rga.pro.fa,http://plantrg.bio2db.com/Solanum_laciniatum.rga.pro.fa,2.4MB,2516582,2024/4/8
Solanum_lignicaule,CDS,Solanum_lignicaule.rga.cds.fa,http://plantrg.bio2db.com/Solanum_lignicaule.rga.cds.fa,7.8MB,8178892,2024/4/8
Solanum_lignicaule,protein,Solanum_lignicaule.rga.pro.fa,http://plantrg.bio2db.com/Solanum_lignicaule.rga.pro.fa,2.7MB,2831155,2024/4/8
Solanum_lycopersicum,CDS,Solanum_lycopersicum.rga.cds.fa,http://plantrg.bio2db.com/Solanum_lycopersicum.rga.cds.fa,2.7MB,2831155,2024/4/11
Solanum_lycopersicum,protein,Solanum_lycopersicum.rga.pro.fa,http://plantrg.bio2db.com/Solanum_lycopersicum.rga.pro.fa,959.1KB,982118,2024/4/11
Solanum_lyratum,CDS,Solanum_lyratum.rga.cds.fa,http://plantrg.bio2db.com/Solanum_lyratum.rga.cds.fa,3.2MB,3355443,2024/4/8
Solanum_lyratum,protein,Solanum_lyratum.rga.pro.fa,http://plantrg.bio2db.com/Solanum_lyratum.rga.pro.fa,1.1MB,1153433,2024/4/8
Solanum_macrocarpon,CDS,Solanum_macrocarpon.rga.cds.fa,http://plantrg.bio2db.com/Solanum_macrocarpon.rga.cds.fa,4.2MB,4404019,2024/4/8
Solanum_macrocarpon,protein,Solanum_macrocarpon.rga.pro.fa,http://plantrg.bio2db.com/Solanum_macrocarpon.rga.pro.fa,1.4MB,1468006,2024/4/8
Solanum_mammosum,CDS,Solanum_mammosum.rga.cds.fa,http://plantrg.bio2db.com/Solanum_mammosum.rga.cds.fa,4.1MB,4299161,2024/4/8
Solanum_mammosum,protein,Solanum_mammosum.rga.pro.fa,http://plantrg.bio2db.com/Solanum_mammosum.rga.pro.fa,1.4MB,1468006,2024/4/8
Solanum_melongena,CDS,Solanum_melongena.rga.cds.fa,http://plantrg.bio2db.com/Solanum_melongena.rga.cds.fa,2.4MB,2516582,2024/4/8
Solanum_melongena,protein,Solanum_melongena.rga.pro.fa,http://plantrg.bio2db.com/Solanum_melongena.rga.pro.fa,832.4KB,852377,2024/4/8
Solanum_morelliforme,CDS,Solanum_morelliforme.rga.cds.fa,http://plantrg.bio2db.com/Solanum_morelliforme.rga.cds.fa,4.4MB,4613734,2024/4/8
Solanum_morelliforme,protein,Solanum_morelliforme.rga.pro.fa,http://plantrg.bio2db.com/Solanum_morelliforme.rga.pro.fa,1.5MB,1572864,2024/4/8
Solanum_multiinterruptum,CDS,Solanum_multiinterruptum.rga.cds.fa,http://plantrg.bio2db.com/Solanum_multiinterruptum.rga.cds.fa,8.5MB,8912896,2024/4/8
Solanum_multiinterruptum,protein,Solanum_multiinterruptum.rga.pro.fa,http://plantrg.bio2db.com/Solanum_multiinterruptum.rga.pro.fa,2.9MB,3040870,2024/4/8
Solanum_muricatum,CDS,Solanum_muricatum.rga.cds.fa,http://plantrg.bio2db.com/Solanum_muricatum.rga.cds.fa,2.6MB,2726297,2024/4/11
Solanum_muricatum,protein,Solanum_muricatum.rga.pro.fa,http://plantrg.bio2db.com/Solanum_muricatum.rga.pro.fa,887.4KB,908697,2024/4/11
Solanum_neorossii,CDS,Solanum_neorossii.rga.cds.fa,http://plantrg.bio2db.com/Solanum_neorossii.rga.cds.fa,8.0MB,8388608,2024/4/8
Solanum_neorossii,protein,Solanum_neorossii.rga.pro.fa,http://plantrg.bio2db.com/Solanum_neorossii.rga.pro.fa,2.7MB,2831155,2024/4/8
Solanum_ochranthum,CDS,Solanum_ochranthum.rga.cds.fa,http://plantrg.bio2db.com/Solanum_ochranthum.rga.cds.fa,3.6MB,3774873,2024/4/8
Solanum_ochranthum,protein,Solanum_ochranthum.rga.pro.fa,http://plantrg.bio2db.com/Solanum_ochranthum.rga.pro.fa,1.2MB,1258291,2024/4/8
Solanum_palustre,CDS,Solanum_palustre.rga.cds.fa,http://plantrg.bio2db.com/Solanum_palustre.rga.cds.fa,3.4MB,3565158,2024/4/8
Solanum_palustre,protein,Solanum_palustre.rga.pro.fa,http://plantrg.bio2db.com/Solanum_palustre.rga.pro.fa,1.2MB,1258291,2024/4/8
Solanum_paucissectum,CDS,Solanum_paucissectum.rga.cds.fa,http://plantrg.bio2db.com/Solanum_paucissectum.rga.cds.fa,8.3MB,8703180,2024/4/8
Solanum_paucissectum,protein,Solanum_paucissectum.rga.pro.fa,http://plantrg.bio2db.com/Solanum_paucissectum.rga.pro.fa,2.8MB,2936012,2024/4/8
Solanum_pennellii,CDS,Solanum_pennellii.rga.cds.fa,http://plantrg.bio2db.com/Solanum_pennellii.rga.cds.fa,2.9MB,3040870,2024/4/11
Solanum_pennellii,protein,Solanum_pennellii.rga.pro.fa,http://plantrg.bio2db.com/Solanum_pennellii.rga.pro.fa,1006.5KB,1030656,2024/4/11
Solanum_pimpinellifolium,CDS,Solanum_pimpinellifolium.rga.cds.fa,http://plantrg.bio2db.com/Solanum_pimpinellifolium.rga.cds.fa,2.7MB,2831155,2024/4/8
Solanum_pimpinellifolium,protein,Solanum_pimpinellifolium.rga.pro.fa,http://plantrg.bio2db.com/Solanum_pimpinellifolium.rga.pro.fa,954.7KB,977612,2024/4/8
Solanum_pinnatisectum,CDS,Solanum_pinnatisectum.rga.cds.fa,http://plantrg.bio2db.com/Solanum_pinnatisectum.rga.cds.fa,6.0MB,6291456,2024/4/8
Solanum_pinnatisectum,protein,Solanum_pinnatisectum.rga.pro.fa,http://plantrg.bio2db.com/Solanum_pinnatisectum.rga.pro.fa,2.1MB,2202009,2024/4/8
Solanum_piurae,CDS,Solanum_piurae.rga.cds.fa,http://plantrg.bio2db.com/Solanum_piurae.rga.cds.fa,8.1MB,8493465,2024/4/8
Solanum_piurae,protein,Solanum_piurae.rga.pro.fa,http://plantrg.bio2db.com/Solanum_piurae.rga.pro.fa,2.8MB,2936012,2024/4/8
Solanum_pseudocapsicum,CDS,Solanum_pseudocapsicum.rga.cds.fa,http://plantrg.bio2db.com/Solanum_pseudocapsicum.rga.cds.fa,4.6MB,4823449,2024/4/8
Solanum_pseudocapsicum,protein,Solanum_pseudocapsicum.rga.pro.fa,http://plantrg.bio2db.com/Solanum_pseudocapsicum.rga.pro.fa,1.6MB,1677721,2024/4/8
Solanum_retroflexum,CDS,Solanum_retroflexum.rga.cds.fa,http://plantrg.bio2db.com/Solanum_retroflexum.rga.cds.fa,11.0MB,11534336,2024/4/8
Solanum_retroflexum,protein,Solanum_retroflexum.rga.pro.fa,http://plantrg.bio2db.com/Solanum_retroflexum.rga.pro.fa,3.7MB,3879731,2024/4/8
Solanum_rostratum,CDS,Solanum_rostratum.rga.cds.fa,http://plantrg.bio2db.com/Solanum_rostratum.rga.cds.fa,2.8MB,2936012,2024/4/8
Solanum_rostratum,protein,Solanum_rostratum.rga.pro.fa,http://plantrg.bio2db.com/Solanum_rostratum.rga.pro.fa,991.2KB,1014988,2024/4/8
Solanum_scabrum,CDS,Solanum_scabrum.rga.cds.fa,http://plantrg.bio2db.com/Solanum_scabrum.rga.cds.fa,10.8MB,11324620,2024/4/8
Solanum_scabrum,protein,Solanum_scabrum.rga.pro.fa,http://plantrg.bio2db.com/Solanum_scabrum.rga.pro.fa,3.7MB,3879731,2024/4/8
Solanum_seaforthianum,CDS,Solanum_seaforthianum.rga.cds.fa,http://plantrg.bio2db.com/Solanum_seaforthianum.rga.cds.fa,3.2MB,3355443,2024/4/8
Solanum_seaforthianum,protein,Solanum_seaforthianum.rga.pro.fa,http://plantrg.bio2db.com/Solanum_seaforthianum.rga.pro.fa,1.1MB,1153433,2024/4/8
Solanum_septemlobum,CDS,Solanum_septemlobum.rga.cds.fa,http://plantrg.bio2db.com/Solanum_septemlobum.rga.cds.fa,3.0MB,3145728,2024/4/8
Solanum_septemlobum,protein,Solanum_septemlobum.rga.pro.fa,http://plantrg.bio2db.com/Solanum_septemlobum.rga.pro.fa,1.0MB,1048576,2024/4/8
Solanum_sogarandinum,CDS,Solanum_sogarandinum.rga.cds.fa,http://plantrg.bio2db.com/Solanum_sogarandinum.rga.cds.fa,6.9MB,7235174,2024/4/8
Solanum_sogarandinum,protein,Solanum_sogarandinum.rga.pro.fa,http://plantrg.bio2db.com/Solanum_sogarandinum.rga.pro.fa,2.4MB,2516582,2024/4/8
Solanum_spirale,CDS,Solanum_spirale.rga.cds.fa,http://plantrg.bio2db.com/Solanum_spirale.rga.cds.fa,6.1MB,6396313,2024/4/8
Solanum_spirale,protein,Solanum_spirale.rga.pro.fa,http://plantrg.bio2db.com/Solanum_spirale.rga.pro.fa,2.1MB,2202009,2024/4/8
Solanum_stenotomum,CDS,Solanum_stenotomum.rga.cds.fa,http://plantrg.bio2db.com/Solanum_stenotomum.rga.cds.fa,5.4MB,5662310,2024/4/8
Solanum_stenotomum,protein,Solanum_stenotomum.rga.pro.fa,http://plantrg.bio2db.com/Solanum_stenotomum.rga.pro.fa,1.8MB,1887436,2024/4/8
Solanum_stramoniifolium,CDS,Solanum_stramoniifolium.rga.cds.fa,http://plantrg.bio2db.com/Solanum_stramoniifolium.rga.cds.fa,4.3MB,4508876,2024/4/8
Solanum_stramoniifolium,protein,Solanum_stramoniifolium.rga.pro.fa,http://plantrg.bio2db.com/Solanum_stramoniifolium.rga.pro.fa,1.5MB,1572864,2024/4/8
Solanum_torvum,CDS,Solanum_torvum.rga.cds.fa,http://plantrg.bio2db.com/Solanum_torvum.rga.cds.fa,4.3MB,4508876,2024/4/8
Solanum_torvum,protein,Solanum_torvum.rga.pro.fa,http://plantrg.bio2db.com/Solanum_torvum.rga.pro.fa,1.5MB,1572864,2024/4/8
Solanum_tuberosum,CDS,Solanum_tuberosum.rga.cds.fa,http://plantrg.bio2db.com/Solanum_tuberosum.rga.cds.fa,3.5MB,3670016,2024/4/8
Solanum_tuberosum,protein,Solanum_tuberosum.rga.pro.fa,http://plantrg.bio2db.com/Solanum_tuberosum.rga.pro.fa,1.2MB,1258291,2024/4/8
Solanum_vernei,CDS,Solanum_vernei.rga.cds.fa,http://plantrg.bio2db.com/Solanum_vernei.rga.cds.fa,10.1MB,10590617,2024/4/8
Solanum_vernei,protein,Solanum_vernei.rga.pro.fa,http://plantrg.bio2db.com/Solanum_vernei.rga.pro.fa,3.5MB,3670016,2024/4/8
Solanum_verrucosum,CDS,Solanum_verrucosum.rga.cds.fa,http://plantrg.bio2db.com/Solanum_verrucosum.rga.cds.fa,3.8MB,3984588,2024/4/8
Solanum_verrucosum,protein,Solanum_verrucosum.rga.pro.fa,http://plantrg.bio2db.com/Solanum_verrucosum.rga.pro.fa,1.3MB,1363148,2024/4/8
Solanum_viarum,CDS,Solanum_viarum.rga.cds.fa,http://plantrg.bio2db.com/Solanum_viarum.rga.cds.fa,3.9MB,4089446,2024/4/8
Solanum_viarum,protein,Solanum_viarum.rga.pro.fa,http://plantrg.bio2db.com/Solanum_viarum.rga.pro.fa,1.3MB,1363148,2024/4/8
Solanum_wrightii,CDS,Solanum_wrightii.rga.cds.fa,http://plantrg.bio2db.com/Solanum_wrightii.rga.cds.fa,4.2MB,4404019,2024/4/8
Solanum_wrightii,protein,Solanum_wrightii.rga.pro.fa,http://plantrg.bio2db.com/Solanum_wrightii.rga.pro.fa,1.4MB,1468006,2024/4/8
Sorbus_aucuparia,CDS,Sorbus_aucuparia.rga.cds.fa,http://plantrg.bio2db.com/Sorbus_aucuparia.rga.cds.fa,6.3MB,6606028,2024/4/8
Sorbus_aucuparia,protein,Sorbus_aucuparia.rga.pro.fa,http://plantrg.bio2db.com/Sorbus_aucuparia.rga.pro.fa,2.1MB,2202009,2024/4/8
Sorghum_bicolor,CDS,Sorghum_bicolor.rga.cds.fa,http://plantrg.bio2db.com/Sorghum_bicolor.rga.cds.fa,3.6MB,3774873,2024/4/11
Sorghum_bicolor,protein,Sorghum_bicolor.rga.pro.fa,http://plantrg.bio2db.com/Sorghum_bicolor.rga.pro.fa,1.2MB,1258291,2024/4/11
Sparganium_stoloniferum,CDS,Sparganium_stoloniferum.rga.cds.fa,http://plantrg.bio2db.com/Sparganium_stoloniferum.rga.cds.fa,1.9MB,1992294,2024/4/8
Sparganium_stoloniferum,protein,Sparganium_stoloniferum.rga.pro.fa,http://plantrg.bio2db.com/Sparganium_stoloniferum.rga.pro.fa,669.0KB,685056,2024/4/8
Spatholobus_suberectus,CDS,Spatholobus_suberectus.rga.cds.fa,http://plantrg.bio2db.com/Spatholobus_suberectus.rga.cds.fa,2.6MB,2726297,2024/4/11
Spatholobus_suberectus,protein,Spatholobus_suberectus.rga.pro.fa,http://plantrg.bio2db.com/Spatholobus_suberectus.rga.pro.fa,928.0KB,950272,2024/4/11
Speranskia_yunnanensis,CDS,Speranskia_yunnanensis.rga.cds.fa,http://plantrg.bio2db.com/Speranskia_yunnanensis.rga.cds.fa,2.1MB,2202009,2024/4/11
Speranskia_yunnanensis,protein,Speranskia_yunnanensis.rga.pro.fa,http://plantrg.bio2db.com/Speranskia_yunnanensis.rga.pro.fa,751.7KB,769740,2024/4/11
Spinacia_oleracea,CDS,Spinacia_oleracea.rga.cds.fa,http://plantrg.bio2db.com/Spinacia_oleracea.rga.cds.fa,2.3MB,2411724,2024/4/11
Spinacia_oleracea,protein,Spinacia_oleracea.rga.pro.fa,http://plantrg.bio2db.com/Spinacia_oleracea.rga.pro.fa,812.8KB,832307,2024/4/11
Spirodela_intermedia,CDS,Spirodela_intermedia.rga.cds.fa,http://plantrg.bio2db.com/Spirodela_intermedia.rga.cds.fa,1.7MB,1782579,2024/4/11
Spirodela_intermedia,protein,Spirodela_intermedia.rga.pro.fa,http://plantrg.bio2db.com/Spirodela_intermedia.rga.pro.fa,595.6KB,609894,2024/4/11
Spirodela_polyrhiza,CDS,Spirodela_polyrhiza.rga.cds.fa,http://plantrg.bio2db.com/Spirodela_polyrhiza.rga.cds.fa,1.8MB,1887436,2024/4/11
Spirodela_polyrhiza,protein,Spirodela_polyrhiza.rga.pro.fa,http://plantrg.bio2db.com/Spirodela_polyrhiza.rga.pro.fa,628.5KB,643584,2024/4/11
Spirogloea_muscicola,CDS,Spirogloea_muscicola.rga.cds.fa,http://plantrg.bio2db.com/Spirogloea_muscicola.rga.cds.fa,1.3MB,1363148,2024/4/8
Spirogloea_muscicola,protein,Spirogloea_muscicola.rga.pro.fa,http://plantrg.bio2db.com/Spirogloea_muscicola.rga.pro.fa,458.2KB,469196,2024/4/8
Sporobolus_pyramidalis,CDS,Sporobolus_pyramidalis.rga.cds.fa,http://plantrg.bio2db.com/Sporobolus_pyramidalis.rga.cds.fa,4.4MB,4613734,2024/4/11
Sporobolus_pyramidalis,protein,Sporobolus_pyramidalis.rga.pro.fa,http://plantrg.bio2db.com/Sporobolus_pyramidalis.rga.pro.fa,1.5MB,1572864,2024/4/11
Sporobolus_stapfianus,CDS,Sporobolus_stapfianus.rga.cds.fa,http://plantrg.bio2db.com/Sporobolus_stapfianus.rga.cds.fa,4.5MB,4718592,2024/4/11
Sporobolus_stapfianus,protein,Sporobolus_stapfianus.rga.pro.fa,http://plantrg.bio2db.com/Sporobolus_stapfianus.rga.pro.fa,1.5MB,1572864,2024/4/11
Stephania_japonica,CDS,Stephania_japonica.rga.cds.fa,http://plantrg.bio2db.com/Stephania_japonica.rga.cds.fa,1.9MB,1992294,2024/4/11
Stephania_japonica,protein,Stephania_japonica.rga.pro.fa,http://plantrg.bio2db.com/Stephania_japonica.rga.pro.fa,659.8KB,675635,2024/4/11
Stevia_rebaudiana,CDS,Stevia_rebaudiana.rga.cds.fa,http://plantrg.bio2db.com/Stevia_rebaudiana.rga.cds.fa,5.2MB,5452595,2024/4/8
Stevia_rebaudiana,protein,Stevia_rebaudiana.rga.pro.fa,http://plantrg.bio2db.com/Stevia_rebaudiana.rga.pro.fa,1.8MB,1887436,2024/4/8
Striga_hermonthica,CDS,Striga_hermonthica.rga.cds.fa,http://plantrg.bio2db.com/Striga_hermonthica.rga.cds.fa,2.0MB,2097152,2024/4/8
Striga_hermonthica,protein,Striga_hermonthica.rga.pro.fa,http://plantrg.bio2db.com/Striga_hermonthica.rga.pro.fa,692.0KB,708608,2024/4/8
Strobilanthes_cusia,CDS,Strobilanthes_cusia.rga.cds.fa,http://plantrg.bio2db.com/Strobilanthes_cusia.rga.cds.fa,3.6MB,3774873,2024/4/11
Strobilanthes_cusia,protein,Strobilanthes_cusia.rga.pro.fa,http://plantrg.bio2db.com/Strobilanthes_cusia.rga.pro.fa,1.2MB,1258291,2024/4/11
Synsepalum_dulcificum,CDS,Synsepalum_dulcificum.rga.cds.fa,http://plantrg.bio2db.com/Synsepalum_dulcificum.rga.cds.fa,2.9MB,3040870,2024/4/11
Synsepalum_dulcificum,protein,Synsepalum_dulcificum.rga.pro.fa,http://plantrg.bio2db.com/Synsepalum_dulcificum.rga.pro.fa,1004.0KB,1028096,2024/4/11
Syzygium_grande,CDS,Syzygium_grande.rga.cds.fa,http://plantrg.bio2db.com/Syzygium_grande.rga.cds.fa,3.2MB,3355443,2024/4/11
Syzygium_grande,protein,Syzygium_grande.rga.pro.fa,http://plantrg.bio2db.com/Syzygium_grande.rga.pro.fa,1.2MB,1258291,2024/4/11
Tamarix_chinensis,CDS,Tamarix_chinensis.rga.cds.fa,http://plantrg.bio2db.com/Tamarix_chinensis.rga.cds.fa,3.1MB,3250585,2024/4/8
Tamarix_chinensis,protein,Tamarix_chinensis.rga.pro.fa,http://plantrg.bio2db.com/Tamarix_chinensis.rga.pro.fa,1.1MB,1153433,2024/4/8
Taraxacum_koksaghyz,CDS,Taraxacum_koksaghyz.rga.cds.fa,http://plantrg.bio2db.com/Taraxacum_koksaghyz.rga.cds.fa,3.4MB,3565158,2024/4/11
Taraxacum_koksaghyz,protein,Taraxacum_koksaghyz.rga.pro.fa,http://plantrg.bio2db.com/Taraxacum_koksaghyz.rga.pro.fa,1.1MB,1153433,2024/4/11
Taraxacum_mongolicum,CDS,Taraxacum_mongolicum.rga.cds.fa,http://plantrg.bio2db.com/Taraxacum_mongolicum.rga.cds.fa,5.0MB,5242880,2024/4/11
Taraxacum_mongolicum,protein,Taraxacum_mongolicum.rga.pro.fa,http://plantrg.bio2db.com/Taraxacum_mongolicum.rga.pro.fa,1.7MB,1782579,2024/4/11
Tarenaya_hassleriana,CDS,Tarenaya_hassleriana.rga.cds.fa,http://plantrg.bio2db.com/Tarenaya_hassleriana.rga.cds.fa,2.3MB,2411724,2024/4/11
Tarenaya_hassleriana,protein,Tarenaya_hassleriana.rga.pro.fa,http://plantrg.bio2db.com/Tarenaya_hassleriana.rga.pro.fa,817.8KB,837427,2024/4/11
Telopea_speciosissima,CDS,Telopea_speciosissima.rga.cds.fa,http://plantrg.bio2db.com/Telopea_speciosissima.rga.cds.fa,4.3MB,4508876,2024/4/11
Telopea_speciosissima,protein,Telopea_speciosissima.rga.pro.fa,http://plantrg.bio2db.com/Telopea_speciosissima.rga.pro.fa,1.5MB,1572864,2024/4/11
Tetrabaena_socialis,CDS,Tetrabaena_socialis.rga.cds.fa,http://plantrg.bio2db.com/Tetrabaena_socialis.rga.cds.fa,925.0KB,947200,2024/4/8
Tetrabaena_socialis,protein,Tetrabaena_socialis.rga.pro.fa,http://plantrg.bio2db.com/Tetrabaena_socialis.rga.pro.fa,321.5KB,329216,2024/4/8
Tetracentron_sinense,CDS,Tetracentron_sinense.rga.cds.fa,http://plantrg.bio2db.com/Tetracentron_sinense.rga.cds.fa,3.7MB,3879731,2024/4/11
Tetracentron_sinense,protein,Tetracentron_sinense.rga.pro.fa,http://plantrg.bio2db.com/Tetracentron_sinense.rga.pro.fa,1.2MB,1258291,2024/4/11
Theobroma_cacao,CDS,Theobroma_cacao.rga.cds.fa,http://plantrg.bio2db.com/Theobroma_cacao.rga.cds.fa,3.5MB,3670016,2024/4/11
Theobroma_cacao,protein,Theobroma_cacao.rga.pro.fa,http://plantrg.bio2db.com/Theobroma_cacao.rga.pro.fa,1.2MB,1258291,2024/4/11
Thinopyrum_elongatum,CDS,Thinopyrum_elongatum.rga.cds.fa,http://plantrg.bio2db.com/Thinopyrum_elongatum.rga.cds.fa,5.1MB,5347737,2024/4/8
Thinopyrum_elongatum,protein,Thinopyrum_elongatum.rga.pro.fa,http://plantrg.bio2db.com/Thinopyrum_elongatum.rga.pro.fa,1.7MB,1782579,2024/4/8
Thlaspi_arvense,CDS,Thlaspi_arvense.rga.cds.fa,http://plantrg.bio2db.com/Thlaspi_arvense.rga.cds.fa,2.8MB,2936012,2024/4/8
Thlaspi_arvense,protein,Thlaspi_arvense.rga.pro.fa,http://plantrg.bio2db.com/Thlaspi_arvense.rga.pro.fa,993.1KB,1016934,2024/4/8
Tiarella_polyphylla,CDS,Tiarella_polyphylla.rga.cds.fa,http://plantrg.bio2db.com/Tiarella_polyphylla.rga.cds.fa,2.1MB,2202009,2024/4/8
Tiarella_polyphylla,protein,Tiarella_polyphylla.rga.pro.fa,http://plantrg.bio2db.com/Tiarella_polyphylla.rga.pro.fa,713.7KB,730828,2024/4/8
Toona_sinensis,CDS,Toona_sinensis.rga.cds.fa,http://plantrg.bio2db.com/Toona_sinensis.rga.cds.fa,2.2MB,2306867,2024/4/8
Toona_sinensis,protein,Toona_sinensis.rga.pro.fa,http://plantrg.bio2db.com/Toona_sinensis.rga.pro.fa,763.1KB,781414,2024/4/8
Trichopus_zeylanicus,CDS,Trichopus_zeylanicus.rga.cds.fa,http://plantrg.bio2db.com/Trichopus_zeylanicus.rga.cds.fa,938.2KB,960716,2024/4/8
Trichopus_zeylanicus,protein,Trichopus_zeylanicus.rga.pro.fa,http://plantrg.bio2db.com/Trichopus_zeylanicus.rga.pro.fa,350.8KB,359219,2024/4/8
Trifolium_pratense,CDS,Trifolium_pratense.rga.cds.fa,http://plantrg.bio2db.com/Trifolium_pratense.rga.cds.fa,6.4MB,6710886,2024/4/8
Trifolium_pratense,protein,Trifolium_pratense.rga.pro.fa,http://plantrg.bio2db.com/Trifolium_pratense.rga.pro.fa,2.2MB,2306867,2024/4/8
Trifolium_repens,CDS,Trifolium_repens.rga.cds.fa,http://plantrg.bio2db.com/Trifolium_repens.rga.cds.fa,7.3MB,7654604,2024/4/8
Trifolium_repens,protein,Trifolium_repens.rga.pro.fa,http://plantrg.bio2db.com/Trifolium_repens.rga.pro.fa,2.5MB,2621440,2024/4/8
Triticum_aestivum,CDS,Triticum_aestivum.rga.cds.fa,http://plantrg.bio2db.com/Triticum_aestivum.rga.cds.fa,16.9MB,17720934,2024/4/11
Triticum_aestivum,protein,Triticum_aestivum.rga.pro.fa,http://plantrg.bio2db.com/Triticum_aestivum.rga.pro.fa,5.7MB,5976883,2024/4/11
Triticum_monococcum,CDS,Triticum_monococcum.rga.cds.fa,http://plantrg.bio2db.com/Triticum_monococcum.rga.cds.fa,6.5MB,6815744,2024/4/8
Triticum_monococcum,protein,Triticum_monococcum.rga.pro.fa,http://plantrg.bio2db.com/Triticum_monococcum.rga.pro.fa,2.2MB,2306867,2024/4/8
Triticum_turgidum,CDS,Triticum_turgidum.rga.cds.fa,http://plantrg.bio2db.com/Triticum_turgidum.rga.cds.fa,9.0MB,9437184,2024/4/11
Triticum_turgidum,protein,Triticum_turgidum.rga.pro.fa,http://plantrg.bio2db.com/Triticum_turgidum.rga.pro.fa,3.1MB,3250585,2024/4/11
Triticum_urartu,CDS,Triticum_urartu.rga.cds.fa,http://plantrg.bio2db.com/Triticum_urartu.rga.cds.fa,4.4MB,4613734,2024/4/11
Triticum_urartu,protein,Triticum_urartu.rga.pro.fa,http://plantrg.bio2db.com/Triticum_urartu.rga.pro.fa,1.5MB,1572864,2024/4/11
Trochodendron_aralioides,CDS,Trochodendron_aralioides.rga.cds.fa,http://plantrg.bio2db.com/Trochodendron_aralioides.rga.cds.fa,3.4MB,3565158,2024/4/8
Trochodendron_aralioides,protein,Trochodendron_aralioides.rga.pro.fa,http://plantrg.bio2db.com/Trochodendron_aralioides.rga.pro.fa,1.2MB,1258291,2024/4/8
Tubocapsicum_anomalum,CDS,Tubocapsicum_anomalum.rga.cds.fa,http://plantrg.bio2db.com/Tubocapsicum_anomalum.rga.cds.fa,5.4MB,5662310,2024/4/8
Tubocapsicum_anomalum,protein,Tubocapsicum_anomalum.rga.pro.fa,http://plantrg.bio2db.com/Tubocapsicum_anomalum.rga.pro.fa,1.8MB,1887436,2024/4/8
Ulva_mutabilis,CDS,Ulva_mutabilis.rga.cds.fa,http://plantrg.bio2db.com/Ulva_mutabilis.rga.cds.fa,863.6KB,884326,2024/4/8
Ulva_mutabilis,protein,Ulva_mutabilis.rga.pro.fa,http://plantrg.bio2db.com/Ulva_mutabilis.rga.pro.fa,291.7KB,298700,2024/4/8
Vaccinium_caesariense,CDS,Vaccinium_caesariense.rga.cds.fa,http://plantrg.bio2db.com/Vaccinium_caesariense.rga.cds.fa,4.2MB,4404019,2024/4/11
Vaccinium_caesariense,protein,Vaccinium_caesariense.rga.pro.fa,http://plantrg.bio2db.com/Vaccinium_caesariense.rga.pro.fa,1.5MB,1572864,2024/4/11
Vaccinium_corymbosum,CDS,Vaccinium_corymbosum.rga.cds.fa,http://plantrg.bio2db.com/Vaccinium_corymbosum.rga.cds.fa,4.5MB,4718592,2024/4/11
Vaccinium_corymbosum,protein,Vaccinium_corymbosum.rga.pro.fa,http://plantrg.bio2db.com/Vaccinium_corymbosum.rga.pro.fa,1.5MB,1572864,2024/4/11
Vaccinium_darrowii,CDS,Vaccinium_darrowii.rga.cds.fa,http://plantrg.bio2db.com/Vaccinium_darrowii.rga.cds.fa,2.4MB,2516582,2024/4/11
Vaccinium_darrowii,protein,Vaccinium_darrowii.rga.pro.fa,http://plantrg.bio2db.com/Vaccinium_darrowii.rga.pro.fa,829.8KB,849715,2024/4/11
Vaccinium_duclouxii,CDS,Vaccinium_duclouxii.rga.cds.fa,http://plantrg.bio2db.com/Vaccinium_duclouxii.rga.cds.fa,3.8MB,3984588,2024/4/8
Vaccinium_duclouxii,protein,Vaccinium_duclouxii.rga.pro.fa,http://plantrg.bio2db.com/Vaccinium_duclouxii.rga.pro.fa,1.3MB,1363148,2024/4/8
Vaccinium_macrocarpon,CDS,Vaccinium_macrocarpon.rga.cds.fa,http://plantrg.bio2db.com/Vaccinium_macrocarpon.rga.cds.fa,2.8MB,2936012,2024/4/11
Vaccinium_macrocarpon,protein,Vaccinium_macrocarpon.rga.pro.fa,http://plantrg.bio2db.com/Vaccinium_macrocarpon.rga.pro.fa,989.5KB,1013248,2024/4/11
Vaccinium_microcarpum,CDS,Vaccinium_microcarpum.rga.cds.fa,http://plantrg.bio2db.com/Vaccinium_microcarpum.rga.cds.fa,3.0MB,3145728,2024/4/11
Vaccinium_microcarpum,protein,Vaccinium_microcarpum.rga.pro.fa,http://plantrg.bio2db.com/Vaccinium_microcarpum.rga.pro.fa,1.0MB,1048576,2024/4/11
Vaccinium_myrtillus,CDS,Vaccinium_myrtillus.rga.cds.fa,http://plantrg.bio2db.com/Vaccinium_myrtillus.rga.cds.fa,3.3MB,3460300,2024/4/11
Vaccinium_myrtillus,protein,Vaccinium_myrtillus.rga.pro.fa,http://plantrg.bio2db.com/Vaccinium_myrtillus.rga.pro.fa,1.2MB,1258291,2024/4/11
Vaccinium_oxycoccos,CDS,Vaccinium_oxycoccos.rga.cds.fa,http://plantrg.bio2db.com/Vaccinium_oxycoccos.rga.cds.fa,2.8MB,2936012,2024/4/11
Vaccinium_oxycoccos,protein,Vaccinium_oxycoccos.rga.pro.fa,http://plantrg.bio2db.com/Vaccinium_oxycoccos.rga.pro.fa,965.7KB,988876,2024/4/11
Vatica_odorata,CDS,Vatica_odorata.rga.cds.fa,http://plantrg.bio2db.com/Vatica_odorata.rga.cds.fa,3.5MB,3670016,2024/4/8
Vatica_odorata,protein,Vatica_odorata.rga.pro.fa,http://plantrg.bio2db.com/Vatica_odorata.rga.pro.fa,1.2MB,1258291,2024/4/8
Vatica_rassak,CDS,Vatica_rassak.rga.cds.fa,http://plantrg.bio2db.com/Vatica_rassak.rga.cds.fa,3.0MB,3145728,2024/4/8
Vatica_rassak,protein,Vatica_rassak.rga.pro.fa,http://plantrg.bio2db.com/Vatica_rassak.rga.pro.fa,1.0MB,1048576,2024/4/8
Vicia_faba,CDS,Vicia_faba.rga.cds.fa,http://plantrg.bio2db.com/Vicia_faba.rga.cds.fa,2.8MB,2936012,2024/4/8
Vicia_faba,protein,Vicia_faba.rga.pro.fa,http://plantrg.bio2db.com/Vicia_faba.rga.pro.fa,972.7KB,996044,2024/4/8
Vicia_sativa,CDS,Vicia_sativa.rga.cds.fa,http://plantrg.bio2db.com/Vicia_sativa.rga.cds.fa,4.2MB,4404019,2024/4/8
Vicia_sativa,protein,Vicia_sativa.rga.pro.fa,http://plantrg.bio2db.com/Vicia_sativa.rga.pro.fa,1.4MB,1468006,2024/4/8
Vigna_hirtella,CDS,Vigna_hirtella.rga.cds.fa,http://plantrg.bio2db.com/Vigna_hirtella.rga.cds.fa,3.2MB,3355443,2024/4/8
Vigna_hirtella,protein,Vigna_hirtella.rga.pro.fa,http://plantrg.bio2db.com/Vigna_hirtella.rga.pro.fa,1.1MB,1153433,2024/4/8
Vigna_subterranea,CDS,Vigna_subterranea.rga.cds.fa,http://plantrg.bio2db.com/Vigna_subterranea.rga.cds.fa,3.1MB,3250585,2024/4/11
Vigna_subterranea,protein,Vigna_subterranea.rga.pro.fa,http://plantrg.bio2db.com/Vigna_subterranea.rga.pro.fa,1.0MB,1048576,2024/4/11
Vigna_umbellata,CDS,Vigna_umbellata.rga.cds.fa,http://plantrg.bio2db.com/Vigna_umbellata.rga.cds.fa,3.8MB,3984588,2024/4/11
Vigna_umbellata,protein,Vigna_umbellata.rga.pro.fa,http://plantrg.bio2db.com/Vigna_umbellata.rga.pro.fa,1.3MB,1363148,2024/4/11
Vigna_unguiculata,CDS,Vigna_unguiculata.rga.cds.fa,http://plantrg.bio2db.com/Vigna_unguiculata.rga.cds.fa,4.3MB,4508876,2024/4/11
Vigna_unguiculata,protein,Vigna_unguiculata.rga.pro.fa,http://plantrg.bio2db.com/Vigna_unguiculata.rga.pro.fa,1.5MB,1572864,2024/4/11
Vitellaria_paradoxa,CDS,Vitellaria_paradoxa.rga.cds.fa,http://plantrg.bio2db.com/Vitellaria_paradoxa.rga.cds.fa,2.5MB,2621440,2024/4/11
Vitellaria_paradoxa,protein,Vitellaria_paradoxa.rga.pro.fa,http://plantrg.bio2db.com/Vitellaria_paradoxa.rga.pro.fa,855.5KB,876032,2024/4/11
Vitis_amurensis,CDS,Vitis_amurensis.rga.cds.fa,http://plantrg.bio2db.com/Vitis_amurensis.rga.cds.fa,3.4MB,3565158,2024/4/11
Vitis_amurensis,protein,Vitis_amurensis.rga.pro.fa,http://plantrg.bio2db.com/Vitis_amurensis.rga.pro.fa,1.2MB,1258291,2024/4/11
Vitis_arizonica,CDS,Vitis_arizonica.rga.cds.fa,http://plantrg.bio2db.com/Vitis_arizonica.rga.cds.fa,8.3MB,8703180,2024/4/8
Vitis_arizonica,protein,Vitis_arizonica.rga.pro.fa,http://plantrg.bio2db.com/Vitis_arizonica.rga.pro.fa,2.9MB,3040870,2024/4/8
Vitis_berlandieri,CDS,Vitis_berlandieri.rga.cds.fa,http://plantrg.bio2db.com/Vitis_berlandieri.rga.cds.fa,5.2MB,5452595,2024/4/11
Vitis_berlandieri,protein,Vitis_berlandieri.rga.pro.fa,http://plantrg.bio2db.com/Vitis_berlandieri.rga.pro.fa,1.8MB,1887436,2024/4/11
Vitis_labrusca,CDS,Vitis_labrusca.rga.cds.fa,http://plantrg.bio2db.com/Vitis_labrusca.rga.cds.fa,7.6MB,7969177,2024/4/8
Vitis_labrusca,protein,Vitis_labrusca.rga.pro.fa,http://plantrg.bio2db.com/Vitis_labrusca.rga.pro.fa,2.6MB,2726297,2024/4/8
Vitis_riparia,CDS,Vitis_riparia.rga.cds.fa,http://plantrg.bio2db.com/Vitis_riparia.rga.cds.fa,4.8MB,5033164,2024/4/11
Vitis_riparia,protein,Vitis_riparia.rga.pro.fa,http://plantrg.bio2db.com/Vitis_riparia.rga.pro.fa,1.7MB,1782579,2024/4/11
Vitis_rotundifolia,CDS,Vitis_rotundifolia.rga.cds.fa,http://plantrg.bio2db.com/Vitis_rotundifolia.rga.cds.fa,6.9MB,7235174,2024/4/8
Vitis_rotundifolia,protein,Vitis_rotundifolia.rga.pro.fa,http://plantrg.bio2db.com/Vitis_rotundifolia.rga.pro.fa,2.3MB,2411724,2024/4/8
Vitis_rupestris,CDS,Vitis_rupestris.rga.cds.fa,http://plantrg.bio2db.com/Vitis_rupestris.rga.cds.fa,4.9MB,5138022,2024/4/11
Vitis_rupestris,protein,Vitis_rupestris.rga.pro.fa,http://plantrg.bio2db.com/Vitis_rupestris.rga.pro.fa,1.7MB,1782579,2024/4/11
Vitis_vinifera,CDS,Vitis_vinifera.rga.cds.fa,http://plantrg.bio2db.com/Vitis_vinifera.rga.cds.fa,4.1MB,4299161,2024/4/11
Vitis_vinifera,protein,Vitis_vinifera.rga.pro.fa,http://plantrg.bio2db.com/Vitis_vinifera.rga.pro.fa,1.4MB,1468006,2024/4/11
Vitis_xlabruscana,CDS,Vitis_xlabruscana.rga.cds.fa,http://plantrg.bio2db.com/Vitis_xlabruscana.rga.cds.fa,5.3MB,5557452,2024/4/11
Vitis_xlabruscana,protein,Vitis_xlabruscana.rga.pro.fa,http://plantrg.bio2db.com/Vitis_xlabruscana.rga.pro.fa,1.8MB,1887436,2024/4/11
Volvox_carteri,CDS,Volvox_carteri.rga.cds.fa,http://plantrg.bio2db.com/Volvox_carteri.rga.cds.fa,1.5MB,1572864,2024/4/8
Volvox_carteri,protein,Volvox_carteri.rga.pro.fa,http://plantrg.bio2db.com/Volvox_carteri.rga.pro.fa,513.8KB,526131,2024/4/8
Welwitschia_mirabilis,CDS,Welwitschia_mirabilis.rga.cds.fa,http://plantrg.bio2db.com/Welwitschia_mirabilis.rga.cds.fa,1.6MB,1677721,2024/4/8
Welwitschia_mirabilis,protein,Welwitschia_mirabilis.rga.pro.fa,http://plantrg.bio2db.com/Welwitschia_mirabilis.rga.pro.fa,569.9KB,583577,2024/4/8
Wolffia_australiana,CDS,Wolffia_australiana.rga.cds.fa,http://plantrg.bio2db.com/Wolffia_australiana.rga.cds.fa,1.3MB,1363148,2024/4/8
Wolffia_australiana,protein,Wolffia_australiana.rga.pro.fa,http://plantrg.bio2db.com/Wolffia_australiana.rga.pro.fa,455.7KB,466636,2024/4/8
Wurfbainia_longiligularis,CDS,Wurfbainia_longiligularis.rga.cds.fa,http://plantrg.bio2db.com/Wurfbainia_longiligularis.rga.cds.fa,4.0MB,4194304,2024/4/8
Wurfbainia_longiligularis,protein,Wurfbainia_longiligularis.rga.pro.fa,http://plantrg.bio2db.com/Wurfbainia_longiligularis.rga.pro.fa,1.4MB,1468006,2024/4/8
Xanthoceras_sorbifolium,CDS,Xanthoceras_sorbifolium.rga.cds.fa,http://plantrg.bio2db.com/Xanthoceras_sorbifolium.rga.cds.fa,1.8MB,1887436,2024/4/11
Xanthoceras_sorbifolium,protein,Xanthoceras_sorbifolium.rga.pro.fa,http://plantrg.bio2db.com/Xanthoceras_sorbifolium.rga.pro.fa,634.1KB,649318,2024/4/11
Zantedeschia_elliottiana,CDS,Zantedeschia_elliottiana.rga.cds.fa,http://plantrg.bio2db.com/Zantedeschia_elliottiana.rga.cds.fa,1.9MB,1992294,2024/4/8
Zantedeschia_elliottiana,protein,Zantedeschia_elliottiana.rga.pro.fa,http://plantrg.bio2db.com/Zantedeschia_elliottiana.rga.pro.fa,671.0KB,687104,2024/4/8
Zea_mays,CDS,Zea_mays.rga.cds.fa,http://plantrg.bio2db.com/Zea_mays.rga.cds.fa,3.2MB,3355443,2024/4/11
Zea_mays,protein,Zea_mays.rga.pro.fa,http://plantrg.bio2db.com/Zea_mays.rga.pro.fa,1.1MB,1153433,2024/4/11
Zingiber_officinale,CDS,Zingiber_officinale.rga.cds.fa,http://plantrg.bio2db.com/Zingiber_officinale.rga.cds.fa,11.5MB,12058624,2024/4/8
Zingiber_officinale,protein,Zingiber_officinale.rga.pro.fa,http://plantrg.bio2db.com/Zingiber_officinale.rga.pro.fa,3.9MB,4089446,2024/4/8
Zizania_latifolia,CDS,Zizania_latifolia.rga.cds.fa,http://plantrg.bio2db.com/Zizania_latifolia.rga.cds.fa,3.8MB,3984588,2024/4/8
Zizania_latifolia,protein,Zizania_latifolia.rga.pro.fa,http://plantrg.bio2db.com/Zizania_latifolia.rga.pro.fa,1.3MB,1363148,2024/4/8
Ziziphus_jujuba,CDS,Ziziphus_jujuba.rga.cds.fa,http://plantrg.bio2db.com/Ziziphus_jujuba.rga.cds.fa,8.5MB,8912896,2024/4/8
Ziziphus_jujuba,protein,Ziziphus_jujuba.rga.pro.fa,http://plantrg.bio2db.com/Ziziphus_jujuba.rga.pro.fa,2.9MB,3040870,2024/4/8
Zostera_marina,CDS,Zostera_marina.rga.cds.fa,http://plantrg.bio2db.com/Zostera_marina.rga.cds.fa,1.6MB,1677721,2024/4/11
Zostera_marina,protein,Zostera_marina.rga.pro.fa,http://plantrg.bio2db.com/Zostera_marina.rga.pro.fa,560.0KB,573440,2024/4/11
Zostera_muelleri,CDS,Zostera_muelleri.rga.cds.fa,http://plantrg.bio2db.com/Zostera_muelleri.rga.cds.fa,2.2MB,2306867,2024/4/11
Zostera_muelleri,protein,Zostera_muelleri.rga.pro.fa,http://plantrg.bio2db.com/Zostera_muelleri.rga.pro.fa,786.8KB,805683,2024/4/11
Zoysia_japonica,CDS,Zoysia_japonica.rga.cds.fa,http://plantrg.bio2db.com/Zoysia_japonica.rga.cds.fa,2.1MB,2202009,2024/4/11
Zoysia_japonica,protein,Zoysia_japonica.rga.pro.fa,http://plantrg.bio2db.com/Zoysia_japonica.rga.pro.fa,752.9KB,770969,2024/4/11
Zoysia_matrella,CDS,Zoysia_matrella.rga.cds.fa,http://plantrg.bio2db.com/Zoysia_matrella.rga.cds.fa,3.4MB,3565158,2024/4/11
Zoysia_matrella,protein,Zoysia_matrella.rga.pro.fa,http://plantrg.bio2db.com/Zoysia_matrella.rga.pro.fa,1.2MB,1258291,2024/4/11
Zoysia_pacifica,CDS,Zoysia_pacifica.rga.cds.fa,http://plantrg.bio2db.com/Zoysia_pacifica.rga.cds.fa,2.4MB,2516582,2024/4/11
Zoysia_pacifica,protein,Zoysia_pacifica.rga.pro.fa,http://plantrg.bio2db.com/Zoysia_pacifica.rga.pro.fa,840.1KB,860262,2024/4/11
