species	type	filename	path	records	total_length	min_length	mean_length	median_length	p05_length	p95_length	max_length	n50_length	invalid_records	duplicate_ids	empty_records	cds_not_mod3	cds_no_start_atg	cds_no_terminal_stop	protein_has_stop	record_table
Abies_alba	CDS	Abies_alba.rga.cds.fa	downloads/sequences/CDS/Abies_alba.rga.cds.fa	1399	1121111	119	801.3659756969264	591	221.8	1986.8999999999992	3834	1092	0	0	0	299	218	470	0	model_project/data_audit/results/per_file_records/CDS/Abies_alba.rga.cds.fa.records.tsv
Abies_alba	protein	Abies_alba.rga.pro.fa	downloads/sequences/protein/Abies_alba.rga.pro.fa	1399	372683	38	266.3924231593996	196	73.0	661.2999999999997	1277	363	0	0	0	0	0	0	0	model_project/data_audit/results/per_file_records/protein/Abies_alba.rga.pro.fa.records.tsv
Abrus_precatorius	CDS	Abrus_precatorius.rga.cds.fa	downloads/sequences/CDS/Abrus_precatorius.rga.cds.fa	2558	5306895	414	2074.626661454261	1971.0	1002.0	3472.800000000001	10377	2352	0	0	0	0	4	3	0	model_project/data_audit/results/per_file_records/CDS/Abrus_precatorius.rga.cds.fa.records.tsv
Abrus_precatorius	protein	Abrus_precatorius.rga.pro.fa	downloads/sequences/protein/Abrus_precatorius.rga.pro.fa	2558	1768965	138	691.5422204847537	657.0	334.0	1157.6000000000004	3459	784	0	0	0	0	0	0	2555	model_project/data_audit/results/per_file_records/protein/Abrus_precatorius.rga.pro.fa.records.tsv
Acacia_pycnantha	CDS	Acacia_pycnantha.rga.cds.fa	downloads/sequences/CDS/Acacia_pycnantha.rga.cds.fa	3488	6522736	147	1870.0504587155963	1789.5	387.0	3816.899999999998	8190	2406	0	0	0	1	7	3	0	model_project/data_audit/results/per_file_records/CDS/Acacia_pycnantha.rga.cds.fa.records.tsv
Acacia_pycnantha	protein	Acacia_pycnantha.rga.pro.fa	downloads/sequences/protein/Acacia_pycnantha.rga.pro.fa	3488	2170760	48	622.3509174311927	595.5	128.0	1271.2999999999993	2729	801	0	0	0	0	0	0	0	model_project/data_audit/results/per_file_records/protein/Acacia_pycnantha.rga.pro.fa.records.tsv
Acanthochlamys_bracteata	CDS	Acanthochlamys_bracteata.rga.cds.fa	downloads/sequences/CDS/Acanthochlamys_bracteata.rga.cds.fa	1049	2195781	306	2093.213536701621	1995	921.6	3664.199999999999	8286	2358	0	0	0	0	0	0	0	model_project/data_audit/results/per_file_records/CDS/Acanthochlamys_bracteata.rga.cds.fa.records.tsv
Acanthochlamys_bracteata	protein	Acanthochlamys_bracteata.rga.pro.fa	downloads/sequences/protein/Acanthochlamys_bracteata.rga.pro.fa	1049	730878	101	696.7378455672068	664	306.20000000000005	1220.3999999999996	2761	787	0	0	0	0	0	0	0	model_project/data_audit/results/per_file_records/protein/Acanthochlamys_bracteata.rga.pro.fa.records.tsv
Acer_catalpifolium	CDS	Acer_catalpifolium.rga.cds.fa	downloads/sequences/CDS/Acer_catalpifolium.rga.cds.fa	2510	5051121	198	2012.3988047808764	1962.0	546.0	3687.2999999999984	10443	2436	0	0	0	0	1	0	0	model_project/data_audit/results/per_file_records/CDS/Acer_catalpifolium.rga.cds.fa.records.tsv
Acer_catalpifolium	protein	Acer_catalpifolium.rga.pro.fa	downloads/sequences/protein/Acer_catalpifolium.rga.pro.fa	2510	1681163	65	669.7860557768925	653.0	181.0	1228.0999999999995	3480	811	0	0	0	0	0	0	0	model_project/data_audit/results/per_file_records/protein/Acer_catalpifolium.rga.pro.fa.records.tsv
Acer_negundo	CDS	Acer_negundo.rga.cds.fa	downloads/sequences/CDS/Acer_negundo.rga.cds.fa	1483	2698119	207	1819.3654753877277	1680	528.3000000000001	3437.399999999999	7479	2142	0	0	0	0	0	0	0	model_project/data_audit/results/per_file_records/CDS/Acer_negundo.rga.cds.fa.records.tsv
Acer_negundo	protein	Acer_negundo.rga.pro.fa	downloads/sequences/protein/Acer_negundo.rga.pro.fa	1483	897890	68	605.4551584625758	559	175.10000000000002	1144.7999999999997	2492	713	0	0	0	0	0	0	0	model_project/data_audit/results/per_file_records/protein/Acer_negundo.rga.pro.fa.records.tsv
Acer_pseudosieboldianum	CDS	Acer_pseudosieboldianum.rga.cds.fa	downloads/sequences/CDS/Acer_pseudosieboldianum.rga.cds.fa	1719	3207486	198	1865.9022687609074	1842	504.0	3321.2999999999997	6213	2238	0	0	0	0	0	0	0	model_project/data_audit/results/per_file_records/CDS/Acer_pseudosieboldianum.rga.cds.fa.records.tsv
Acer_pseudosieboldianum	protein	Acer_pseudosieboldianum.rga.pro.fa	downloads/sequences/protein/Acer_pseudosieboldianum.rga.pro.fa	1719	1067443	65	620.9674229203025	613	167.0	1106.1	2070	747	0	0	0	0	0	0	0	model_project/data_audit/results/per_file_records/protein/Acer_pseudosieboldianum.rga.pro.fa.records.tsv
Acer_yangbiense	CDS	Acer_yangbiense.rga.cds.fa	downloads/sequences/CDS/Acer_yangbiense.rga.cds.fa	1797	3382749	225	1882.4424040066779	1683	487.2000000000001	4123.799999999998	11460	2217	0	0	0	0	53	0	0	model_project/data_audit/results/per_file_records/CDS/Acer_yangbiense.rga.cds.fa.records.tsv
Acer_yangbiense	protein	Acer_yangbiense.rga.pro.fa	downloads/sequences/protein/Acer_yangbiense.rga.pro.fa	1797	1125786	74	626.4808013355592	560	161.40000000000003	1373.5999999999995	3819	738	0	0	0	0	0	0	0	model_project/data_audit/results/per_file_records/protein/Acer_yangbiense.rga.pro.fa.records.tsv
Achnatherum_splendens	CDS	Achnatherum_splendens.rga.cds.fa	downloads/sequences/CDS/Achnatherum_splendens.rga.cds.fa	2569	4294626	156	1671.7111716621253	1503	431.4000000000001	3213.0	12438	2010	0	0	0	0	0	0	0	model_project/data_audit/results/per_file_records/CDS/Achnatherum_splendens.rga.cds.fa.records.tsv
Achnatherum_splendens	protein	Achnatherum_splendens.rga.pro.fa	downloads/sequences/protein/Achnatherum_splendens.rga.pro.fa	2569	1428973	51	556.2370572207085	500	142.8	1070.0	4145	670	0	0	0	0	0	0	0	model_project/data_audit/results/per_file_records/protein/Achnatherum_splendens.rga.pro.fa.records.tsv
Acorus_calamus	CDS	Acorus_calamus.rga.cds.fa	downloads/sequences/CDS/Acorus_calamus.rga.cds.fa	2108	3379257	159	1603.063092979127	1485.0	400.05000000000007	3070.7999999999984	6099	1971	0	0	0	0	0	0	0	model_project/data_audit/results/per_file_records/CDS/Acorus_calamus.rga.cds.fa.records.tsv
Acorus_calamus	protein	Acorus_calamus.rga.pro.fa	downloads/sequences/protein/Acorus_calamus.rga.pro.fa	2108	1124311	52	533.3543643263757	494.0	132.35000000000002	1022.5999999999995	2032	656	0	0	0	0	0	0	0	model_project/data_audit/results/per_file_records/protein/Acorus_calamus.rga.pro.fa.records.tsv
Acorus_gramineus	CDS	Acorus_gramineus.rga.cds.fa	downloads/sequences/CDS/Acorus_gramineus.rga.cds.fa	704	1311264	333	1862.590909090909	1797.0	825.4499999999999	3296.250000000001	4872	2058	0	0	0	0	8	0	0	model_project/data_audit/results/per_file_records/CDS/Acorus_gramineus.rga.cds.fa.records.tsv
Acorus_gramineus	protein	Acorus_gramineus.rga.pro.fa	downloads/sequences/protein/Acorus_gramineus.rga.pro.fa	704	436384	110	619.8636363636364	598.0	274.15	1097.7500000000005	1623	685	0	0	0	0	0	0	0	model_project/data_audit/results/per_file_records/protein/Acorus_gramineus.rga.pro.fa.records.tsv
Actinidia_chinensis	CDS	Actinidia_chinensis.rga.cds.fa	downloads/sequences/CDS/Actinidia_chinensis.rga.cds.fa	1794	3495311	210	1948.3338907469342	1872.0	801.0	3422.0999999999995	6360	2160	0	0	0	1	15	45	0	model_project/data_audit/results/per_file_records/CDS/Actinidia_chinensis.rga.cds.fa.records.tsv
Actinidia_chinensis	protein	Actinidia_chinensis.rga.pro.fa	downloads/sequences/protein/Actinidia_chinensis.rga.pro.fa	1794	1163327	69	648.4542920847268	623.0	266.0	1139.6999999999998	2119	719	0	0	0	0	0	0	0	model_project/data_audit/results/per_file_records/protein/Actinidia_chinensis.rga.pro.fa.records.tsv
Actinidia_hemsleyana	CDS	Actinidia_hemsleyana.rga.cds.fa	downloads/sequences/CDS/Actinidia_hemsleyana.rga.cds.fa	1990	3467778	102	1742.6020100502512	1584.0	405.0	3613.6499999999996	6921	2061	0	0	0	0	3	0	0	model_project/data_audit/results/per_file_records/CDS/Actinidia_hemsleyana.rga.cds.fa.records.tsv
Actinidia_hemsleyana	protein	Actinidia_hemsleyana.rga.pro.fa	downloads/sequences/protein/Actinidia_hemsleyana.rga.pro.fa	1990	1153936	33	579.8673366834171	527.0	134.0	1203.55	2306	686	0	0	0	0	0	0	0	model_project/data_audit/results/per_file_records/protein/Actinidia_hemsleyana.rga.pro.fa.records.tsv
Actinidia_zhejiangensis	CDS	Actinidia_zhejiangensis.rga.cds.fa	downloads/sequences/CDS/Actinidia_zhejiangensis.rga.cds.fa	3511	5992101	147	1706.665052691541	1632	426.0	3195.0	7593	2052	0	0	0	0	3	0	0	model_project/data_audit/results/per_file_records/CDS/Actinidia_zhejiangensis.rga.cds.fa.records.tsv
Actinidia_zhejiangensis	protein	Actinidia_zhejiangensis.rga.pro.fa	downloads/sequences/protein/Actinidia_zhejiangensis.rga.pro.fa	3511	1993856	48	567.8883508971803	543	141.0	1064.0	2530	683	0	0	0	0	0	0	0	model_project/data_audit/results/per_file_records/protein/Actinidia_zhejiangensis.rga.pro.fa.records.tsv
Aegiceras_corniculatum	CDS	Aegiceras_corniculatum.rga.cds.fa	downloads/sequences/CDS/Aegiceras_corniculatum.rga.cds.fa	1769	3566298	156	2015.9966082532503	1761	453.0	4168.199999999999	29670	2532	0	0	0	0	103	417	0	model_project/data_audit/results/per_file_records/CDS/Aegiceras_corniculatum.rga.cds.fa.records.tsv
Aegiceras_corniculatum	protein	Aegiceras_corniculatum.rga.pro.fa	downloads/sequences/protein/Aegiceras_corniculatum.rga.pro.fa	1769	1187414	51	671.2345958168456	586	150.0	1388.9999999999995	9890	843	0	0	0	0	0	0	0	model_project/data_audit/results/per_file_records/protein/Aegiceras_corniculatum.rga.pro.fa.records.tsv
Aegilops_bicornis	CDS	Aegilops_bicornis.rga.cds.fa	downloads/sequences/CDS/Aegilops_bicornis.rga.cds.fa	2081	4497201	174	2161.076886112446	2091	918	3747	6024	2490	0	0	0	0	0	0	0	model_project/data_audit/results/per_file_records/CDS/Aegilops_bicornis.rga.cds.fa.records.tsv
Aegilops_bicornis	protein	Aegilops_bicornis.rga.pro.fa	downloads/sequences/protein/Aegilops_bicornis.rga.pro.fa	2081	1496986	57	719.358962037482	696	305	1248	2007	829	0	0	0	0	0	0	0	model_project/data_audit/results/per_file_records/protein/Aegilops_bicornis.rga.pro.fa.records.tsv
Aegilops_longissima	CDS	Aegilops_longissima.rga.cds.fa	downloads/sequences/CDS/Aegilops_longissima.rga.cds.fa	2283	5315643	270	2328.358738501971	2256	1014.3000000000001	3955.800000000001	7098	2697	0	0	0	0	0	0	0	model_project/data_audit/results/per_file_records/CDS/Aegilops_longissima.rga.cds.fa.records.tsv
Aegilops_longissima	protein	Aegilops_longissima.rga.pro.fa	downloads/sequences/protein/Aegilops_longissima.rga.pro.fa	2283	1769598	89	775.119579500657	751	337.1	1317.6000000000004	2365	898	0	0	0	0	0	0	0	model_project/data_audit/results/per_file_records/protein/Aegilops_longissima.rga.pro.fa.records.tsv
Aegilops_searsii	CDS	Aegilops_searsii.rga.cds.fa	downloads/sequences/CDS/Aegilops_searsii.rga.cds.fa	2166	4967409	168	2293.3559556786704	2232.0	1014.0	3815.25	7341	2637	0	0	0	0	0	0	0	model_project/data_audit/results/per_file_records/CDS/Aegilops_searsii.rga.cds.fa.records.tsv
Aegilops_searsii	protein	Aegilops_searsii.rga.pro.fa	downloads/sequences/protein/Aegilops_searsii.rga.pro.fa	2166	1653637	55	763.4519852262234	743.0	337.0	1270.75	2446	878	0	0	0	0	0	0	0	model_project/data_audit/results/per_file_records/protein/Aegilops_searsii.rga.pro.fa.records.tsv
Aegilops_sharonensis	CDS	Aegilops_sharonensis.rga.cds.fa	downloads/sequences/CDS/Aegilops_sharonensis.rga.cds.fa	2271	5293932	168	2331.101717305152	2232	1006.5	3985.5	6396	2679	0	0	0	0	0	0	0	model_project/data_audit/results/per_file_records/CDS/Aegilops_sharonensis.rga.cds.fa.records.tsv
Aegilops_sharonensis	protein	Aegilops_sharonensis.rga.pro.fa	downloads/sequences/protein/Aegilops_sharonensis.rga.pro.fa	2271	1762373	55	776.033905768384	743	334.5	1327.5	2131	892	0	0	0	0	0	0	0	model_project/data_audit/results/per_file_records/protein/Aegilops_sharonensis.rga.pro.fa.records.tsv
Aegilops_speltoides	CDS	Aegilops_speltoides.rga.cds.fa	downloads/sequences/CDS/Aegilops_speltoides.rga.cds.fa	2138	4896915	174	2290.4186155285315	2224.5	1011.0	3861.45	6336	2619	0	0	0	0	1	0	0	model_project/data_audit/results/per_file_records/CDS/Aegilops_speltoides.rga.cds.fa.records.tsv
Aegilops_speltoides	protein	Aegilops_speltoides.rga.pro.fa	downloads/sequences/protein/Aegilops_speltoides.rga.pro.fa	2138	1630167	57	762.4728718428438	740.5	336.0	1286.1499999999999	2111	872	0	0	0	0	0	0	0	model_project/data_audit/results/per_file_records/protein/Aegilops_speltoides.rga.pro.fa.records.tsv
Aegilops_umbellulata	CDS	Aegilops_umbellulata.rga.cds.fa	downloads/sequences/CDS/Aegilops_umbellulata.rga.cds.fa	1985	4198308	174	2115.0166246851386	2067	849.0	3641.9999999999995	6510	2457	0	0	0	11	0	11	0	model_project/data_audit/results/per_file_records/CDS/Aegilops_umbellulata.rga.cds.fa.records.tsv
Aegilops_umbellulata	protein	Aegilops_umbellulata.rga.pro.fa	downloads/sequences/protein/Aegilops_umbellulata.rga.pro.fa	1985	1399432	58	705.0035264483628	689	283.0	1213.9999999999998	2170	819	0	0	0	0	0	0	1985	model_project/data_audit/results/per_file_records/protein/Aegilops_umbellulata.rga.pro.fa.records.tsv
Aegle_marmelos	CDS	Aegle_marmelos.rga.cds.fa	downloads/sequences/CDS/Aegle_marmelos.rga.cds.fa	1149	2126935	162	1851.118363794604	1806	475.20000000000005	3378.5999999999967	6285	2145	0	0	0	3	16	9	0	model_project/data_audit/results/per_file_records/CDS/Aegle_marmelos.rga.cds.fa.records.tsv
Aegle_marmelos	protein	Aegle_marmelos.rga.pro.fa	downloads/sequences/protein/Aegle_marmelos.rga.pro.fa	1149	708977	54	617.0382941688425	602	158.4	1126.199999999999	2095	715	0	0	0	0	0	0	1140	model_project/data_audit/results/per_file_records/protein/Aegle_marmelos.rga.pro.fa.records.tsv
Aeschynomene_evenia	CDS	Aeschynomene_evenia.rga.cds.fa	downloads/sequences/CDS/Aeschynomene_evenia.rga.cds.fa	1367	2963373	151	2167.792977322604	1983	927.6	4011.9000000000015	9033	2460	0	0	0	11	7	8	0	model_project/data_audit/results/per_file_records/CDS/Aeschynomene_evenia.rga.cds.fa.records.tsv
Aeschynomene_evenia	protein	Aeschynomene_evenia.rga.pro.fa	downloads/sequences/protein/Aeschynomene_evenia.rga.pro.fa	1367	987785	50	722.5932699341624	661	309.2	1337.3000000000004	3011	820	0	0	0	0	0	0	1359	model_project/data_audit/results/per_file_records/protein/Aeschynomene_evenia.rga.pro.fa.records.tsv
Aethionema_arabicum	CDS	Aethionema_arabicum.rga.cds.fa	downloads/sequences/CDS/Aethionema_arabicum.rga.cds.fa	1234	2605497	165	2111.4238249594814	1954.5	742.95	3983.399999999998	11355	2475	0	0	0	7	10	17	0	model_project/data_audit/results/per_file_records/CDS/Aethionema_arabicum.rga.cds.fa.records.tsv
Aethionema_arabicum	protein	Aethionema_arabicum.rga.pro.fa	downloads/sequences/protein/Aethionema_arabicum.rga.pro.fa	1234	867278	54	702.8184764991896	650.5	246.65	1326.7999999999993	3784	824	0	0	0	0	0	0	0	model_project/data_audit/results/per_file_records/protein/Aethionema_arabicum.rga.pro.fa.records.tsv
Agastache_rugosa	CDS	Agastache_rugosa.rga.cds.fa	downloads/sequences/CDS/Agastache_rugosa.rga.cds.fa	1226	2078460	180	1695.3181076672104	1539.0	436.5	3388.5	6345	1989	0	0	0	0	30	50	0	model_project/data_audit/results/per_file_records/CDS/Agastache_rugosa.rga.cds.fa.records.tsv
Agastache_rugosa	protein	Agastache_rugosa.rga.pro.fa	downloads/sequences/protein/Agastache_rugosa.rga.pro.fa	1226	692820	60	565.1060358890702	513.0	145.5	1129.5	2115	663	1176	0	0	0	0	0	0	model_project/data_audit/results/per_file_records/protein/Agastache_rugosa.rga.pro.fa.records.tsv
Akebia_trifoliata	CDS	Akebia_trifoliata.rga.cds.fa	downloads/sequences/CDS/Akebia_trifoliata.rga.cds.fa	1331	2614977	231	1964.670924117205	1896	751.5	3487.5	6447	2274	0	0	0	0	0	0	0	model_project/data_audit/results/per_file_records/CDS/Akebia_trifoliata.rga.cds.fa.records.tsv
Akebia_trifoliata	protein	Akebia_trifoliata.rga.pro.fa	downloads/sequences/protein/Akebia_trifoliata.rga.pro.fa	1331	870328	76	653.8903080390684	631	249.5	1161.5	2148	757	0	0	0	0	0	0	0	model_project/data_audit/results/per_file_records/protein/Akebia_trifoliata.rga.pro.fa.records.tsv
Aldrovanda_vesiculosa	CDS	Aldrovanda_vesiculosa.rga.cds.fa	downloads/sequences/CDS/Aldrovanda_vesiculosa.rga.cds.fa	1217	2298642	186	1888.7773212818406	1698	527.4	3708.000000000002	12429	2130	0	0	0	0	54	118	0	model_project/data_audit/results/per_file_records/CDS/Aldrovanda_vesiculosa.rga.cds.fa.records.tsv
Aldrovanda_vesiculosa	protein	Aldrovanda_vesiculosa.rga.pro.fa	downloads/sequences/protein/Aldrovanda_vesiculosa.rga.pro.fa	1217	765115	62	628.6894001643385	565	174.8	1235.0000000000007	4142	709	0	0	0	0	0	0	0	model_project/data_audit/results/per_file_records/protein/Aldrovanda_vesiculosa.rga.pro.fa.records.tsv
Allium_cepa	CDS	Allium_cepa.rga.cds.fa	downloads/sequences/CDS/Allium_cepa.rga.cds.fa	1578	2298558	201	1456.6273764258556	1306.5	354.0	3010.499999999996	5661	1866	0	0	0	4	8	6	0	model_project/data_audit/results/per_file_records/CDS/Allium_cepa.rga.cds.fa.records.tsv
Allium_cepa	protein	Allium_cepa.rga.pro.fa	downloads/sequences/protein/Allium_cepa.rga.pro.fa	1578	764616	66	484.54752851711027	434.5	117.0	1002.4999999999986	1886	621	0	0	0	0	0	0	0	model_project/data_audit/results/per_file_records/protein/Allium_cepa.rga.pro.fa.records.tsv
Allium_fistulosum	CDS	Allium_fistulosum.rga.cds.fa	downloads/sequences/CDS/Allium_fistulosum.rga.cds.fa	1703	2466177	138	1448.1368173810922	1293	334.20000000000005	3042.0	5025	1899	0	0	0	37	37	51	0	model_project/data_audit/results/per_file_records/CDS/Allium_fistulosum.rga.cds.fa.records.tsv
Allium_fistulosum	protein	Allium_fistulosum.rga.pro.fa	downloads/sequences/protein/Allium_fistulosum.rga.pro.fa	1703	822041	46	482.7017028772754	431	111.10000000000001	1014.0	1675	633	0	0	0	0	0	0	1648	model_project/data_audit/results/per_file_records/protein/Allium_fistulosum.rga.pro.fa.records.tsv
Allium_sativum	CDS	Allium_sativum.rga.cds.fa	downloads/sequences/CDS/Allium_sativum.rga.cds.fa	2080	2792031	154	1342.3225961538462	1185.0	300.0	2919.15	4875	1818	0	0	0	107	112	107	0	model_project/data_audit/results/per_file_records/CDS/Allium_sativum.rga.cds.fa.records.tsv
Allium_sativum	protein	Allium_sativum.rga.pro.fa	downloads/sequences/protein/Allium_sativum.rga.pro.fa	2080	928641	50	446.4620192307692	394.0	99.0	972.05	1624	605	0	0	0	0	0	0	0	model_project/data_audit/results/per_file_records/protein/Allium_sativum.rga.pro.fa.records.tsv
Amaranthus_tricolor	CDS	Amaranthus_tricolor.rga.cds.fa	downloads/sequences/CDS/Amaranthus_tricolor.rga.cds.fa	1218	2337786	237	1919.3645320197045	1806.0	647.55	3542.249999999998	10533	2217	0	0	0	0	0	0	0	model_project/data_audit/results/per_file_records/CDS/Amaranthus_tricolor.rga.cds.fa.records.tsv
Amaranthus_tricolor	protein	Amaranthus_tricolor.rga.pro.fa	downloads/sequences/protein/Amaranthus_tricolor.rga.pro.fa	1218	778044	78	638.7881773399015	601.0	214.85000000000002	1179.7499999999993	3510	738	0	0	0	0	0	0	0	model_project/data_audit/results/per_file_records/protein/Amaranthus_tricolor.rga.pro.fa.records.tsv
Amaranthus_tuberculatus	CDS	Amaranthus_tuberculatus.rga.cds.fa	downloads/sequences/CDS/Amaranthus_tuberculatus.rga.cds.fa	1009	3553750	324	3522.05153617443	3276	1064.4	6369.599999999997	16266	4146	0	0	0	37	19	38	0	model_project/data_audit/results/per_file_records/CDS/Amaranthus_tuberculatus.rga.cds.fa.records.tsv
Amaranthus_tuberculatus	protein	Amaranthus_tuberculatus.rga.pro.fa	downloads/sequences/protein/Amaranthus_tuberculatus.rga.pro.fa	1009	1184563	108	1173.9970267591675	1092	354.8	2123.199999999999	5422	1382	0	0	0	0	0	0	1005	model_project/data_audit/results/per_file_records/protein/Amaranthus_tuberculatus.rga.pro.fa.records.tsv
Amborella_trichopoda	CDS	Amborella_trichopoda.rga.cds.fa	downloads/sequences/CDS/Amborella_trichopoda.rga.cds.fa	1440	2256003	156	1566.66875	1353.0	344.85	3339.3	9270	2031	0	0	0	15	54	91	0	model_project/data_audit/results/per_file_records/CDS/Amborella_trichopoda.rga.cds.fa.records.tsv
Amborella_trichopoda	protein	Amborella_trichopoda.rga.pro.fa	downloads/sequences/protein/Amborella_trichopoda.rga.pro.fa	1440	750646	52	521.2819444444444	450.0	113.95	1112.1	3089	677	0	0	0	0	0	0	0	model_project/data_audit/results/per_file_records/protein/Amborella_trichopoda.rga.pro.fa.records.tsv
Ammopiptanthus_nanus	CDS	Ammopiptanthus_nanus.rga.cds.fa	downloads/sequences/CDS/Ammopiptanthus_nanus.rga.cds.fa	1317	2654751	186	2015.756264236902	1911	704.4	3642.0000000000005	7866	2310	0	0	0	0	12	11	0	model_project/data_audit/results/per_file_records/CDS/Ammopiptanthus_nanus.rga.cds.fa.records.tsv
Ammopiptanthus_nanus	protein	Ammopiptanthus_nanus.rga.pro.fa	downloads/sequences/protein/Ammopiptanthus_nanus.rga.pro.fa	1317	884917	62	671.918754745634	637	234.79999999999998	1214.0000000000002	2622	770	1306	0	0	0	0	0	0	model_project/data_audit/results/per_file_records/protein/Ammopiptanthus_nanus.rga.pro.fa.records.tsv
Amorphophallus_konjac	CDS	Amorphophallus_konjac.rga.cds.fa	downloads/sequences/CDS/Amorphophallus_konjac.rga.cds.fa	1654	2945616	165	1780.9044740024183	1626.0	406.95000000000005	3555.4499999999975	6801	2208	0	0	0	22	32	32	0	model_project/data_audit/results/per_file_records/CDS/Amorphophallus_konjac.rga.cds.fa.records.tsv
Amorphophallus_konjac	protein	Amorphophallus_konjac.rga.pro.fa	downloads/sequences/protein/Amorphophallus_konjac.rga.pro.fa	1654	980241	55	592.648730350665	541.0	134.65	1184.1499999999992	2266	736	0	0	0	0	0	0	0	model_project/data_audit/results/per_file_records/protein/Amorphophallus_konjac.rga.pro.fa.records.tsv
Amphicarpaea_edgeworthii	CDS	Amphicarpaea_edgeworthii.rga.cds.fa	downloads/sequences/CDS/Amphicarpaea_edgeworthii.rga.cds.fa	1229	2029683	172	1651.4914564686737	1512	433.20000000000005	3249.5999999999995	5397	1995	0	0	0	10	9	15	0	model_project/data_audit/results/per_file_records/CDS/Amphicarpaea_edgeworthii.rga.cds.fa.records.tsv
Amphicarpaea_edgeworthii	protein	Amphicarpaea_edgeworthii.rga.pro.fa	downloads/sequences/protein/Amphicarpaea_edgeworthii.rga.pro.fa	1229	676556	57	550.493083807974	504	144.4	1083.1999999999998	1799	665	0	0	0	0	0	0	1213	model_project/data_audit/results/per_file_records/protein/Amphicarpaea_edgeworthii.rga.pro.fa.records.tsv
Ananas_comosus	CDS	Ananas_comosus.rga.cds.fa	downloads/sequences/CDS/Ananas_comosus.rga.cds.fa	1256	2646615	216	2107.1775477707006	1878.0	579.0	4205.25	9384	2535	0	0	0	0	70	64	0	model_project/data_audit/results/per_file_records/CDS/Ananas_comosus.rga.cds.fa.records.tsv
Ananas_comosus	protein	Ananas_comosus.rga.pro.fa	downloads/sequences/protein/Ananas_comosus.rga.pro.fa	1256	881013	71	701.4434713375796	625.0	192.0	1401.5	3127	844	0	0	0	0	0	0	0	model_project/data_audit/results/per_file_records/protein/Ananas_comosus.rga.pro.fa.records.tsv
Andrographis_paniculata	CDS	Andrographis_paniculata.rga.cds.fa	downloads/sequences/CDS/Andrographis_paniculata.rga.cds.fa	1733	3471576	207	2003.2175418349682	1905	927.0	3479.3999999999996	7296	2256	0	0	0	0	2	2	0	model_project/data_audit/results/per_file_records/CDS/Andrographis_paniculata.rga.cds.fa.records.tsv
Andrographis_paniculata	protein	Andrographis_paniculata.rga.pro.fa	downloads/sequences/protein/Andrographis_paniculata.rga.pro.fa	1733	1155463	68	666.7414887478361	634	308.0	1158.7999999999997	2431	751	0	0	0	0	0	0	0	model_project/data_audit/results/per_file_records/protein/Andrographis_paniculata.rga.pro.fa.records.tsv
Angelica_sinensis	CDS	Angelica_sinensis.rga.cds.fa	downloads/sequences/CDS/Angelica_sinensis.rga.cds.fa	1716	2759112	36	1607.8741258741259	1561.5	299.25	3036.0	5454	1974	0	0	0	0	0	0	0	model_project/data_audit/results/per_file_records/CDS/Angelica_sinensis.rga.cds.fa.records.tsv
Angelica_sinensis	protein	Angelica_sinensis.rga.pro.fa	downloads/sequences/protein/Angelica_sinensis.rga.pro.fa	1716	917988	11	534.9580419580419	519.5	98.75	1011.0	1817	658	0	0	0	0	0	0	0	model_project/data_audit/results/per_file_records/protein/Angelica_sinensis.rga.pro.fa.records.tsv
Anisodus_acutangulus	CDS	Anisodus_acutangulus.rga.cds.fa	downloads/sequences/CDS/Anisodus_acutangulus.rga.cds.fa	1936	3610242	219	1864.7944214876034	1752.0	654.0	3519.0	7881	2112	0	0	0	0	0	0	0	model_project/data_audit/results/per_file_records/CDS/Anisodus_acutangulus.rga.cds.fa.records.tsv
Anisodus_acutangulus	protein	Anisodus_acutangulus.rga.pro.fa	downloads/sequences/protein/Anisodus_acutangulus.rga.pro.fa	1936	1201478	72	620.5981404958678	583.0	217.0	1172.0	2626	703	0	0	0	0	0	0	0	model_project/data_audit/results/per_file_records/protein/Anisodus_acutangulus.rga.pro.fa.records.tsv
Anisodus_luridus	CDS	Anisodus_luridus.rga.cds.fa	downloads/sequences/CDS/Anisodus_luridus.rga.cds.fa	3666	6361422	168	1735.2487725040917	1567.5	414.75	3393.0	16479	2133	0	0	0	0	1	0	0	model_project/data_audit/results/per_file_records/CDS/Anisodus_luridus.rga.cds.fa.records.tsv
Anisodus_luridus	protein	Anisodus_luridus.rga.pro.fa	downloads/sequences/protein/Anisodus_luridus.rga.pro.fa	3666	2116808	55	577.4162575013639	521.5	137.25	1130.0	5492	711	0	0	0	0	0	0	0	model_project/data_audit/results/per_file_records/protein/Anisodus_luridus.rga.pro.fa.records.tsv
Annona_cherimola	CDS	Annona_cherimola.rga.cds.fa	downloads/sequences/CDS/Annona_cherimola.rga.cds.fa	2696	4071588	141	1510.23293768546	1347.0	366.0	3084.75	8718	1950	0	0	0	2	30	77	0	model_project/data_audit/results/per_file_records/CDS/Annona_cherimola.rga.cds.fa.records.tsv
Annona_cherimola	protein	Annona_cherimola.rga.pro.fa	downloads/sequences/protein/Annona_cherimola.rga.pro.fa	2696	1354576	46	502.4391691394659	448.0	121.0	1027.25	2905	650	0	0	0	0	0	0	0	model_project/data_audit/results/per_file_records/protein/Annona_cherimola.rga.pro.fa.records.tsv
Anthoceros_agrestis	CDS	Anthoceros_agrestis.rga.cds.fa	downloads/sequences/CDS/Anthoceros_agrestis.rga.cds.fa	644	1192977	201	1852.4487577639752	1714.5	385.34999999999997	3615.3	11241	2301	0	0	0	2	4	2	0	model_project/data_audit/results/per_file_records/CDS/Anthoceros_agrestis.rga.cds.fa.records.tsv
Anthoceros_agrestis	protein	Anthoceros_agrestis.rga.pro.fa	downloads/sequences/protein/Anthoceros_agrestis.rga.pro.fa	644	397016	66	616.4844720496894	570.5	127.45	1204.1	3746	769	0	0	0	0	0	0	0	model_project/data_audit/results/per_file_records/protein/Anthoceros_agrestis.rga.pro.fa.records.tsv
Anthoceros_angustus	CDS	Anthoceros_angustus.rga.cds.fa	downloads/sequences/CDS/Anthoceros_angustus.rga.cds.fa	446	804213	168	1803.1681614349775	1588.5	534.75	3769.5	5391	2181	0	0	0	0	1	0	0	model_project/data_audit/results/per_file_records/CDS/Anthoceros_angustus.rga.cds.fa.records.tsv
Anthoceros_angustus	protein	Anthoceros_angustus.rga.pro.fa	downloads/sequences/protein/Anthoceros_angustus.rga.pro.fa	446	267625	55	600.0560538116592	528.5	177.25	1255.5	1796	726	0	0	0	0	0	0	0	model_project/data_audit/results/per_file_records/protein/Anthoceros_angustus.rga.pro.fa.records.tsv
Anthoceros_punctatus	CDS	Anthoceros_punctatus.rga.cds.fa	downloads/sequences/CDS/Anthoceros_punctatus.rga.cds.fa	666	1207514	204	1813.084084084084	1611.0	375.0	3922.5	11292	2319	0	0	0	1	1	0	0	model_project/data_audit/results/per_file_records/CDS/Anthoceros_punctatus.rga.cds.fa.records.tsv
Anthoceros_punctatus	protein	Anthoceros_punctatus.rga.pro.fa	downloads/sequences/protein/Anthoceros_punctatus.rga.pro.fa	666	401838	67	603.3603603603603	536.0	124.0	1306.5	3763	772	0	0	0	0	0	0	0	model_project/data_audit/results/per_file_records/protein/Anthoceros_punctatus.rga.pro.fa.records.tsv
Antirrhinum_hispanicum	CDS	Antirrhinum_hispanicum.rga.cds.fa	downloads/sequences/CDS/Antirrhinum_hispanicum.rga.cds.fa	1730	3286341	306	1899.6190751445088	1831.5	567.0	3495.5999999999995	6354	2235	0	0	0	0	0	0	0	model_project/data_audit/results/per_file_records/CDS/Antirrhinum_hispanicum.rga.cds.fa.records.tsv
Antirrhinum_hispanicum	protein	Antirrhinum_hispanicum.rga.pro.fa	downloads/sequences/protein/Antirrhinum_hispanicum.rga.pro.fa	1730	1093717	101	632.2063583815029	609.5	188.0	1164.1999999999998	2117	744	0	0	0	0	0	0	2	model_project/data_audit/results/per_file_records/protein/Antirrhinum_hispanicum.rga.pro.fa.records.tsv
Antirrhinum_majus	CDS	Antirrhinum_majus.rga.cds.fa	downloads/sequences/CDS/Antirrhinum_majus.rga.cds.fa	1611	3012135	111	1869.729981378026	1824	499.5	3415.5	7683	2220	0	0	0	0	11	75	0	model_project/data_audit/results/per_file_records/CDS/Antirrhinum_majus.rga.cds.fa.records.tsv
Antirrhinum_majus	protein	Antirrhinum_majus.rga.pro.fa	downloads/sequences/protein/Antirrhinum_majus.rga.pro.fa	1611	1002509	36	622.2898820608318	607	165.5	1137.5	2560	739	0	0	0	0	0	0	0	model_project/data_audit/results/per_file_records/protein/Antirrhinum_majus.rga.pro.fa.records.tsv
Apium_graveolens	CDS	Apium_graveolens.rga.cds.fa	downloads/sequences/CDS/Apium_graveolens.rga.cds.fa	1371	2355290	153	1717.9358132749817	1623	412.5	3312.0	6606	2061	0	0	0	28	35	37	0	model_project/data_audit/results/per_file_records/CDS/Apium_graveolens.rga.cds.fa.records.tsv
Apium_graveolens	protein	Apium_graveolens.rga.pro.fa	downloads/sequences/protein/Apium_graveolens.rga.pro.fa	1371	783748	50	571.6615609044493	540	136.5	1103.0	2201	686	0	0	0	0	0	0	0	model_project/data_audit/results/per_file_records/protein/Apium_graveolens.rga.pro.fa.records.tsv
Apostasia_shenzhenica	CDS	Apostasia_shenzhenica.rga.cds.fa	downloads/sequences/CDS/Apostasia_shenzhenica.rga.cds.fa	758	1402110	240	1849.7493403693932	1741.5	705.3	3409.7999999999997	5070	2073	0	0	0	0	2	0	0	model_project/data_audit/results/per_file_records/CDS/Apostasia_shenzhenica.rga.cds.fa.records.tsv
Apostasia_shenzhenica	protein	Apostasia_shenzhenica.rga.pro.fa	downloads/sequences/protein/Apostasia_shenzhenica.rga.pro.fa	758	466612	79	615.5831134564644	579.5	234.10000000000002	1135.6	1689	690	0	0	0	0	0	0	0	model_project/data_audit/results/per_file_records/protein/Apostasia_shenzhenica.rga.pro.fa.records.tsv
Aquilaria_sinensis	CDS	Aquilaria_sinensis.rga.cds.fa	downloads/sequences/CDS/Aquilaria_sinensis.rga.cds.fa	1461	2642316	174	1808.5667351129364	1749	510	3372	5676	2136	0	0	0	0	18	7	0	model_project/data_audit/results/per_file_records/CDS/Aquilaria_sinensis.rga.cds.fa.records.tsv
Aquilaria_sinensis	protein	Aquilaria_sinensis.rga.pro.fa	downloads/sequences/protein/Aquilaria_sinensis.rga.pro.fa	1461	879318	58	601.8603696098562	582	169	1123	1891	711	0	0	0	0	0	0	0	model_project/data_audit/results/per_file_records/protein/Aquilaria_sinensis.rga.pro.fa.records.tsv
Aquilegia_coerulea	CDS	Aquilegia_coerulea.rga.cds.fa	downloads/sequences/CDS/Aquilegia_coerulea.rga.cds.fa	1404	2773188	204	1975.2051282051282	1944.0	657.0	3413.5499999999997	5403	2337	0	0	0	0	22	21	0	model_project/data_audit/results/per_file_records/CDS/Aquilegia_coerulea.rga.cds.fa.records.tsv
Aquilegia_coerulea	protein	Aquilegia_coerulea.rga.pro.fa	downloads/sequences/protein/Aquilegia_coerulea.rga.pro.fa	1404	923013	67	657.4166666666666	647.0	218.0	1136.85	1800	778	0	0	0	0	0	0	0	model_project/data_audit/results/per_file_records/protein/Aquilegia_coerulea.rga.pro.fa.records.tsv
Arabidopsis_halleri	CDS	Arabidopsis_halleri.rga.cds.fa	downloads/sequences/CDS/Arabidopsis_halleri.rga.cds.fa	1536	2975252	159	1937.0130208333333	1885.0	685.5	3472.5	7791	2238	98	0	0	13	13	15	0	model_project/data_audit/results/per_file_records/CDS/Arabidopsis_halleri.rga.cds.fa.records.tsv
Arabidopsis_halleri	protein	Arabidopsis_halleri.rga.pro.fa	downloads/sequences/protein/Arabidopsis_halleri.rga.pro.fa	1536	989812	52	644.4088541666666	626.5	227.5	1155.25	2596	745	0	0	0	0	0	0	0	model_project/data_audit/results/per_file_records/protein/Arabidopsis_halleri.rga.pro.fa.records.tsv
Arabidopsis_lyrata	CDS	Arabidopsis_lyrata.rga.cds.fa	downloads/sequences/CDS/Arabidopsis_lyrata.rga.cds.fa	1506	2893149	120	1921.081673306773	1867.5	693.75	3451.5	5295	2229	0	0	0	0	5	13	0	model_project/data_audit/results/per_file_records/CDS/Arabidopsis_lyrata.rga.cds.fa.records.tsv
Arabidopsis_lyrata	protein	Arabidopsis_lyrata.rga.pro.fa	downloads/sequences/protein/Arabidopsis_lyrata.rga.pro.fa	1506	962890	39	639.3691899070385	621.5	230.25	1149.5	1764	742	0	0	0	0	0	0	0	model_project/data_audit/results/per_file_records/protein/Arabidopsis_lyrata.rga.pro.fa.records.tsv
Arabidopsis_suecica	CDS	Arabidopsis_suecica.rga.cds.fa	downloads/sequences/CDS/Arabidopsis_suecica.rga.cds.fa	2643	5242488	132	1983.5368898978434	1911	876.5999999999999	3492.0	12720	2223	0	0	0	7	40	50	0	model_project/data_audit/results/per_file_records/CDS/Arabidopsis_suecica.rga.cds.fa.records.tsv
Arabidopsis_suecica	protein	Arabidopsis_suecica.rga.pro.fa	downloads/sequences/protein/Arabidopsis_suecica.rga.pro.fa	2643	1744902	43	660.1975028376844	636	291.20000000000005	1163.0	4239	740	0	0	0	0	0	0	0	model_project/data_audit/results/per_file_records/protein/Arabidopsis_suecica.rga.pro.fa.records.tsv
Arabidopsis_thaliana	CDS	Arabidopsis_thaliana.rga.cds.fa	downloads/sequences/CDS/Arabidopsis_thaliana.rga.cds.fa	1364	2766490	324	2028.2184750733138	1977.0	909.45	3520.649999999999	5688	2322	0	0	0	1	0	1	0	model_project/data_audit/results/per_file_records/CDS/Arabidopsis_thaliana.rga.cds.fa.records.tsv
Arabidopsis_thaliana	protein	Arabidopsis_thaliana.rga.pro.fa	downloads/sequences/protein/Arabidopsis_thaliana.rga.pro.fa	1364	920794	107	675.0689149560118	658.0	302.15	1172.5499999999997	1895	773	0	0	0	0	0	0	0	model_project/data_audit/results/per_file_records/protein/Arabidopsis_thaliana.rga.pro.fa.records.tsv
Arabis_alpina	CDS	Arabis_alpina.rga.cds.fa	downloads/sequences/CDS/Arabis_alpina.rga.cds.fa	1603	3030593	84	1890.5757953836558	1749	558.6000000000001	3679.199999999997	12138	2187	0	0	0	22	45	44	0	model_project/data_audit/results/per_file_records/CDS/Arabis_alpina.rga.cds.fa.records.tsv
Arabis_alpina	protein	Arabis_alpina.rga.pro.fa	downloads/sequences/protein/Arabis_alpina.rga.pro.fa	1603	1007666	27	628.6126013724268	582	186.0	1225.3999999999992	4046	727	0	0	0	0	0	0	0	model_project/data_audit/results/per_file_records/protein/Arabis_alpina.rga.pro.fa.records.tsv
Arabis_nemorensis	CDS	Arabis_nemorensis.rga.cds.fa	downloads/sequences/CDS/Arabis_nemorensis.rga.cds.fa	980	1740174	150	1775.687755102041	1611.0	401.55	3492.5999999999995	7410	2112	6	0	0	0	1	0	0	model_project/data_audit/results/per_file_records/CDS/Arabis_nemorensis.rga.cds.fa.records.tsv
Arabis_nemorensis	protein	Arabis_nemorensis.rga.pro.fa	downloads/sequences/protein/Arabis_nemorensis.rga.pro.fa	980	579078	49	590.8959183673469	536.0	132.85000000000002	1163.1999999999998	2469	703	0	0	0	0	0	0	0	model_project/data_audit/results/per_file_records/protein/Arabis_nemorensis.rga.pro.fa.records.tsv
Arachis_hypogaea	CDS	Arachis_hypogaea.rga.cds.fa	downloads/sequences/CDS/Arachis_hypogaea.rga.cds.fa	4156	8784219	120	2113.62343599615	1968.0	489.0	3912.75	9921	2631	0	0	0	0	202	215	0	model_project/data_audit/results/per_file_records/CDS/Arachis_hypogaea.rga.cds.fa.records.tsv
Arachis_hypogaea	protein	Arachis_hypogaea.rga.pro.fa	downloads/sequences/protein/Arachis_hypogaea.rga.pro.fa	4156	2924132	39	703.5928777670837	655.0	162.0	1303.25	3307	876	0	0	0	0	0	0	0	model_project/data_audit/results/per_file_records/protein/Arachis_hypogaea.rga.pro.fa.records.tsv
Aralia_elata	CDS	Aralia_elata.rga.cds.fa	downloads/sequences/CDS/Aralia_elata.rga.cds.fa	1837	3901173	180	2123.6652150244963	1977	506.40000000000003	4207.199999999999	9411	2568	0	0	0	0	61	70	0	model_project/data_audit/results/per_file_records/CDS/Aralia_elata.rga.cds.fa.records.tsv
Aralia_elata	protein	Aralia_elata.rga.pro.fa	downloads/sequences/protein/Aralia_elata.rga.pro.fa	1837	1298624	59	706.9265106151333	658	167.8	1401.3999999999996	3136	855	0	0	0	0	0	0	0	model_project/data_audit/results/per_file_records/protein/Aralia_elata.rga.pro.fa.records.tsv
Arctium_lappa	CDS	Arctium_lappa.rga.cds.fa	downloads/sequences/CDS/Arctium_lappa.rga.cds.fa	1657	3205278	240	1934.38624019312	1815	552.0	3642.5999999999995	11391	2316	0	0	0	14	12	13	0	model_project/data_audit/results/per_file_records/CDS/Arctium_lappa.rga.cds.fa.records.tsv
Arctium_lappa	protein	Arctium_lappa.rga.pro.fa	downloads/sequences/protein/Arctium_lappa.rga.pro.fa	1657	1066779	79	643.8014484007242	604	183.0	1213.1999999999998	3796	771	0	0	0	0	0	0	0	model_project/data_audit/results/per_file_records/protein/Arctium_lappa.rga.pro.fa.records.tsv
Areca_catechu	CDS	Areca_catechu.rga.cds.fa	downloads/sequences/CDS/Areca_catechu.rga.cds.fa	1589	2929344	207	1843.5141598489615	1641	444.0	3826.7999999999997	10650	2265	0	0	0	0	111	163	0	model_project/data_audit/results/per_file_records/CDS/Areca_catechu.rga.cds.fa.records.tsv
Areca_catechu	protein	Areca_catechu.rga.pro.fa	downloads/sequences/protein/Areca_catechu.rga.pro.fa	1589	975022	68	613.607300188798	546	147.0	1274.6	3549	754	0	0	0	0	0	0	0	model_project/data_audit/results/per_file_records/protein/Areca_catechu.rga.pro.fa.records.tsv
Aristolochia_contorta	CDS	Aristolochia_contorta.rga.cds.fa	downloads/sequences/CDS/Aristolochia_contorta.rga.cds.fa	890	1691343	330	1900.385393258427	1878.0	740.1000000000001	3322.6499999999996	6687	2118	0	0	0	0	0	0	0	model_project/data_audit/results/per_file_records/CDS/Aristolochia_contorta.rga.cds.fa.records.tsv
Aristolochia_contorta	protein	Aristolochia_contorta.rga.pro.fa	downloads/sequences/protein/Aristolochia_contorta.rga.pro.fa	890	562891	109	632.4617977528089	625.0	245.7	1106.55	2228	705	0	0	0	0	0	0	0	model_project/data_audit/results/per_file_records/protein/Aristolochia_contorta.rga.pro.fa.records.tsv
Aristolochia_fimbriata	CDS	Aristolochia_fimbriata.rga.cds.fa	downloads/sequences/CDS/Aristolochia_fimbriata.rga.cds.fa	837	1708524	216	2041.247311827957	1953	771.0	3682.1999999999966	6300	2346	0	0	0	0	0	0	0	model_project/data_audit/results/per_file_records/CDS/Aristolochia_fimbriata.rga.cds.fa.records.tsv
Aristolochia_fimbriata	protein	Aristolochia_fimbriata.rga.pro.fa	downloads/sequences/protein/Aristolochia_fimbriata.rga.pro.fa	837	568671	71	679.415770609319	650	256.0	1226.3999999999987	2099	781	0	0	0	0	0	0	0	model_project/data_audit/results/per_file_records/protein/Aristolochia_fimbriata.rga.pro.fa.records.tsv
Armoracia_rusticana	CDS	Armoracia_rusticana.rga.cds.fa	downloads/sequences/CDS/Armoracia_rusticana.rga.cds.fa	2276	7015688	180	3082.463971880492	2782.5	727.5	6552.75	18289	3532	0	0	0	1332	959	921	0	model_project/data_audit/results/per_file_records/CDS/Armoracia_rusticana.rga.cds.fa.records.tsv
Armoracia_rusticana	protein	Armoracia_rusticana.rga.pro.fa	downloads/sequences/protein/Armoracia_rusticana.rga.pro.fa	2276	1305295	45	573.5039543057997	540.0	153.75	1078.25	2546	686	0	0	0	0	0	0	0	model_project/data_audit/results/per_file_records/protein/Armoracia_rusticana.rga.pro.fa.records.tsv
Artemisia_argyi	CDS	Artemisia_argyi.rga.cds.fa	downloads/sequences/CDS/Artemisia_argyi.rga.cds.fa	5399	13837404	186	2562.956843859974	2388	984.0	4965.899999999995	16368	3021	0	0	0	0	0	0	0	model_project/data_audit/results/per_file_records/CDS/Artemisia_argyi.rga.cds.fa.records.tsv
Artemisia_argyi	protein	Artemisia_argyi.rga.pro.fa	downloads/sequences/protein/Artemisia_argyi.rga.pro.fa	5399	4607069	61	853.3189479533247	795	327.0	1654.2999999999984	5455	1006	0	0	0	0	0	0	0	model_project/data_audit/results/per_file_records/protein/Artemisia_argyi.rga.pro.fa.records.tsv
Artocarpus_altilis	CDS	Artocarpus_altilis.rga.cds.fa	downloads/sequences/CDS/Artocarpus_altilis.rga.cds.fa	2090	4167852	189	1994.1875598086124	1872.0	458.70000000000005	4056.2999999999993	9540	2457	0	0	0	0	0	0	0	model_project/data_audit/results/per_file_records/CDS/Artocarpus_altilis.rga.cds.fa.records.tsv
Artocarpus_altilis	protein	Artocarpus_altilis.rga.pro.fa	downloads/sequences/protein/Artocarpus_altilis.rga.pro.fa	2090	1387115	62	663.6913875598086	623.0	151.9	1351.1	3179	818	0	0	0	0	0	0	0	model_project/data_audit/results/per_file_records/protein/Artocarpus_altilis.rga.pro.fa.records.tsv
Artocarpus_nanchuanensis	CDS	Artocarpus_nanchuanensis.rga.cds.fa	downloads/sequences/CDS/Artocarpus_nanchuanensis.rga.cds.fa	2341	4615632	180	1971.6497223408799	1914	648	3465	6801	2319	0	0	0	0	0	0	0	model_project/data_audit/results/per_file_records/CDS/Artocarpus_nanchuanensis.rga.cds.fa.records.tsv
Artocarpus_nanchuanensis	protein	Artocarpus_nanchuanensis.rga.pro.fa	downloads/sequences/protein/Artocarpus_nanchuanensis.rga.pro.fa	2341	1538544	60	657.2165741136266	638	216	1155	2267	773	2341	0	0	0	0	0	0	model_project/data_audit/results/per_file_records/protein/Artocarpus_nanchuanensis.rga.pro.fa.records.tsv
Asparagus_officinalis	CDS	Asparagus_officinalis.rga.cds.fa	downloads/sequences/CDS/Asparagus_officinalis.rga.cds.fa	1023	1607649	204	1571.5043988269795	1407	417.29999999999995	3230.3999999999996	5010	1968	0	0	0	0	13	10	0	model_project/data_audit/results/per_file_records/CDS/Asparagus_officinalis.rga.cds.fa.records.tsv
Asparagus_officinalis	protein	Asparagus_officinalis.rga.pro.fa	downloads/sequences/protein/Asparagus_officinalis.rga.pro.fa	1023	534870	67	522.8445747800587	468	138.1	1075.8	1669	655	0	0	0	0	0	0	0	model_project/data_audit/results/per_file_records/protein/Asparagus_officinalis.rga.pro.fa.records.tsv
Asparagus_setaceus	CDS	Asparagus_setaceus.rga.cds.fa	downloads/sequences/CDS/Asparagus_setaceus.rga.cds.fa	1054	1954086	219	1853.9715370018976	1737.0	565.95	3384.149999999999	7197	2160	0	0	0	0	0	1	0	model_project/data_audit/results/per_file_records/CDS/Asparagus_setaceus.rga.cds.fa.records.tsv
Asparagus_setaceus	protein	Asparagus_setaceus.rga.pro.fa	downloads/sequences/protein/Asparagus_setaceus.rga.pro.fa	1054	650309	72	616.9914611005693	578.0	187.65	1127.0499999999997	2398	722	0	0	0	0	0	0	0	model_project/data_audit/results/per_file_records/protein/Asparagus_setaceus.rga.pro.fa.records.tsv
Asterochloris_glomerata	CDS	Asterochloris_glomerata.rga.cds.fa	downloads/sequences/CDS/Asterochloris_glomerata.rga.cds.fa	311	485538	153	1561.2154340836014	1125	415.5	4348.5	12954	1914	0	0	0	0	51	50	0	model_project/data_audit/results/per_file_records/CDS/Asterochloris_glomerata.rga.cds.fa.records.tsv
Asterochloris_glomerata	protein	Asterochloris_glomerata.rga.pro.fa	downloads/sequences/protein/Asterochloris_glomerata.rga.pro.fa	311	161585	50	519.5659163987139	374	138.0	1448.5	4317	637	0	0	0	0	0	0	0	model_project/data_audit/results/per_file_records/protein/Asterochloris_glomerata.rga.pro.fa.records.tsv
Atalantia_buxifolia	CDS	Atalantia_buxifolia.rga.cds.fa	downloads/sequences/CDS/Atalantia_buxifolia.rga.cds.fa	1352	2373264	150	1755.3727810650887	1612.5	345.29999999999995	3403.3500000000004	10299	2166	0	0	0	73	115	111	0	model_project/data_audit/results/per_file_records/CDS/Atalantia_buxifolia.rga.cds.fa.records.tsv
Atalantia_buxifolia	protein	Atalantia_buxifolia.rga.pro.fa	downloads/sequences/protein/Atalantia_buxifolia.rga.pro.fa	1352	791035	49	585.0850591715977	537.5	115.1	1134.45	3433	722	0	0	0	0	0	0	1234	model_project/data_audit/results/per_file_records/protein/Atalantia_buxifolia.rga.pro.fa.records.tsv
Atriplex_hortensis	CDS	Atriplex_hortensis.rga.cds.fa	downloads/sequences/CDS/Atriplex_hortensis.rga.cds.fa	1265	2505492	87	1980.6260869565217	1842	409.20000000000005	3837.0	11772	2475	0	0	0	0	30	45	0	model_project/data_audit/results/per_file_records/CDS/Atriplex_hortensis.rga.cds.fa.records.tsv
Atriplex_hortensis	protein	Atriplex_hortensis.rga.pro.fa	downloads/sequences/protein/Atriplex_hortensis.rga.pro.fa	1265	833944	28	659.2442687747035	613	136.2	1278.0	3923	824	0	0	0	0	0	0	0	model_project/data_audit/results/per_file_records/protein/Atriplex_hortensis.rga.pro.fa.records.tsv
Atropa_belladonna	CDS	Atropa_belladonna.rga.cds.fa	downloads/sequences/CDS/Atropa_belladonna.rga.cds.fa	3072	5635326	168	1834.416015625	1758.0	616.6500000000001	3324.0	8658	2118	0	0	0	0	0	0	0	model_project/data_audit/results/per_file_records/CDS/Atropa_belladonna.rga.cds.fa.records.tsv
Atropa_belladonna	protein	Atropa_belladonna.rga.pro.fa	downloads/sequences/protein/Atropa_belladonna.rga.pro.fa	3072	1875370	55	610.4720052083334	585.0	204.55	1107.0	2885	706	0	0	0	0	0	0	0	model_project/data_audit/results/per_file_records/protein/Atropa_belladonna.rga.pro.fa.records.tsv
Auxenochlorella_protothecoides	CDS	Auxenochlorella_protothecoides.rga.cds.fa	downloads/sequences/CDS/Auxenochlorella_protothecoides.rga.cds.fa	171	296709	273	1735.140350877193	1590	639.0	3450.0	5013	1962	0	0	0	0	1	0	0	model_project/data_audit/results/per_file_records/CDS/Auxenochlorella_protothecoides.rga.cds.fa.records.tsv
Auxenochlorella_protothecoides	protein	Auxenochlorella_protothecoides.rga.pro.fa	downloads/sequences/protein/Auxenochlorella_protothecoides.rga.pro.fa	171	98732	90	577.3801169590644	529	212.0	1149.0	1670	657	0	0	0	0	0	0	0	model_project/data_audit/results/per_file_records/protein/Auxenochlorella_protothecoides.rga.pro.fa.records.tsv
Avena_atlantica	CDS	Avena_atlantica.rga.cds.fa	downloads/sequences/CDS/Avena_atlantica.rga.cds.fa	2382	4993167	135	2096.2078085642315	2001.0	627.15	3923.8499999999995	10506	2523	0	0	0	0	102	176	0	model_project/data_audit/results/per_file_records/CDS/Avena_atlantica.rga.cds.fa.records.tsv
Avena_atlantica	protein	Avena_atlantica.rga.pro.fa	downloads/sequences/protein/Avena_atlantica.rga.pro.fa	2382	1662183	44	697.8098236775819	666.0	209.0	1306.9499999999998	3501	841	0	0	0	0	0	0	0	model_project/data_audit/results/per_file_records/protein/Avena_atlantica.rga.pro.fa.records.tsv
Avena_eriantha	CDS	Avena_eriantha.rga.cds.fa	downloads/sequences/CDS/Avena_eriantha.rga.cds.fa	2245	4482402	174	1996.6155902004455	1863	487.2	3910.1999999999975	14886	2445	0	0	0	0	97	126	0	model_project/data_audit/results/per_file_records/CDS/Avena_eriantha.rga.cds.fa.records.tsv
Avena_eriantha	protein	Avena_eriantha.rga.pro.fa	downloads/sequences/protein/Avena_eriantha.rga.pro.fa	2245	1492015	58	664.5946547884187	620	161.40000000000003	1302.3999999999992	4961	814	0	0	0	0	0	0	0	model_project/data_audit/results/per_file_records/protein/Avena_eriantha.rga.pro.fa.records.tsv
Avena_strigosa	CDS	Avena_strigosa.rga.cds.fa	downloads/sequences/CDS/Avena_strigosa.rga.cds.fa	2315	5176413	213	2236.031533477322	2142	857.0999999999999	3980.6999999999975	7896	2589	0	0	0	2	2	3	0	model_project/data_audit/results/per_file_records/CDS/Avena_strigosa.rga.cds.fa.records.tsv
Avena_strigosa	protein	Avena_strigosa.rga.pro.fa	downloads/sequences/protein/Avena_strigosa.rga.pro.fa	2315	1725470	71	745.3434125269979	714	285.7	1326.8999999999992	2632	863	0	0	0	0	0	0	2312	model_project/data_audit/results/per_file_records/protein/Avena_strigosa.rga.pro.fa.records.tsv
Averrhoa_carambola	CDS	Averrhoa_carambola.rga.cds.fa	downloads/sequences/CDS/Averrhoa_carambola.rga.cds.fa	1442	2487573	159	1725.0852981969488	1615.5	420.0	3308.7	7470	2100	0	0	0	0	0	0	0	model_project/data_audit/results/per_file_records/CDS/Averrhoa_carambola.rga.cds.fa.records.tsv
Averrhoa_carambola	protein	Averrhoa_carambola.rga.pro.fa	downloads/sequences/protein/Averrhoa_carambola.rga.pro.fa	1442	827749	52	574.0284327323162	537.5	139.0	1101.9	2489	699	0	0	0	0	0	0	0	model_project/data_audit/results/per_file_records/protein/Averrhoa_carambola.rga.pro.fa.records.tsv
Azolla_filiculoides	CDS	Azolla_filiculoides.rga.cds.fa	downloads/sequences/CDS/Azolla_filiculoides.rga.cds.fa	952	1758627	195	1847.297268907563	1680.0	546.3	3595.3499999999995	8391	2220	0	0	0	0	42	31	0	model_project/data_audit/results/per_file_records/CDS/Azolla_filiculoides.rga.cds.fa.records.tsv
Azolla_filiculoides	protein	Azolla_filiculoides.rga.pro.fa	downloads/sequences/protein/Azolla_filiculoides.rga.pro.fa	952	585288	65	614.7983193277311	559.0	181.10000000000002	1197.4499999999998	2796	739	0	0	0	0	0	0	0	model_project/data_audit/results/per_file_records/protein/Azolla_filiculoides.rga.pro.fa.records.tsv
Balanophora_fungosa	CDS	Balanophora_fungosa.rga.cds.fa	downloads/sequences/CDS/Balanophora_fungosa.rga.cds.fa	481	780897	150	1623.4864864864865	1449	435	3300	5091	1899	0	0	0	0	59	55	0	model_project/data_audit/results/per_file_records/CDS/Balanophora_fungosa.rga.cds.fa.records.tsv
Balanophora_fungosa	protein	Balanophora_fungosa.rga.pro.fa	downloads/sequences/protein/Balanophora_fungosa.rga.pro.fa	481	259873	50	540.2765072765072	482	144	1100	1696	632	0	0	0	0	0	0	0	model_project/data_audit/results/per_file_records/protein/Balanophora_fungosa.rga.pro.fa.records.tsv
Balanophora_subcupularis	CDS	Balanophora_subcupularis.rga.cds.fa	downloads/sequences/CDS/Balanophora_subcupularis.rga.cds.fa	393	666984	201	1697.1603053435115	1584	549.0	3241.7999999999993	5082	1980	0	0	0	0	65	52	0	model_project/data_audit/results/per_file_records/CDS/Balanophora_subcupularis.rga.cds.fa.records.tsv
Balanophora_subcupularis	protein	Balanophora_subcupularis.rga.pro.fa	downloads/sequences/protein/Balanophora_subcupularis.rga.pro.fa	393	221987	66	564.8524173027989	527	182.0	1079.6	1693	659	0	0	0	0	0	0	0	model_project/data_audit/results/per_file_records/protein/Balanophora_subcupularis.rga.pro.fa.records.tsv
Barbarea_vulgaris	CDS	Barbarea_vulgaris.rga.cds.fa	downloads/sequences/CDS/Barbarea_vulgaris.rga.cds.fa	1556	3133290	144	2013.6825192802057	1801.5	483.0	3999.0	16617	2409	0	0	0	0	98	172	0	model_project/data_audit/results/per_file_records/CDS/Barbarea_vulgaris.rga.cds.fa.records.tsv
Barbarea_vulgaris	protein	Barbarea_vulgaris.rga.pro.fa	downloads/sequences/protein/Barbarea_vulgaris.rga.pro.fa	1556	1042966	48	670.2866323907455	600.0	160.0	1332.0	5539	802	0	0	0	0	0	0	0	model_project/data_audit/results/per_file_records/protein/Barbarea_vulgaris.rga.pro.fa.records.tsv
Bathycoccus_prasinos	CDS	Bathycoccus_prasinos.rga.cds.fa	downloads/sequences/CDS/Bathycoccus_prasinos.rga.cds.fa	147	309636	201	2106.3673469387754	1968	803.7	4189.199999999997	5394	2367	0	0	0	0	0	0	0	model_project/data_audit/results/per_file_records/CDS/Bathycoccus_prasinos.rga.cds.fa.records.tsv
Bathycoccus_prasinos	protein	Bathycoccus_prasinos.rga.pro.fa	downloads/sequences/protein/Bathycoccus_prasinos.rga.pro.fa	147	103065	66	701.1224489795918	655	266.90000000000003	1395.3999999999992	1797	788	0	0	0	0	0	0	0	model_project/data_audit/results/per_file_records/protein/Bathycoccus_prasinos.rga.pro.fa.records.tsv
Bauhinia_variegata	CDS	Bauhinia_variegata.rga.cds.fa	downloads/sequences/CDS/Bauhinia_variegata.rga.cds.fa	2592	4670625	204	1801.9386574074074	1602.0	429.0	3591.0	8301	2166	0	0	0	2	3	2	0	model_project/data_audit/results/per_file_records/CDS/Bauhinia_variegata.rga.cds.fa.records.tsv
Bauhinia_variegata	protein	Bauhinia_variegata.rga.pro.fa	downloads/sequences/protein/Bauhinia_variegata.rga.pro.fa	2592	1554285	67	599.6469907407408	533.0	142.0	1196.0	2766	721	0	0	0	0	0	0	0	model_project/data_audit/results/per_file_records/protein/Bauhinia_variegata.rga.pro.fa.records.tsv
Begonia_darthvaderiana	CDS	Begonia_darthvaderiana.rga.cds.fa	downloads/sequences/CDS/Begonia_darthvaderiana.rga.cds.fa	854	1545774	201	1810.03981264637	1666.5	679.95	3109.0499999999997	5727	2046	0	0	0	0	85	23	0	model_project/data_audit/results/per_file_records/CDS/Begonia_darthvaderiana.rga.cds.fa.records.tsv
Begonia_darthvaderiana	protein	Begonia_darthvaderiana.rga.pro.fa	downloads/sequences/protein/Begonia_darthvaderiana.rga.pro.fa	854	514427	66	602.3735362997658	554.5	226.0	1035.35	1908	681	0	0	0	0	0	0	0	model_project/data_audit/results/per_file_records/protein/Begonia_darthvaderiana.rga.pro.fa.records.tsv
Begonia_fuchsioides	CDS	Begonia_fuchsioides.rga.cds.fa	downloads/sequences/CDS/Begonia_fuchsioides.rga.cds.fa	1764	3434283	177	1946.8724489795918	1830.0	631.8	3758.399999999998	10479	2223	0	0	0	0	0	0	0	model_project/data_audit/results/per_file_records/CDS/Begonia_fuchsioides.rga.cds.fa.records.tsv
Begonia_fuchsioides	protein	Begonia_fuchsioides.rga.pro.fa	downloads/sequences/protein/Begonia_fuchsioides.rga.pro.fa	1764	1142981	58	647.9484126984127	609.0	209.60000000000002	1251.7999999999993	3492	740	0	0	0	0	0	0	0	model_project/data_audit/results/per_file_records/protein/Begonia_fuchsioides.rga.pro.fa.records.tsv
Begonia_loranthoides	CDS	Begonia_loranthoides.rga.cds.fa	downloads/sequences/CDS/Begonia_loranthoides.rga.cds.fa	971	2147214	285	2211.342945417096	1968	850.5	4495.5	11280	2526	0	0	0	0	14	12	0	model_project/data_audit/results/per_file_records/CDS/Begonia_loranthoides.rga.cds.fa.records.tsv
Begonia_loranthoides	protein	Begonia_loranthoides.rga.pro.fa	downloads/sequences/protein/Begonia_loranthoides.rga.pro.fa	971	714779	94	736.1266735324408	655	282.5	1497.5	3759	841	0	0	0	0	0	0	0	model_project/data_audit/results/per_file_records/protein/Begonia_loranthoides.rga.pro.fa.records.tsv
Begonia_masoniana	CDS	Begonia_masoniana.rga.cds.fa	downloads/sequences/CDS/Begonia_masoniana.rga.cds.fa	881	1611234	168	1828.8694665153234	1683	726	3369	6915	2025	0	0	0	0	84	23	0	model_project/data_audit/results/per_file_records/CDS/Begonia_masoniana.rga.cds.fa.records.tsv
Begonia_masoniana	protein	Begonia_masoniana.rga.pro.fa	downloads/sequences/protein/Begonia_masoniana.rga.pro.fa	881	536220	55	608.6492622020431	560	241	1122	2304	677	0	0	0	0	0	0	0	model_project/data_audit/results/per_file_records/protein/Begonia_masoniana.rga.pro.fa.records.tsv
Begonia_peltatifolia	CDS	Begonia_peltatifolia.rga.cds.fa	downloads/sequences/CDS/Begonia_peltatifolia.rga.cds.fa	812	1557618	168	1918.2487684729065	1798.5	828.6000000000001	3392.399999999999	6486	2109	0	0	0	0	89	35	0	model_project/data_audit/results/per_file_records/CDS/Begonia_peltatifolia.rga.cds.fa.records.tsv
Begonia_peltatifolia	protein	Begonia_peltatifolia.rga.pro.fa	downloads/sequences/protein/Begonia_peltatifolia.rga.pro.fa	812	518429	55	638.4593596059113	598.5	275.20000000000005	1129.7999999999997	2161	703	0	0	0	0	0	0	0	model_project/data_audit/results/per_file_records/protein/Begonia_peltatifolia.rga.pro.fa.records.tsv
Benincasa_hispida	CDS	Benincasa_hispida.rga.cds.fa	downloads/sequences/CDS/Benincasa_hispida.rga.cds.fa	1044	1971016	168	1887.9463601532566	1839.0	505.35	3396.0	6720	2214	0	0	0	21	24	29	0	model_project/data_audit/results/per_file_records/CDS/Benincasa_hispida.rga.cds.fa.records.tsv
Benincasa_hispida	protein	Benincasa_hispida.rga.pro.fa	downloads/sequences/protein/Benincasa_hispida.rga.pro.fa	1044	655984	55	628.3371647509579	612.0	167.45000000000002	1131.0	2239	737	0	0	0	0	0	0	0	model_project/data_audit/results/per_file_records/protein/Benincasa_hispida.rga.pro.fa.records.tsv
Beta_patula	CDS	Beta_patula.rga.cds.fa	downloads/sequences/CDS/Beta_patula.rga.cds.fa	1078	2001105	102	1856.3126159554731	1839.0	366.0	3354.0	7044	2199	0	0	0	20	23	25	0	model_project/data_audit/results/per_file_records/CDS/Beta_patula.rga.cds.fa.records.tsv
Beta_patula	protein	Beta_patula.rga.pro.fa	downloads/sequences/protein/Beta_patula.rga.pro.fa	1078	665965	33	617.778293135436	612.0	121.0	1117.0	2347	732	0	0	0	0	0	0	0	model_project/data_audit/results/per_file_records/protein/Beta_patula.rga.pro.fa.records.tsv
Betula_platyphylla	CDS	Betula_platyphylla.rga.cds.fa	downloads/sequences/CDS/Betula_platyphylla.rga.cds.fa	2311	4423698	78	1914.192124621376	1896	330.0	3672.0	8073	2385	0	0	0	0	204	197	0	model_project/data_audit/results/per_file_records/CDS/Betula_platyphylla.rga.cds.fa.records.tsv
Betula_platyphylla	protein	Betula_platyphylla.rga.pro.fa	downloads/sequences/protein/Betula_platyphylla.rga.pro.fa	2311	1474566	26	638.0640415404587	632	110.0	1224.0	2691	795	0	0	0	0	0	0	2114	model_project/data_audit/results/per_file_records/protein/Betula_platyphylla.rga.pro.fa.records.tsv
Boea_hygrometrica	CDS	Boea_hygrometrica.rga.cds.fa	downloads/sequences/CDS/Boea_hygrometrica.rga.cds.fa	980	1839009	159	1876.5397959183674	1773.0	416.25	3528.749999999999	7182	2208	0	0	0	0	43	0	0	model_project/data_audit/results/per_file_records/CDS/Boea_hygrometrica.rga.cds.fa.records.tsv
Boea_hygrometrica	protein	Boea_hygrometrica.rga.pro.fa	downloads/sequences/protein/Boea_hygrometrica.rga.pro.fa	980	612019	52	624.5091836734694	590.0	137.75	1175.2499999999998	2393	735	0	0	0	0	0	0	0	model_project/data_audit/results/per_file_records/protein/Boea_hygrometrica.rga.pro.fa.records.tsv
Boechera_retrofracta	CDS	Boechera_retrofracta.rga.cds.fa	downloads/sequences/CDS/Boechera_retrofracta.rga.cds.fa	1729	3796593	159	2195.8316946211685	2016	774.0	4054.7999999999984	10725	2553	0	0	0	0	6	1729	0	model_project/data_audit/results/per_file_records/CDS/Boechera_retrofracta.rga.cds.fa.records.tsv
Boechera_retrofracta	protein	Boechera_retrofracta.rga.pro.fa	downloads/sequences/protein/Boechera_retrofracta.rga.pro.fa	1729	1265531	53	731.9438982070561	672	258.0	1351.5999999999995	3575	851	0	0	0	0	0	0	0	model_project/data_audit/results/per_file_records/protein/Boechera_retrofracta.rga.pro.fa.records.tsv
Boechera_stricta	CDS	Boechera_stricta.rga.cds.fa	downloads/sequences/CDS/Boechera_stricta.rga.cds.fa	1699	3217038	186	1893.489111241907	1845	603.0	3426.0	7146	2202	0	0	0	0	75	58	0	model_project/data_audit/results/per_file_records/CDS/Boechera_stricta.rga.cds.fa.records.tsv
Boechera_stricta	protein	Boechera_stricta.rga.pro.fa	downloads/sequences/protein/Boechera_stricta.rga.pro.fa	1699	1070705	61	630.197174808711	614	200.0	1141.0	2381	733	0	0	0	0	0	0	0	model_project/data_audit/results/per_file_records/protein/Boechera_stricta.rga.pro.fa.records.tsv
Boehmeria_nivea	CDS	Boehmeria_nivea.rga.cds.fa	downloads/sequences/CDS/Boehmeria_nivea.rga.cds.fa	1037	2933475	228	2828.80906460945	2115	820.2	7940.399999999996	42714	3084	0	0	0	0	97	84	0	model_project/data_audit/results/per_file_records/CDS/Boehmeria_nivea.rga.cds.fa.records.tsv
Boehmeria_nivea	protein	Boehmeria_nivea.rga.pro.fa	downloads/sequences/protein/Boehmeria_nivea.rga.pro.fa	1037	976872	75	942.0173577627772	704	272.40000000000003	2645.799999999999	14237	1027	0	0	0	0	0	0	0	model_project/data_audit/results/per_file_records/protein/Boehmeria_nivea.rga.pro.fa.records.tsv
Bombax_ceiba	CDS	Bombax_ceiba.rga.cds.fa	downloads/sequences/CDS/Bombax_ceiba.rga.cds.fa	2615	4304671	150	1646.1456978967494	1548	343.40000000000003	3042.0	10383	2019	0	0	0	7	19	17	0	model_project/data_audit/results/per_file_records/CDS/Bombax_ceiba.rga.cds.fa.records.tsv
Bombax_ceiba	protein	Bombax_ceiba.rga.pro.fa	downloads/sequences/protein/Bombax_ceiba.rga.pro.fa	2615	1432290	49	547.7208413001912	515	113.70000000000002	1013.0	3460	673	0	0	0	0	0	0	0	model_project/data_audit/results/per_file_records/protein/Bombax_ceiba.rga.pro.fa.records.tsv
Bonia_amplexicaulis	CDS	Bonia_amplexicaulis.rga.cds.fa	downloads/sequences/CDS/Bonia_amplexicaulis.rga.cds.fa	2637	4802214	162	1821.089874857793	1695	494.40000000000003	3387.0	7455	2166	0	0	0	0	4	0	0	model_project/data_audit/results/per_file_records/CDS/Bonia_amplexicaulis.rga.cds.fa.records.tsv
Bonia_amplexicaulis	protein	Bonia_amplexicaulis.rga.pro.fa	downloads/sequences/protein/Bonia_amplexicaulis.rga.pro.fa	2637	1598101	53	606.029958285931	564	163.8	1128.0	2484	721	0	0	0	0	0	0	0	model_project/data_audit/results/per_file_records/protein/Bonia_amplexicaulis.rga.pro.fa.records.tsv
Bothriochloa_decipiens	CDS	Bothriochloa_decipiens.rga.cds.fa	downloads/sequences/CDS/Bothriochloa_decipiens.rga.cds.fa	4390	8394051	69	1912.0845102505696	1830.0	537.0	3519.0	6576	2322	0	0	0	0	820	902	0	model_project/data_audit/results/per_file_records/CDS/Bothriochloa_decipiens.rga.cds.fa.records.tsv
Bothriochloa_decipiens	protein	Bothriochloa_decipiens.rga.pro.fa	downloads/sequences/protein/Bothriochloa_decipiens.rga.pro.fa	4390	2794529	22	636.5669703872437	609.0	178.0	1172.0	2192	773	0	0	0	0	0	0	0	model_project/data_audit/results/per_file_records/protein/Bothriochloa_decipiens.rga.pro.fa.records.tsv
Bougainvillea_x_buttiana	CDS	Bougainvillea_x_buttiana.rga.cds.fa	downloads/sequences/CDS/Bougainvillea_x_buttiana.rga.cds.fa	3112	5551035	204	1783.7516066838045	1779.0	373.65000000000003	3406.3499999999995	6870	2157	0	0	0	0	0	0	0	model_project/data_audit/results/per_file_records/CDS/Bougainvillea_x_buttiana.rga.cds.fa.records.tsv
Bougainvillea_x_buttiana	protein	Bougainvillea_x_buttiana.rga.pro.fa	downloads/sequences/protein/Bougainvillea_x_buttiana.rga.pro.fa	3112	1847233	67	593.5838688946016	592.0	123.55000000000001	1134.4499999999998	2289	719	0	0	0	0	0	0	0	model_project/data_audit/results/per_file_records/protein/Bougainvillea_x_buttiana.rga.pro.fa.records.tsv
Brachypodium_distachyon	CDS	Brachypodium_distachyon.rga.cds.fa	downloads/sequences/CDS/Brachypodium_distachyon.rga.cds.fa	1767	3685866	168	2085.9456706281835	2031	876.0	3491.0999999999995	6270	2382	0	0	0	0	30	51	0	model_project/data_audit/results/per_file_records/CDS/Brachypodium_distachyon.rga.cds.fa.records.tsv
Brachypodium_distachyon	protein	Brachypodium_distachyon.rga.pro.fa	downloads/sequences/protein/Brachypodium_distachyon.rga.pro.fa	1767	1226906	55	694.3440860215054	676	291.0	1163.0	2089	793	0	0	0	0	0	0	0	model_project/data_audit/results/per_file_records/protein/Brachypodium_distachyon.rga.pro.fa.records.tsv
Brachypodium_hybridum	CDS	Brachypodium_hybridum.rga.cds.fa	downloads/sequences/CDS/Brachypodium_hybridum.rga.cds.fa	3309	6792144	177	2052.6273798730736	2019	874.2	3426.5999999999995	6285	2352	0	0	0	0	52	53	0	model_project/data_audit/results/per_file_records/CDS/Brachypodium_hybridum.rga.cds.fa.records.tsv
Brachypodium_hybridum	protein	Brachypodium_hybridum.rga.pro.fa	downloads/sequences/protein/Brachypodium_hybridum.rga.pro.fa	3309	2260724	58	683.2045935327893	672	291.0	1141.1999999999998	2094	784	0	0	0	0	0	0	0	model_project/data_audit/results/per_file_records/protein/Brachypodium_hybridum.rga.pro.fa.records.tsv
Brachypodium_stace	CDS	Brachypodium_stace.rga.cds.fa	downloads/sequences/CDS/Brachypodium_stace.rga.cds.fa	1571	3307437	273	2105.3068109484407	2040	984.0	3460.5	5658	2385	25	0	0	0	22	29	0	model_project/data_audit/results/per_file_records/CDS/Brachypodium_stace.rga.cds.fa.records.tsv
Brachypodium_stace	protein	Brachypodium_stace.rga.pro.fa	downloads/sequences/protein/Brachypodium_stace.rga.pro.fa	1571	1100791	90	700.6944621260344	679	327.0	1152.5	1885	794	0	0	0	0	0	0	0	model_project/data_audit/results/per_file_records/protein/Brachypodium_stace.rga.pro.fa.records.tsv
Brachypodium_sylvaticum	CDS	Brachypodium_sylvaticum.rga.cds.fa	downloads/sequences/CDS/Brachypodium_sylvaticum.rga.cds.fa	2099	4421520	216	2106.488804192473	2040	873.0	3666.2999999999997	5538	2418	0	0	0	0	18	12	0	model_project/data_audit/results/per_file_records/CDS/Brachypodium_sylvaticum.rga.cds.fa.records.tsv
Brachypodium_sylvaticum	protein	Brachypodium_sylvaticum.rga.pro.fa	downloads/sequences/protein/Brachypodium_sylvaticum.rga.pro.fa	2099	1473840	72	702.1629347308242	680	291.0	1222.1	1846	806	0	0	0	0	0	0	2087	model_project/data_audit/results/per_file_records/protein/Brachypodium_sylvaticum.rga.pro.fa.records.tsv
Brasenia_schreberi	CDS	Brasenia_schreberi.rga.cds.fa	downloads/sequences/CDS/Brasenia_schreberi.rga.cds.fa	2660	4394863	201	1652.2041353383458	1518.0	402.0	3246.0	5421	2016	0	0	0	3	3	5	0	model_project/data_audit/results/per_file_records/CDS/Brasenia_schreberi.rga.cds.fa.records.tsv
Brasenia_schreberi	protein	Brasenia_schreberi.rga.pro.fa	downloads/sequences/protein/Brasenia_schreberi.rga.pro.fa	2660	1462299	66	549.7364661654135	505.0	133.0	1081.0	1806	672	0	0	0	0	0	0	0	model_project/data_audit/results/per_file_records/protein/Brasenia_schreberi.rga.pro.fa.records.tsv
Brassica_carinata	CDS	Brassica_carinata.rga.cds.fa	downloads/sequences/CDS/Brassica_carinata.rga.cds.fa	4135	7575450	159	1832.031438935913	1716	459.0	3525.899999999999	9957	2160	0	0	0	0	18	14	0	model_project/data_audit/results/per_file_records/CDS/Brassica_carinata.rga.cds.fa.records.tsv
Brassica_carinata	protein	Brassica_carinata.rga.pro.fa	downloads/sequences/protein/Brassica_carinata.rga.pro.fa	4135	2521029	52	609.6805320435309	571	152.0	1174.2999999999997	3318	719	0	0	0	0	0	0	0	model_project/data_audit/results/per_file_records/protein/Brassica_carinata.rga.pro.fa.records.tsv
Brassica_gravinae	CDS	Brassica_gravinae.rga.cds.fa	downloads/sequences/CDS/Brassica_gravinae.rga.cds.fa	2144	3373356	177	1573.3936567164178	1419.0	402.0	3065.5499999999997	9132	1998	0	0	0	0	478	438	0	model_project/data_audit/results/per_file_records/CDS/Brassica_gravinae.rga.cds.fa.records.tsv
Brassica_gravinae	protein	Brassica_gravinae.rga.pro.fa	downloads/sequences/protein/Brassica_gravinae.rga.pro.fa	2144	1122746	59	523.6688432835821	472.0	133.15	1020.8499999999999	3043	665	0	0	0	0	0	0	0	model_project/data_audit/results/per_file_records/protein/Brassica_gravinae.rga.pro.fa.records.tsv
Brassica_juncea	CDS	Brassica_juncea.rga.cds.fa	downloads/sequences/CDS/Brassica_juncea.rga.cds.fa	3815	6649931	168	1743.1011795543905	1584	509.1	3348.899999999999	9216	2046	0	0	0	1	334	2976	0	model_project/data_audit/results/per_file_records/CDS/Brassica_juncea.rga.cds.fa.records.tsv
Brassica_juncea	protein	Brassica_juncea.rga.pro.fa	downloads/sequences/protein/Brassica_juncea.rga.pro.fa	3815	2215804	56	580.8136304062909	527	169.70000000000002	1116.0	3072	682	0	0	0	0	0	0	0	model_project/data_audit/results/per_file_records/protein/Brassica_juncea.rga.pro.fa.records.tsv
Brassica_napus	CDS	Brassica_napus.rga.cds.fa	downloads/sequences/CDS/Brassica_napus.rga.cds.fa	4097	7117937	153	1737.3534293385403	1608	459.0	3270.5999999999995	8220	2055	0	0	0	5	4	11	0	model_project/data_audit/results/per_file_records/CDS/Brassica_napus.rga.cds.fa.records.tsv
Brassica_napus	protein	Brassica_napus.rga.pro.fa	downloads/sequences/protein/Brassica_napus.rga.pro.fa	4097	2368558	50	578.1200878691726	536	152.0	1089.1999999999998	2739	684	0	0	0	0	0	0	0	model_project/data_audit/results/per_file_records/protein/Brassica_napus.rga.pro.fa.records.tsv
Brassica_nigra	CDS	Brassica_nigra.rga.cds.fa	downloads/sequences/CDS/Brassica_nigra.rga.cds.fa	2431	1564224	35	643.4487865076101	589	147.0	1275.0	5167	766	2431	0	0	1632	2431	2431	0	model_project/data_audit/results/per_file_records/CDS/Brassica_nigra.rga.cds.fa.records.tsv
Brassica_nigra	protein	Brassica_nigra.rga.pro.fa	downloads/sequences/protein/Brassica_nigra.rga.pro.fa	2431	1564224	35	643.4487865076101	589	147.0	1275.0	5167	766	0	0	0	0	0	0	0	model_project/data_audit/results/per_file_records/protein/Brassica_nigra.rga.pro.fa.records.tsv
Brassica_oleracea	CDS	Brassica_oleracea.rga.cds.fa	downloads/sequences/CDS/Brassica_oleracea.rga.cds.fa	1564	2472768	162	1581.0537084398977	1425.0	390.0	3182.849999999998	6426	1941	0	0	0	0	22	0	0	model_project/data_audit/results/per_file_records/CDS/Brassica_oleracea.rga.cds.fa.records.tsv
Brassica_oleracea	protein	Brassica_oleracea.rga.pro.fa	downloads/sequences/protein/Brassica_oleracea.rga.pro.fa	1564	824256	54	527.0179028132992	475.0	130.0	1060.9499999999994	2142	647	0	0	0	0	0	0	1564	model_project/data_audit/results/per_file_records/protein/Brassica_oleracea.rga.pro.fa.records.tsv
Brassica_rapa	CDS	Brassica_rapa.rga.cds.fa	downloads/sequences/CDS/Brassica_rapa.rga.cds.fa	2102	3815094	180	1814.9828734538535	1674.0	564.0	3485.2499999999973	6867	2070	0	0	0	0	0	0	0	model_project/data_audit/results/per_file_records/CDS/Brassica_rapa.rga.cds.fa.records.tsv
Brassica_rapa	protein	Brassica_rapa.rga.pro.fa	downloads/sequences/protein/Brassica_rapa.rga.pro.fa	2102	1269588	59	603.9904852521408	557.0	187.0	1160.749999999999	2288	689	0	0	0	0	0	0	0	model_project/data_audit/results/per_file_records/protein/Brassica_rapa.rga.pro.fa.records.tsv
Brassica_repanda	CDS	Brassica_repanda.rga.cds.fa	downloads/sequences/CDS/Brassica_repanda.rga.cds.fa	2598	4270035	180	1643.5854503464204	1486.5	300.0	3396.0	8451	2091	0	0	0	0	363	144	0	model_project/data_audit/results/per_file_records/CDS/Brassica_repanda.rga.cds.fa.records.tsv
Brassica_repanda	protein	Brassica_repanda.rga.pro.fa	downloads/sequences/protein/Brassica_repanda.rga.pro.fa	2598	1420891	59	546.9172440338722	494.5	99.0	1131.0	2816	696	0	0	0	0	0	0	0	model_project/data_audit/results/per_file_records/protein/Brassica_repanda.rga.pro.fa.records.tsv
Brassica_tournefortii	CDS	Brassica_tournefortii.rga.cds.fa	downloads/sequences/CDS/Brassica_tournefortii.rga.cds.fa	1928	3604782	195	1869.7002074688796	1791.0	523.05	3462.8999999999987	10008	2160	0	0	0	0	62	7	0	model_project/data_audit/results/per_file_records/CDS/Brassica_tournefortii.rga.cds.fa.records.tsv
Brassica_tournefortii	protein	Brassica_tournefortii.rga.pro.fa	downloads/sequences/protein/Brassica_tournefortii.rga.pro.fa	1928	1199673	64	622.2370331950208	596.0	173.35000000000002	1153.2999999999997	3335	719	0	0	0	0	0	0	0	model_project/data_audit/results/per_file_records/protein/Brassica_tournefortii.rga.pro.fa.records.tsv
Bretschneidera_sinensis	CDS	Bretschneidera_sinensis.rga.cds.fa	downloads/sequences/CDS/Bretschneidera_sinensis.rga.cds.fa	2194	3665908	180	1670.8787602552416	1560.0	388.95000000000005	3276.0	8772	2085	0	0	0	16	18	20	0	model_project/data_audit/results/per_file_records/CDS/Bretschneidera_sinensis.rga.cds.fa.records.tsv
Bretschneidera_sinensis	protein	Bretschneidera_sinensis.rga.pro.fa	downloads/sequences/protein/Bretschneidera_sinensis.rga.pro.fa	2194	1219794	60	555.9680948040109	519.0	128.65	1091.0	2923	694	0	0	0	0	0	0	0	model_project/data_audit/results/per_file_records/protein/Bretschneidera_sinensis.rga.pro.fa.records.tsv
Bruguiera_sexangula	CDS	Bruguiera_sexangula.rga.cds.fa	downloads/sequences/CDS/Bruguiera_sexangula.rga.cds.fa	1321	2419772	183	1831.772899318698	1731	537	3426	6603	2121	0	0	0	7	17	14	0	model_project/data_audit/results/per_file_records/CDS/Bruguiera_sexangula.rga.cds.fa.records.tsv
Bruguiera_sexangula	protein	Bruguiera_sexangula.rga.pro.fa	downloads/sequences/protein/Bruguiera_sexangula.rga.pro.fa	1321	805280	60	609.5987887963664	576	178	1141	2200	706	0	0	0	0	0	0	0	model_project/data_audit/results/per_file_records/protein/Bruguiera_sexangula.rga.pro.fa.records.tsv
Buddleja_alternifolia	CDS	Buddleja_alternifolia.rga.cds.fa	downloads/sequences/CDS/Buddleja_alternifolia.rga.cds.fa	1734	3458691	240	1994.6314878892733	1896.0	630.9	3587.0999999999995	7638	2394	0	0	0	0	18	0	0	model_project/data_audit/results/per_file_records/CDS/Buddleja_alternifolia.rga.cds.fa.records.tsv
Buddleja_alternifolia	protein	Buddleja_alternifolia.rga.pro.fa	downloads/sequences/protein/Buddleja_alternifolia.rga.pro.fa	1734	1151163	79	663.8771626297578	631.0	209.3	1194.6999999999998	2545	797	0	0	0	0	0	0	0	model_project/data_audit/results/per_file_records/protein/Buddleja_alternifolia.rga.pro.fa.records.tsv
Buxus_austroyunnanensis	CDS	Buxus_austroyunnanensis.rga.cds.fa	downloads/sequences/CDS/Buxus_austroyunnanensis.rga.cds.fa	1262	2423751	162	1920.5633914421553	1831.5	504.0	3548.55	8640	2211	0	0	0	0	0	0	0	model_project/data_audit/results/per_file_records/CDS/Buxus_austroyunnanensis.rga.cds.fa.records.tsv
Buxus_austroyunnanensis	protein	Buxus_austroyunnanensis.rga.pro.fa	downloads/sequences/protein/Buxus_austroyunnanensis.rga.pro.fa	1262	806655	53	639.1877971473851	609.5	167.0	1181.8500000000001	2879	736	0	0	0	0	0	0	0	model_project/data_audit/results/per_file_records/protein/Buxus_austroyunnanensis.rga.pro.fa.records.tsv
Buxus_sinica	CDS	Buxus_sinica.rga.cds.fa	downloads/sequences/CDS/Buxus_sinica.rga.cds.fa	2102	4163937	177	1980.9405328258802	1815.0	435.0	4140.0	15900	2433	0	0	0	0	150	227	0	model_project/data_audit/results/per_file_records/CDS/Buxus_sinica.rga.cds.fa.records.tsv
Buxus_sinica	protein	Buxus_sinica.rga.pro.fa	downloads/sequences/protein/Buxus_sinica.rga.pro.fa	2102	1386104	59	659.4215033301617	604.0	144.05	1379.9499999999998	5300	813	0	0	0	0	0	0	0	model_project/data_audit/results/per_file_records/protein/Buxus_sinica.rga.pro.fa.records.tsv
Calamus_simplicifolius	CDS	Calamus_simplicifolius.rga.cds.fa	downloads/sequences/CDS/Calamus_simplicifolius.rga.cds.fa	2865	4561080	174	1592	1458	474.0	3075.0	6819	1944	0	0	0	0	132	3	0	model_project/data_audit/results/per_file_records/CDS/Calamus_simplicifolius.rga.cds.fa.records.tsv
Calamus_simplicifolius	protein	Calamus_simplicifolius.rga.pro.fa	downloads/sequences/protein/Calamus_simplicifolius.rga.pro.fa	2865	1517486	57	529.6635253054101	485	157.0	1024.0	2272	647	0	0	0	0	0	0	0	model_project/data_audit/results/per_file_records/protein/Calamus_simplicifolius.rga.pro.fa.records.tsv
Callicarpa_americana	CDS	Callicarpa_americana.rga.cds.fa	downloads/sequences/CDS/Callicarpa_americana.rga.cds.fa	2186	4067013	219	1860.4817017383348	1872.0	468.0	3324.0	5847	2319	0	0	0	0	0	0	0	model_project/data_audit/results/per_file_records/CDS/Callicarpa_americana.rga.cds.fa.records.tsv
Callicarpa_americana	protein	Callicarpa_americana.rga.pro.fa	downloads/sequences/protein/Callicarpa_americana.rga.pro.fa	2186	1353485	72	619.1605672461117	623.0	155.0	1107.0	1948	772	0	0	0	0	0	0	0	model_project/data_audit/results/per_file_records/protein/Callicarpa_americana.rga.pro.fa.records.tsv
Calotropis_gigantea	CDS	Calotropis_gigantea.rga.cds.fa	downloads/sequences/CDS/Calotropis_gigantea.rga.cds.fa	963	1925706	285	1999.6947040498442	1893	672.9	3765.0	8958	2289	0	0	0	0	0	0	0	model_project/data_audit/results/per_file_records/CDS/Calotropis_gigantea.rga.cds.fa.records.tsv
Calotropis_gigantea	protein	Calotropis_gigantea.rga.pro.fa	downloads/sequences/protein/Calotropis_gigantea.rga.pro.fa	963	641902	95	666.5649013499481	631	224.3	1255.0	2986	763	0	0	0	0	0	0	963	model_project/data_audit/results/per_file_records/protein/Calotropis_gigantea.rga.pro.fa.records.tsv
Camelina_sativa	CDS	Camelina_sativa.rga.cds.fa	downloads/sequences/CDS/Camelina_sativa.rga.cds.fa	4088	7763727	162	1899.1504403131116	1782.0	570.0	3619.949999999999	12549	2178	0	0	0	0	210	116	0	model_project/data_audit/results/per_file_records/CDS/Camelina_sativa.rga.cds.fa.records.tsv
Camelina_sativa	protein	Camelina_sativa.rga.pro.fa	downloads/sequences/protein/Camelina_sativa.rga.pro.fa	4088	2583937	53	632.0785225048924	593.0	189.0	1205.6499999999996	4182	725	0	0	0	0	0	0	0	model_project/data_audit/results/per_file_records/protein/Camelina_sativa.rga.pro.fa.records.tsv
Camellia_chekiangoleosa	CDS	Camellia_chekiangoleosa.rga.cds.fa	downloads/sequences/CDS/Camellia_chekiangoleosa.rga.cds.fa	4578	8124327	162	1774.645478374836	1650.0	387.0	3543.449999999999	8709	2364	0	0	0	0	2	0	0	model_project/data_audit/results/per_file_records/CDS/Camellia_chekiangoleosa.rga.cds.fa.records.tsv
Camellia_chekiangoleosa	protein	Camellia_chekiangoleosa.rga.pro.fa	downloads/sequences/protein/Camellia_chekiangoleosa.rga.pro.fa	4578	2703531	53	590.548492791612	549.0	128.0	1180.1499999999996	2902	788	0	0	0	0	0	0	1	model_project/data_audit/results/per_file_records/protein/Camellia_chekiangoleosa.rga.pro.fa.records.tsv
Camptotheca_acuminata	CDS	Camptotheca_acuminata.rga.cds.fa	downloads/sequences/CDS/Camptotheca_acuminata.rga.cds.fa	1867	3382692	219	1811.832886984467	1815	501.0	3326.0999999999995	5385	2136	0	0	0	0	0	0	0	model_project/data_audit/results/per_file_records/CDS/Camptotheca_acuminata.rga.cds.fa.records.tsv
Camptotheca_acuminata	protein	Camptotheca_acuminata.rga.pro.fa	downloads/sequences/protein/Camptotheca_acuminata.rga.pro.fa	1867	1125608	72	602.896625602571	604	166.0	1107.6999999999998	1794	711	0	0	0	0	0	0	0	model_project/data_audit/results/per_file_records/protein/Camptotheca_acuminata.rga.pro.fa.records.tsv
Capparis_spinosa	CDS	Capparis_spinosa.rga.cds.fa	downloads/sequences/CDS/Capparis_spinosa.rga.cds.fa	1037	1966440	234	1896.2777242044358	1788	853.8	3401.399999999999	5433	2121	0	0	0	0	0	0	0	model_project/data_audit/results/per_file_records/CDS/Capparis_spinosa.rga.cds.fa.records.tsv
Capparis_spinosa	protein	Capparis_spinosa.rga.pro.fa	downloads/sequences/protein/Capparis_spinosa.rga.pro.fa	1037	654443	77	631.0925747348119	595	283.6	1132.7999999999997	1810	706	0	0	0	0	0	0	0	model_project/data_audit/results/per_file_records/protein/Capparis_spinosa.rga.pro.fa.records.tsv
Capsella_grandiflora	CDS	Capsella_grandiflora.rga.cds.fa	downloads/sequences/CDS/Capsella_grandiflora.rga.cds.fa	1261	2347071	336	1861.2775574940524	1818	816	3279	5118	2067	0	0	0	0	84	84	0	model_project/data_audit/results/per_file_records/CDS/Capsella_grandiflora.rga.cds.fa.records.tsv
Capsella_grandiflora	protein	Capsella_grandiflora.rga.pro.fa	downloads/sequences/protein/Capsella_grandiflora.rga.pro.fa	1261	781180	111	619.49246629659	605	271	1092	1705	688	0	0	0	0	0	0	0	model_project/data_audit/results/per_file_records/protein/Capsella_grandiflora.rga.pro.fa.records.tsv
Capsella_rubella	CDS	Capsella_rubella.rga.cds.fa	downloads/sequences/CDS/Capsella_rubella.rga.cds.fa	1444	2866902	177	1985.3891966759002	1950.0	909.9000000000001	3432.0	8199	2220	0	0	0	0	6	8	0	model_project/data_audit/results/per_file_records/CDS/Capsella_rubella.rga.cds.fa.records.tsv
Capsella_rubella	protein	Capsella_rubella.rga.pro.fa	downloads/sequences/protein/Capsella_rubella.rga.pro.fa	1444	954198	59	660.8019390581718	649.0	302.3	1143.0	2732	739	0	0	0	0	0	0	0	model_project/data_audit/results/per_file_records/protein/Capsella_rubella.rga.pro.fa.records.tsv
Capsicum_annuum	CDS	Capsicum_annuum.rga.cds.fa	downloads/sequences/CDS/Capsicum_annuum.rga.cds.fa	2110	3085341	300	1462.2469194312796	1278.0	375.0	3043.6499999999996	5820	1932	0	0	0	0	22	0	0	model_project/data_audit/results/per_file_records/CDS/Capsicum_annuum.rga.cds.fa.records.tsv
Capsicum_annuum	protein	Capsicum_annuum.rga.pro.fa	downloads/sequences/protein/Capsicum_annuum.rga.pro.fa	2110	1026337	99	486.4156398104265	425.0	124.0	1013.55	1939	643	0	0	0	0	0	0	0	model_project/data_audit/results/per_file_records/protein/Capsicum_annuum.rga.pro.fa.records.tsv
Capsicum_baccatum	CDS	Capsicum_baccatum.rga.cds.fa	downloads/sequences/CDS/Capsicum_baccatum.rga.cds.fa	2865	5013987	204	1750.082722513089	1572	468.6	3624.0	8628	2211	0	0	0	0	17	59	0	model_project/data_audit/results/per_file_records/CDS/Capsicum_baccatum.rga.cds.fa.records.tsv
Capsicum_baccatum	protein	Capsicum_baccatum.rga.pro.fa	downloads/sequences/protein/Capsicum_baccatum.rga.pro.fa	2865	1668355	67	582.3228621291448	523	155.20000000000002	1206.7999999999997	2875	736	0	0	0	0	0	0	0	model_project/data_audit/results/per_file_records/protein/Capsicum_baccatum.rga.pro.fa.records.tsv
Capsicum_chinense	CDS	Capsicum_chinense.rga.cds.fa	downloads/sequences/CDS/Capsicum_chinense.rga.cds.fa	2679	4546404	123	1697.0526315789473	1488	435.0	3573.5999999999995	6351	2181	0	0	0	0	30	76	0	model_project/data_audit/results/per_file_records/CDS/Capsicum_chinense.rga.cds.fa.records.tsv
Capsicum_chinense	protein	Capsicum_chinense.rga.pro.fa	downloads/sequences/protein/Capsicum_chinense.rga.pro.fa	2679	1512632	40	564.6256065696156	495	144.0	1190.1999999999998	2116	726	0	0	0	0	0	0	0	model_project/data_audit/results/per_file_records/protein/Capsicum_chinense.rga.pro.fa.records.tsv
Capsicum_pubescens	CDS	Capsicum_pubescens.rga.cds.fa	downloads/sequences/CDS/Capsicum_pubescens.rga.cds.fa	2669	5940066	179	2225.5773698014236	2037	685.2	4272.0	9321	2688	0	0	0	5	3	5	0	model_project/data_audit/results/per_file_records/CDS/Capsicum_pubescens.rga.cds.fa.records.tsv
Capsicum_pubescens	protein	Capsicum_pubescens.rga.pro.fa	downloads/sequences/protein/Capsicum_pubescens.rga.pro.fa	2669	1977356	59	740.8602472836268	678	227.4	1423.0	3106	895	0	0	0	0	0	0	0	model_project/data_audit/results/per_file_records/protein/Capsicum_pubescens.rga.pro.fa.records.tsv
Cardamine_enshiensis	CDS	Cardamine_enshiensis.rga.cds.fa	downloads/sequences/CDS/Cardamine_enshiensis.rga.cds.fa	2425	4003458	150	1650.9105154639176	1512	468.0	3104.399999999999	8385	1974	0	0	0	0	0	0	0	model_project/data_audit/results/per_file_records/CDS/Cardamine_enshiensis.rga.cds.fa.records.tsv
Cardamine_enshiensis	protein	Cardamine_enshiensis.rga.pro.fa	downloads/sequences/protein/Cardamine_enshiensis.rga.pro.fa	2425	1332061	49	549.3035051546392	503	155.0	1033.7999999999997	2794	657	0	0	0	0	0	0	0	model_project/data_audit/results/per_file_records/protein/Cardamine_enshiensis.rga.pro.fa.records.tsv
Cardamine_hirsuta	CDS	Cardamine_hirsuta.rga.cds.fa	downloads/sequences/CDS/Cardamine_hirsuta.rga.cds.fa	1883	3155082	153	1675.5613382899628	1563	342.9000000000001	3197.399999999999	9228	2085	0	0	0	0	348	290	0	model_project/data_audit/results/per_file_records/CDS/Cardamine_hirsuta.rga.cds.fa.records.tsv
Cardamine_hirsuta	protein	Cardamine_hirsuta.rga.pro.fa	downloads/sequences/protein/Cardamine_hirsuta.rga.pro.fa	1883	1051694	51	558.5204460966543	521	114.30000000000003	1065.7999999999997	3076	695	0	0	0	0	0	0	1593	model_project/data_audit/results/per_file_records/protein/Cardamine_hirsuta.rga.pro.fa.records.tsv
Carex_cristatella	CDS	Carex_cristatella.rga.cds.fa	downloads/sequences/CDS/Carex_cristatella.rga.cds.fa	1371	2171776	174	1584.0816921954777	1449	369.0	3165.0	5187	1983	0	0	0	4	71	5	0	model_project/data_audit/results/per_file_records/CDS/Carex_cristatella.rga.cds.fa.records.tsv
Carex_cristatella	protein	Carex_cristatella.rga.pro.fa	downloads/sequences/protein/Carex_cristatella.rga.pro.fa	1371	722550	57	527.0240700218818	482	122.0	1054.0	1728	660	0	0	0	0	0	0	0	model_project/data_audit/results/per_file_records/protein/Carex_cristatella.rga.pro.fa.records.tsv
Carex_scoparia	CDS	Carex_scoparia.rga.cds.fa	downloads/sequences/CDS/Carex_scoparia.rga.cds.fa	1324	2096369	165	1583.3602719033233	1467.0	426.45000000000005	3063.0	5262	1923	0	0	0	4	37	5	0	model_project/data_audit/results/per_file_records/CDS/Carex_scoparia.rga.cds.fa.records.tsv
Carex_scoparia	protein	Carex_scoparia.rga.pro.fa	downloads/sequences/protein/Carex_scoparia.rga.pro.fa	1324	697466	55	526.7870090634441	488.0	141.15	1020.0	1753	640	0	0	0	0	0	0	0	model_project/data_audit/results/per_file_records/protein/Carex_scoparia.rga.pro.fa.records.tsv
Carica_papaya	CDS	Carica_papaya.rga.cds.fa	downloads/sequences/CDS/Carica_papaya.rga.cds.fa	904	1772637	213	1960.8816371681417	1849.5	699.0	3628.9499999999975	8049	2208	0	0	0	0	0	0	0	model_project/data_audit/results/per_file_records/CDS/Carica_papaya.rga.cds.fa.records.tsv
Carica_papaya	protein	Carica_papaya.rga.pro.fa	downloads/sequences/protein/Carica_papaya.rga.pro.fa	904	589975	70	652.6272123893805	615.5	232.0	1208.6499999999992	2682	735	0	0	0	0	0	0	0	model_project/data_audit/results/per_file_records/protein/Carica_papaya.rga.pro.fa.records.tsv
Carnegiea_gigantea	CDS	Carnegiea_gigantea.rga.cds.fa	downloads/sequences/CDS/Carnegiea_gigantea.rga.cds.fa	1274	2253318	201	1768.695447409733	1626.0	441.0	3372.4499999999975	9324	2148	0	0	0	0	71	27	0	model_project/data_audit/results/per_file_records/CDS/Carnegiea_gigantea.rga.cds.fa.records.tsv
Carnegiea_gigantea	protein	Carnegiea_gigantea.rga.pro.fa	downloads/sequences/protein/Carnegiea_gigantea.rga.pro.fa	1274	749699	66	588.4607535321821	541.0	146.0	1123.1499999999992	3107	714	0	0	0	0	0	0	0	model_project/data_audit/results/per_file_records/protein/Carnegiea_gigantea.rga.pro.fa.records.tsv
Carpinus_fangiana	CDS	Carpinus_fangiana.rga.cds.fa	downloads/sequences/CDS/Carpinus_fangiana.rga.cds.fa	1261	2354358	153	1867.056304520222	1752	477	3660	8871	2142	0	0	0	0	0	0	0	model_project/data_audit/results/per_file_records/CDS/Carpinus_fangiana.rga.cds.fa.records.tsv
Carpinus_fangiana	protein	Carpinus_fangiana.rga.pro.fa	downloads/sequences/protein/Carpinus_fangiana.rga.pro.fa	1261	783493	50	621.3267248215702	583	158	1219	2956	713	0	0	0	0	0	0	0	model_project/data_audit/results/per_file_records/protein/Carpinus_fangiana.rga.pro.fa.records.tsv
Carpinus_viminea	CDS	Carpinus_viminea.rga.cds.fa	downloads/sequences/CDS/Carpinus_viminea.rga.cds.fa	1951	3474588	204	1780.9267042542285	1704	543.0	3307.5	6108	2106	0	0	0	0	0	0	0	model_project/data_audit/results/per_file_records/CDS/Carpinus_viminea.rga.cds.fa.records.tsv
Carpinus_viminea	protein	Carpinus_viminea.rga.pro.fa	downloads/sequences/protein/Carpinus_viminea.rga.pro.fa	1951	1156245	67	592.6422347514095	567	180.0	1101.5	2035	701	0	0	0	0	0	0	0	model_project/data_audit/results/per_file_records/protein/Carpinus_viminea.rga.pro.fa.records.tsv
Carrichtera_annua	CDS	Carrichtera_annua.rga.cds.fa	downloads/sequences/CDS/Carrichtera_annua.rga.cds.fa	2008	3246165	183	1616.6160358565737	1492.5	309.0	3247.9499999999994	8016	2010	0	0	0	0	235	60	0	model_project/data_audit/results/per_file_records/CDS/Carrichtera_annua.rga.cds.fa.records.tsv
Carrichtera_annua	protein	Carrichtera_annua.rga.pro.fa	downloads/sequences/protein/Carrichtera_annua.rga.pro.fa	2008	1080107	60	537.9018924302788	497.0	102.0	1081.6499999999999	2671	669	0	0	0	0	0	0	0	model_project/data_audit/results/per_file_records/protein/Carrichtera_annua.rga.pro.fa.records.tsv
Carya_cathayensis	CDS	Carya_cathayensis.rga.cds.fa	downloads/sequences/CDS/Carya_cathayensis.rga.cds.fa	1994	3403838	159	1707.0401203610832	1567.5	390.0	3406.0499999999997	8028	2073	0	0	0	56	49	44	0	model_project/data_audit/results/per_file_records/CDS/Carya_cathayensis.rga.cds.fa.records.tsv
Carya_cathayensis	protein	Carya_cathayensis.rga.pro.fa	downloads/sequences/protein/Carya_cathayensis.rga.pro.fa	1994	1134585	53	568.9994984954865	522.5	130.0	1135.35	2676	691	0	0	0	0	0	0	1945	model_project/data_audit/results/per_file_records/protein/Carya_cathayensis.rga.pro.fa.records.tsv
Carya_illinoinensis	CDS	Carya_illinoinensis.rga.cds.fa	downloads/sequences/CDS/Carya_illinoinensis.rga.cds.fa	2315	4692201	135	2026.8686825053996	1992	644.1	3456.0	6927	2340	0	0	0	0	35	23	0	model_project/data_audit/results/per_file_records/CDS/Carya_illinoinensis.rga.cds.fa.records.tsv
Carya_illinoinensis	protein	Carya_illinoinensis.rga.pro.fa	downloads/sequences/protein/Carya_illinoinensis.rga.pro.fa	2315	1561775	44	674.6328293736501	663	213.7	1151.0	2308	779	0	0	0	0	0	0	0	model_project/data_audit/results/per_file_records/protein/Carya_illinoinensis.rga.pro.fa.records.tsv
Castanea_mollissima	CDS	Castanea_mollissima.rga.cds.fa	downloads/sequences/CDS/Castanea_mollissima.rga.cds.fa	2322	4121709	75	1775.0684754521965	1725.0	452.05	3296.699999999999	7095	2196	0	0	0	32	114	49	0	model_project/data_audit/results/per_file_records/CDS/Castanea_mollissima.rga.cds.fa.records.tsv
Castanea_mollissima	protein	Castanea_mollissima.rga.pro.fa	downloads/sequences/protein/Castanea_mollissima.rga.pro.fa	2322	1371620	25	590.7062876830319	574.0	150.0	1097.8999999999996	2364	731	0	0	0	0	0	0	0	model_project/data_audit/results/per_file_records/protein/Castanea_mollissima.rga.pro.fa.records.tsv
Castanopsis_hystrix	CDS	Castanopsis_hystrix.rga.cds.fa	downloads/sequences/CDS/Castanopsis_hystrix.rga.cds.fa	1904	3687165	156	1936.5362394957983	1819.5	435.0	3877.7999999999956	8886	2451	0	0	0	0	0	0	0	model_project/data_audit/results/per_file_records/CDS/Castanopsis_hystrix.rga.cds.fa.records.tsv
Castanopsis_hystrix	protein	Castanopsis_hystrix.rga.pro.fa	downloads/sequences/protein/Castanopsis_hystrix.rga.pro.fa	1904	1227151	51	644.5120798319327	605.5	144.0	1291.5999999999985	2961	816	0	0	0	0	0	0	0	model_project/data_audit/results/per_file_records/protein/Castanopsis_hystrix.rga.pro.fa.records.tsv
Castanopsis_tibetana	CDS	Castanopsis_tibetana.rga.cds.fa	downloads/sequences/CDS/Castanopsis_tibetana.rga.cds.fa	2387	3921519	204	1642.865102639296	1479	363.0	3266.0999999999995	6642	2061	0	0	0	0	48	26	0	model_project/data_audit/results/per_file_records/CDS/Castanopsis_tibetana.rga.cds.fa.records.tsv
Castanopsis_tibetana	protein	Castanopsis_tibetana.rga.pro.fa	downloads/sequences/protein/Castanopsis_tibetana.rga.pro.fa	2387	1304812	67	546.6325932132384	492	120.0	1087.6999999999998	2213	686	0	0	0	0	0	0	0	model_project/data_audit/results/per_file_records/protein/Castanopsis_tibetana.rga.pro.fa.records.tsv
Catharanthus_roseus	CDS	Catharanthus_roseus.rga.cds.fa	downloads/sequences/CDS/Catharanthus_roseus.rga.cds.fa	1128	2252592	312	1996.9787234042553	1837.5	534.0	3982.95	8736	2436	15	0	0	0	69	72	0	model_project/data_audit/results/per_file_records/CDS/Catharanthus_roseus.rga.cds.fa.records.tsv
Catharanthus_roseus	protein	Catharanthus_roseus.rga.pro.fa	downloads/sequences/protein/Catharanthus_roseus.rga.pro.fa	1128	749714	103	664.6400709219859	609.5	177.0	1327.2999999999997	2911	811	0	0	0	0	0	0	0	model_project/data_audit/results/per_file_records/protein/Catharanthus_roseus.rga.pro.fa.records.tsv
Cenchrus_americanus	CDS	Cenchrus_americanus.rga.cds.fa	downloads/sequences/CDS/Cenchrus_americanus.rga.cds.fa	1630	3121266	168	1914.8871165644173	1812.0	570.0	3511.199999999999	11399	2361	0	0	0	117	80	72	0	model_project/data_audit/results/per_file_records/CDS/Cenchrus_americanus.rga.cds.fa.records.tsv
Cenchrus_americanus	protein	Cenchrus_americanus.rga.pro.fa	downloads/sequences/protein/Cenchrus_americanus.rga.pro.fa	1630	1040363	56	638.259509202454	604.0	190.0	1170.3999999999996	3799	787	0	0	0	0	0	0	1555	model_project/data_audit/results/per_file_records/protein/Cenchrus_americanus.rga.pro.fa.records.tsv
Cenchrus_macrourus	CDS	Cenchrus_macrourus.rga.cds.fa	downloads/sequences/CDS/Cenchrus_macrourus.rga.cds.fa	4413	8932374	219	2024.1046906866077	1950	813.0	3559.199999999999	8991	2277	0	0	0	0	0	0	0	model_project/data_audit/results/per_file_records/CDS/Cenchrus_macrourus.rga.cds.fa.records.tsv
Cenchrus_macrourus	protein	Cenchrus_macrourus.rga.pro.fa	downloads/sequences/protein/Cenchrus_macrourus.rga.pro.fa	4413	2973045	72	673.7015635622026	649	270.0	1185.3999999999996	2996	759	0	0	0	0	0	0	0	model_project/data_audit/results/per_file_records/protein/Cenchrus_macrourus.rga.pro.fa.records.tsv
Cenchrus_purpureus	CDS	Cenchrus_purpureus.rga.cds.fa	downloads/sequences/CDS/Cenchrus_purpureus.rga.cds.fa	4521	8854008	240	1958.4180491041805	1839	549	3672	8106	2454	0	0	0	0	0	0	0	model_project/data_audit/results/per_file_records/CDS/Cenchrus_purpureus.rga.cds.fa.records.tsv
Cenchrus_purpureus	protein	Cenchrus_purpureus.rga.pro.fa	downloads/sequences/protein/Cenchrus_purpureus.rga.pro.fa	4521	2946815	79	651.8060163680601	612	182	1223	2701	818	0	0	0	0	0	0	0	model_project/data_audit/results/per_file_records/protein/Cenchrus_purpureus.rga.pro.fa.records.tsv
Cerasus_serrulata	CDS	Cerasus_serrulata.rga.cds.fa	downloads/sequences/CDS/Cerasus_serrulata.rga.cds.fa	2125	4811724	204	2264.3407058823527	2190	681.0	4001.3999999999996	9192	2634	0	0	0	0	0	0	0	model_project/data_audit/results/per_file_records/CDS/Cerasus_serrulata.rga.cds.fa.records.tsv
Cerasus_serrulata	protein	Cerasus_serrulata.rga.pro.fa	downloads/sequences/protein/Cerasus_serrulata.rga.pro.fa	2125	1603908	68	754.7802352941177	730	227.0	1333.7999999999997	3064	878	0	0	0	0	0	0	2125	model_project/data_audit/results/per_file_records/protein/Cerasus_serrulata.rga.pro.fa.records.tsv
Cercis_canadensis	CDS	Cercis_canadensis.rga.cds.fa	downloads/sequences/CDS/Cercis_canadensis.rga.cds.fa	2116	4975248	165	2351.251417769376	1965.0	393.0	5745.75	20454	2979	0	0	0	0	0	0	0	model_project/data_audit/results/per_file_records/CDS/Cercis_canadensis.rga.cds.fa.records.tsv
Cercis_canadensis	protein	Cercis_canadensis.rga.pro.fa	downloads/sequences/protein/Cercis_canadensis.rga.pro.fa	2116	1656300	54	782.750472589792	654.0	130.0	1914.25	6817	993	0	0	0	0	0	0	0	model_project/data_audit/results/per_file_records/protein/Cercis_canadensis.rga.pro.fa.records.tsv
Ceriops_tagal	CDS	Ceriops_tagal.rga.cds.fa	downloads/sequences/CDS/Ceriops_tagal.rga.cds.fa	1271	2619106	151	2060.665617623918	1923	643.5	3808.5	8451	2439	0	0	0	1	6	7	0	model_project/data_audit/results/per_file_records/CDS/Ceriops_tagal.rga.cds.fa.records.tsv
Ceriops_tagal	protein	Ceriops_tagal.rga.pro.fa	downloads/sequences/protein/Ceriops_tagal.rga.pro.fa	1271	873035	50	686.8882769472856	641	214.5	1269.5	2817	813	0	0	0	0	0	0	1264	model_project/data_audit/results/per_file_records/protein/Ceriops_tagal.rga.pro.fa.records.tsv
Chamaecrista_fasciculata	CDS	Chamaecrista_fasciculata.rga.cds.fa	downloads/sequences/CDS/Chamaecrista_fasciculata.rga.cds.fa	1591	3496917	177	2197.936517913262	1935	505.5	4764.0	14751	2640	0	0	0	0	0	0	0	model_project/data_audit/results/per_file_records/CDS/Chamaecrista_fasciculata.rga.cds.fa.records.tsv
Chamaecrista_fasciculata	protein	Chamaecrista_fasciculata.rga.pro.fa	downloads/sequences/protein/Chamaecrista_fasciculata.rga.pro.fa	1591	1164048	58	731.6455059710873	644	167.5	1587.0	4916	879	0	0	0	0	0	0	0	model_project/data_audit/results/per_file_records/protein/Chamaecrista_fasciculata.rga.pro.fa.records.tsv
Chara_braunii	CDS	Chara_braunii.rga.cds.fa	downloads/sequences/CDS/Chara_braunii.rga.cds.fa	693	1963639	204	2833.5339105339103	2631	754.8	6097.2	19995	3210	118	0	0	1	14	2	0	model_project/data_audit/results/per_file_records/CDS/Chara_braunii.rga.cds.fa.records.tsv
Chara_braunii	protein	Chara_braunii.rga.pro.fa	downloads/sequences/protein/Chara_braunii.rga.pro.fa	693	653855	67	943.5137085137085	876	250.60000000000002	2031.4	6664	1071	0	0	0	0	0	0	0	model_project/data_audit/results/per_file_records/protein/Chara_braunii.rga.pro.fa.records.tsv
Chenopodium_pallidicaule	CDS	Chenopodium_pallidicaule.rga.cds.fa	downloads/sequences/CDS/Chenopodium_pallidicaule.rga.cds.fa	948	1866885	108	1969.2879746835442	1854.0	529.05	3787.499999999999	7797	2343	0	0	0	0	13	25	0	model_project/data_audit/results/per_file_records/CDS/Chenopodium_pallidicaule.rga.cds.fa.records.tsv
Chenopodium_pallidicaule	protein	Chenopodium_pallidicaule.rga.pro.fa	downloads/sequences/protein/Chenopodium_pallidicaule.rga.pro.fa	948	621372	35	655.4556962025316	617.0	175.35	1261.4999999999998	2598	780	0	0	0	0	0	0	0	model_project/data_audit/results/per_file_records/protein/Chenopodium_pallidicaule.rga.pro.fa.records.tsv
Chenopodium_quinoa	CDS	Chenopodium_quinoa.rga.cds.fa	downloads/sequences/CDS/Chenopodium_quinoa.rga.cds.fa	2391	4661865	207	1949.7553324968633	1839	643.5	3631.5	9414	2277	0	0	0	0	114	43	0	model_project/data_audit/results/per_file_records/CDS/Chenopodium_quinoa.rga.cds.fa.records.tsv
Chenopodium_quinoa	protein	Chenopodium_quinoa.rga.pro.fa	downloads/sequences/protein/Chenopodium_quinoa.rga.pro.fa	2391	1551607	68	648.9364282726892	612	214.0	1209.5	3137	758	0	0	0	0	0	0	0	model_project/data_audit/results/per_file_records/protein/Chenopodium_quinoa.rga.pro.fa.records.tsv
Chenopodium_watsonii	CDS	Chenopodium_watsonii.rga.cds.fa	downloads/sequences/CDS/Chenopodium_watsonii.rga.cds.fa	666	1366425	159	2051.689189189189	1927.5	768.75	3906.0	7359	2328	0	0	0	0	12	9	0	model_project/data_audit/results/per_file_records/CDS/Chenopodium_watsonii.rga.cds.fa.records.tsv
Chenopodium_watsonii	protein	Chenopodium_watsonii.rga.pro.fa	downloads/sequences/protein/Chenopodium_watsonii.rga.pro.fa	666	454818	53	682.9099099099099	641.5	255.25	1301.0	2452	776	0	0	0	0	0	0	0	model_project/data_audit/results/per_file_records/protein/Chenopodium_watsonii.rga.pro.fa.records.tsv
Chimonanthus_salicifolius	CDS	Chimonanthus_salicifolius.rga.cds.fa	downloads/sequences/CDS/Chimonanthus_salicifolius.rga.cds.fa	1666	2864753	186	1719.5396158463386	1563.0	402.75	3294.0	9186	2094	0	0	0	3	4	2	0	model_project/data_audit/results/per_file_records/CDS/Chimonanthus_salicifolius.rga.cds.fa.records.tsv
Chimonanthus_salicifolius	protein	Chimonanthus_salicifolius.rga.pro.fa	downloads/sequences/protein/Chimonanthus_salicifolius.rga.pro.fa	1666	954916	62	573.1788715486194	521.0	134.25	1098.0	3062	698	0	0	0	0	0	0	1664	model_project/data_audit/results/per_file_records/protein/Chimonanthus_salicifolius.rga.pro.fa.records.tsv
Chiococca_alba	CDS	Chiococca_alba.rga.cds.fa	downloads/sequences/CDS/Chiococca_alba.rga.cds.fa	2315	4209541	160	1818.376241900648	1731	464.1	3583.499999999996	4761	2154	0	0	0	40	29	39	0	model_project/data_audit/results/per_file_records/CDS/Chiococca_alba.rga.cds.fa.records.tsv
Chiococca_alba	protein	Chiococca_alba.rga.pro.fa	downloads/sequences/protein/Chiococca_alba.rga.pro.fa	2315	1403160	53	606.1166306695465	577	154.7	1194.4999999999986	1587	718	0	0	0	0	0	0	2273	model_project/data_audit/results/per_file_records/protein/Chiococca_alba.rga.pro.fa.records.tsv
Chlamydomonas_eustigma	CDS	Chlamydomonas_eustigma.rga.cds.fa	downloads/sequences/CDS/Chlamydomonas_eustigma.rga.cds.fa	479	1161045	321	2423.893528183716	2142	766.8000000000001	5376.599999999999	8925	2859	0	0	0	2	3	4	0	model_project/data_audit/results/per_file_records/CDS/Chlamydomonas_eustigma.rga.cds.fa.records.tsv
Chlamydomonas_eustigma	protein	Chlamydomonas_eustigma.rga.pro.fa	downloads/sequences/protein/Chlamydomonas_eustigma.rga.pro.fa	479	386539	106	806.9707724425888	713	254.6	1791.1999999999998	2974	952	0	0	0	0	0	0	0	model_project/data_audit/results/per_file_records/protein/Chlamydomonas_eustigma.rga.pro.fa.records.tsv
Chlamydomonas_incerta	CDS	Chlamydomonas_incerta.rga.cds.fa	downloads/sequences/CDS/Chlamydomonas_incerta.rga.cds.fa	821	3157418	207	3845.8197320341046	3198	1020	8676	22974	4950	0	0	0	1	2	1	0	model_project/data_audit/results/per_file_records/CDS/Chlamydomonas_incerta.rga.cds.fa.records.tsv
Chlamydomonas_incerta	protein	Chlamydomonas_incerta.rga.pro.fa	downloads/sequences/protein/Chlamydomonas_incerta.rga.pro.fa	821	1051652	68	1280.9403166869672	1065	339	2891	7657	1649	0	0	0	0	0	0	0	model_project/data_audit/results/per_file_records/protein/Chlamydomonas_incerta.rga.pro.fa.records.tsv
Chlamydomonas_reinhardtii	CDS	Chlamydomonas_reinhardtii.rga.cds.fa	downloads/sequences/CDS/Chlamydomonas_reinhardtii.rga.cds.fa	643	2457000	177	3821.1508553654744	3144	982.8000000000001	8093.7	28167	4836	0	0	0	0	1	0	0	model_project/data_audit/results/per_file_records/CDS/Chlamydomonas_reinhardtii.rga.cds.fa.records.tsv
Chlamydomonas_reinhardtii	protein	Chlamydomonas_reinhardtii.rga.pro.fa	downloads/sequences/protein/Chlamydomonas_reinhardtii.rga.pro.fa	643	818357	58	1272.7169517884915	1047	326.6	2696.9	9388	1617	0	0	0	0	0	0	0	model_project/data_audit/results/per_file_records/protein/Chlamydomonas_reinhardtii.rga.pro.fa.records.tsv
Chlamydomonas_schloesseri	CDS	Chlamydomonas_schloesseri.rga.cds.fa	downloads/sequences/CDS/Chlamydomonas_schloesseri.rga.cds.fa	723	2898513	315	4009.008298755187	3252	1020.3	9144.299999999996	21003	5121	0	0	0	0	3	3	0	model_project/data_audit/results/per_file_records/CDS/Chlamydomonas_schloesseri.rga.cds.fa.records.tsv
Chlamydomonas_schloesseri	protein	Chlamydomonas_schloesseri.rga.pro.fa	downloads/sequences/protein/Chlamydomonas_schloesseri.rga.pro.fa	723	965451	104	1335.3402489626556	1083	339.1	3047.099999999999	7000	1706	0	0	0	0	0	0	0	model_project/data_audit/results/per_file_records/protein/Chlamydomonas_schloesseri.rga.pro.fa.records.tsv
Chloranthus_spicatus	CDS	Chloranthus_spicatus.rga.cds.fa	downloads/sequences/CDS/Chloranthus_spicatus.rga.cds.fa	1069	2257125	279	2111.43592142189	2034	912.0	3433.199999999999	5127	2496	0	0	0	0	1	0	0	model_project/data_audit/results/per_file_records/CDS/Chloranthus_spicatus.rga.cds.fa.records.tsv
Chloranthus_spicatus	protein	Chloranthus_spicatus.rga.pro.fa	downloads/sequences/protein/Chloranthus_spicatus.rga.pro.fa	1069	751306	92	702.8119738072966	677	303.0	1143.3999999999996	1708	831	0	0	0	0	0	0	0	model_project/data_audit/results/per_file_records/protein/Chloranthus_spicatus.rga.pro.fa.records.tsv
Chlorella_variabilis	CDS	Chlorella_variabilis.rga.cds.fa	downloads/sequences/CDS/Chlorella_variabilis.rga.cds.fa	320	521702	207	1630.31875	1333.5	410.85	3655.350000000001	8289	2049	0	0	0	1	51	60	0	model_project/data_audit/results/per_file_records/CDS/Chlorella_variabilis.rga.cds.fa.records.tsv
Chlorella_variabilis	protein	Chlorella_variabilis.rga.pro.fa	downloads/sequences/protein/Chlorella_variabilis.rga.pro.fa	320	173640	69	542.625	444.0	135.95000000000002	1217.4500000000003	2763	682	0	0	0	0	0	0	0	model_project/data_audit/results/per_file_records/protein/Chlorella_variabilis.rga.pro.fa.records.tsv
Chlorokybus_atmophyticus	CDS	Chlorokybus_atmophyticus.rga.cds.fa	downloads/sequences/CDS/Chlorokybus_atmophyticus.rga.cds.fa	223	432300	201	1938.5650224215246	1719	479.1	3891.599999999998	14181	2265	0	0	0	0	0	0	0	model_project/data_audit/results/per_file_records/CDS/Chlorokybus_atmophyticus.rga.cds.fa.records.tsv
Chlorokybus_atmophyticus	protein	Chlorokybus_atmophyticus.rga.pro.fa	downloads/sequences/protein/Chlorokybus_atmophyticus.rga.pro.fa	223	143877	66	645.1883408071749	572	158.7	1296.1999999999994	4726	754	0	0	0	0	0	0	0	model_project/data_audit/results/per_file_records/protein/Chlorokybus_atmophyticus.rga.pro.fa.records.tsv
Chloropicon_primus	CDS	Chloropicon_primus.rga.cds.fa	downloads/sequences/CDS/Chloropicon_primus.rga.cds.fa	205	407610	228	1988.341463414634	1725	876.0	4144.199999999998	8055	2136	0	0	0	0	0	0	0	model_project/data_audit/results/per_file_records/CDS/Chloropicon_primus.rga.cds.fa.records.tsv
Chloropicon_primus	protein	Chloropicon_primus.rga.pro.fa	downloads/sequences/protein/Chloropicon_primus.rga.pro.fa	205	135665	75	661.780487804878	574	291.0	1380.3999999999994	2684	711	0	0	0	0	0	0	0	model_project/data_audit/results/per_file_records/protein/Chloropicon_primus.rga.pro.fa.records.tsv
Chondrus_crispus	CDS	Chondrus_crispus.rga.cds.fa	downloads/sequences/CDS/Chondrus_crispus.rga.cds.fa	259	554145	111	2139.5559845559847	1719	624.9	4252.5	5946	2793	0	0	0	0	7	3	0	model_project/data_audit/results/per_file_records/CDS/Chondrus_crispus.rga.cds.fa.records.tsv
Chondrus_crispus	protein	Chondrus_crispus.rga.pro.fa	downloads/sequences/protein/Chondrus_crispus.rga.pro.fa	259	184459	36	712.1969111969112	572	207.3	1416.5	1981	930	0	0	0	0	0	0	0	model_project/data_audit/results/per_file_records/protein/Chondrus_crispus.rga.pro.fa.records.tsv
Chromochloris_zofingiensis	CDS	Chromochloris_zofingiensis.rga.cds.fa	downloads/sequences/CDS/Chromochloris_zofingiensis.rga.cds.fa	420	904044	225	2152.4857142857145	1773.0	531.0	4944.749999999999	12843	2691	0	0	0	0	1	1	0	model_project/data_audit/results/per_file_records/CDS/Chromochloris_zofingiensis.rga.cds.fa.records.tsv
Chromochloris_zofingiensis	protein	Chromochloris_zofingiensis.rga.pro.fa	downloads/sequences/protein/Chromochloris_zofingiensis.rga.pro.fa	420	300929	74	716.4976190476191	590.0	176.0	1647.2499999999998	4280	896	0	0	0	0	0	0	0	model_project/data_audit/results/per_file_records/protein/Chromochloris_zofingiensis.rga.pro.fa.records.tsv
Chrysanthemum_makinoi	CDS	Chrysanthemum_makinoi.rga.cds.fa	downloads/sequences/CDS/Chrysanthemum_makinoi.rga.cds.fa	4278	6657535	171	1556.2260402057036	1344.0	351.85	3243.0	8358	1986	0	0	0	102	173	230	0	model_project/data_audit/results/per_file_records/CDS/Chrysanthemum_makinoi.rga.cds.fa.records.tsv
Chrysanthemum_makinoi	protein	Chrysanthemum_makinoi.rga.pro.fa	downloads/sequences/protein/Chrysanthemum_makinoi.rga.pro.fa	4278	2215090	57	517.7863487611033	447.0	116.85000000000002	1080.0	2785	661	0	0	0	0	0	0	0	model_project/data_audit/results/per_file_records/protein/Chrysanthemum_makinoi.rga.pro.fa.records.tsv
Chrysanthemum_nankingense	CDS	Chrysanthemum_nankingense.rga.cds.fa	downloads/sequences/CDS/Chrysanthemum_nankingense.rga.cds.fa	5445	8549289	117	1570.1173553719009	1380	372.0	3242.4000000000005	7719	2028	0	0	0	0	307	106	0	model_project/data_audit/results/per_file_records/CDS/Chrysanthemum_nankingense.rga.cds.fa.records.tsv
Chrysanthemum_nankingense	protein	Chrysanthemum_nankingense.rga.pro.fa	downloads/sequences/protein/Chrysanthemum_nankingense.rga.pro.fa	5445	2844424	38	522.3919191919192	459	123.0	1080.0	2572	676	0	0	0	0	0	0	0	model_project/data_audit/results/per_file_records/protein/Chrysanthemum_nankingense.rga.pro.fa.records.tsv
Chrysanthemum_x_morifolium	CDS	Chrysanthemum_x_morifolium.rga.cds.fa	downloads/sequences/CDS/Chrysanthemum_x_morifolium.rga.cds.fa	10192	19663352	153	1929.2927786499215	1770.0	411.0	3910.3499999999967	11052	2484	0	0	0	129	127	108	0	model_project/data_audit/results/per_file_records/CDS/Chrysanthemum_x_morifolium.rga.cds.fa.records.tsv
Chrysanthemum_x_morifolium	protein	Chrysanthemum_x_morifolium.rga.pro.fa	downloads/sequences/protein/Chrysanthemum_x_morifolium.rga.pro.fa	10192	6554378	51	643.0904631083203	590.0	137.0	1303.449999999999	3684	828	0	0	0	0	0	0	10050	model_project/data_audit/results/per_file_records/protein/Chrysanthemum_x_morifolium.rga.pro.fa.records.tsv
Cicer_arietinum	CDS	Cicer_arietinum.rga.cds.fa	downloads/sequences/CDS/Cicer_arietinum.rga.cds.fa	1226	2336376	180	1905.6900489396412	1819.5	697.5	3572.25	6999	2109	0	0	0	0	0	0	0	model_project/data_audit/results/per_file_records/CDS/Cicer_arietinum.rga.cds.fa.records.tsv
Cicer_arietinum	protein	Cicer_arietinum.rga.pro.fa	downloads/sequences/protein/Cicer_arietinum.rga.pro.fa	1226	777566	59	634.2300163132137	605.5	231.5	1189.75	2332	702	0	0	0	0	0	0	0	model_project/data_audit/results/per_file_records/protein/Cicer_arietinum.rga.pro.fa.records.tsv
Cicer_reticulatum	CDS	Cicer_reticulatum.rga.cds.fa	downloads/sequences/CDS/Cicer_reticulatum.rga.cds.fa	1190	2338697	189	1965.2915966386554	1843.5	815.7	3701.8499999999985	8199	2196	61	0	0	4	4	5	0	model_project/data_audit/results/per_file_records/CDS/Cicer_reticulatum.rga.cds.fa.records.tsv
Cicer_reticulatum	protein	Cicer_reticulatum.rga.pro.fa	downloads/sequences/protein/Cicer_reticulatum.rga.pro.fa	1190	779321	63	654.8915966386554	614.5	271.45	1230.6499999999999	2733	732	0	0	0	0	0	0	1185	model_project/data_audit/results/per_file_records/protein/Cicer_reticulatum.rga.pro.fa.records.tsv
Cichorium_endivia	CDS	Cichorium_endivia.rga.cds.fa	downloads/sequences/CDS/Cichorium_endivia.rga.cds.fa	1946	3203070	201	1645.9763617677286	1492.5	405.75	3236.25	10098	2037	0	0	0	0	0	0	0	model_project/data_audit/results/per_file_records/CDS/Cichorium_endivia.rga.cds.fa.records.tsv
Cichorium_endivia	protein	Cichorium_endivia.rga.pro.fa	downloads/sequences/protein/Cichorium_endivia.rga.pro.fa	1946	1065744	66	547.6587872559096	496.5	134.25	1077.75	3365	678	0	0	0	0	0	0	0	model_project/data_audit/results/per_file_records/protein/Cichorium_endivia.rga.pro.fa.records.tsv
Cichorium_intybus	CDS	Cichorium_intybus.rga.cds.fa	downloads/sequences/CDS/Cichorium_intybus.rga.cds.fa	2055	3231870	210	1572.6861313868612	1428	393.0	3123.0	6021	1980	0	0	0	0	0	0	0	model_project/data_audit/results/per_file_records/CDS/Cichorium_intybus.rga.cds.fa.records.tsv
Cichorium_intybus	protein	Cichorium_intybus.rga.pro.fa	downloads/sequences/protein/Cichorium_intybus.rga.pro.fa	2055	1075235	69	523.2287104622872	475	130.0	1040.0	2006	659	0	0	0	0	0	0	0	model_project/data_audit/results/per_file_records/protein/Cichorium_intybus.rga.pro.fa.records.tsv
Cinchona_pubescens	CDS	Cinchona_pubescens.rga.cds.fa	downloads/sequences/CDS/Cinchona_pubescens.rga.cds.fa	2501	4226760	219	1690.0279888044781	1545	465	3402	8157	2070	0	0	0	4	5	1	0	model_project/data_audit/results/per_file_records/CDS/Cinchona_pubescens.rga.cds.fa.records.tsv
Cinchona_pubescens	protein	Cinchona_pubescens.rga.pro.fa	downloads/sequences/protein/Cinchona_pubescens.rga.pro.fa	2501	1406418	72	562.3422630947621	514	154	1133	2718	689	0	0	0	0	0	0	0	model_project/data_audit/results/per_file_records/protein/Cinchona_pubescens.rga.pro.fa.records.tsv
Cinnamomum_kanehirae	CDS	Cinnamomum_kanehirae.rga.cds.fa	downloads/sequences/CDS/Cinnamomum_kanehirae.rga.cds.fa	2284	4524378	72	1980.901050788091	1944.0	471.0	3508.199999999999	9354	2502	0	0	0	0	72	86	0	model_project/data_audit/results/per_file_records/CDS/Cinnamomum_kanehirae.rga.cds.fa.records.tsv
Cinnamomum_kanehirae	protein	Cinnamomum_kanehirae.rga.pro.fa	downloads/sequences/protein/Cinnamomum_kanehirae.rga.pro.fa	2284	1505928	23	659.338003502627	647.0	156.0	1168.3999999999996	3117	833	0	0	0	0	0	0	0	model_project/data_audit/results/per_file_records/protein/Cinnamomum_kanehirae.rga.pro.fa.records.tsv
Cissus_rotundifolia	CDS	Cissus_rotundifolia.rga.cds.fa	downloads/sequences/CDS/Cissus_rotundifolia.rga.cds.fa	1594	2784483	204	1746.8525721455458	1609.5	480.0	3446.0999999999995	6888	2118	0	0	0	0	1	0	0	model_project/data_audit/results/per_file_records/CDS/Cissus_rotundifolia.rga.cds.fa.records.tsv
Cissus_rotundifolia	protein	Cissus_rotundifolia.rga.pro.fa	downloads/sequences/protein/Cissus_rotundifolia.rga.pro.fa	1594	926567	67	581.2841907151819	535.5	159.0	1147.6999999999998	2295	706	0	0	0	0	0	0	0	model_project/data_audit/results/per_file_records/protein/Cissus_rotundifolia.rga.pro.fa.records.tsv
Citropsis_gilletiana	CDS	Citropsis_gilletiana.rga.cds.fa	downloads/sequences/CDS/Citropsis_gilletiana.rga.cds.fa	1436	2596938	177	1808.4526462395543	1725.0	365.25	3551.25	8364	2253	0	0	0	4	6	6	0	model_project/data_audit/results/per_file_records/CDS/Citropsis_gilletiana.rga.cds.fa.records.tsv
Citropsis_gilletiana	protein	Citropsis_gilletiana.rga.pro.fa	downloads/sequences/protein/Citropsis_gilletiana.rga.pro.fa	1436	865644	59	602.816155988858	575.0	121.75	1183.75	2788	751	0	0	0	0	0	0	1430	model_project/data_audit/results/per_file_records/protein/Citropsis_gilletiana.rga.pro.fa.records.tsv
Citrullus_lanatus	CDS	Citrullus_lanatus.rga.cds.fa	downloads/sequences/CDS/Citrullus_lanatus.rga.cds.fa	969	1838505	156	1897.3219814241486	1848	751.2	3370.1999999999975	5361	2166	0	0	0	0	5	0	0	model_project/data_audit/results/per_file_records/CDS/Citrullus_lanatus.rga.cds.fa.records.tsv
Citrullus_lanatus	protein	Citrullus_lanatus.rga.pro.fa	downloads/sequences/protein/Citrullus_lanatus.rga.pro.fa	969	611545	51	631.109391124871	615	249.4	1122.3999999999992	1786	721	0	0	0	0	0	0	0	model_project/data_audit/results/per_file_records/protein/Citrullus_lanatus.rga.pro.fa.records.tsv
Citrus_australasica	CDS	Citrus_australasica.rga.cds.fa	downloads/sequences/CDS/Citrus_australasica.rga.cds.fa	1498	2629324	168	1755.222963951936	1635.0	335.55	3426.149999999997	7086	2199	0	0	0	6	3	8	0	model_project/data_audit/results/per_file_records/CDS/Citrus_australasica.rga.cds.fa.records.tsv
Citrus_australasica	protein	Citrus_australasica.rga.pro.fa	downloads/sequences/protein/Citrus_australasica.rga.pro.fa	1498	876438	56	585.0720961281709	545.0	111.85000000000001	1142.049999999999	2362	733	0	0	0	0	0	0	1489	model_project/data_audit/results/per_file_records/protein/Citrus_australasica.rga.pro.fa.records.tsv
Citrus_australis	CDS	Citrus_australis.rga.cds.fa	downloads/sequences/CDS/Citrus_australis.rga.cds.fa	1336	2179428	153	1631.3083832335328	1515.0	372.0	3279.0	5748	2013	0	0	0	0	0	0	0	model_project/data_audit/results/per_file_records/CDS/Citrus_australis.rga.cds.fa.records.tsv
Citrus_australis	protein	Citrus_australis.rga.pro.fa	downloads/sequences/protein/Citrus_australis.rga.pro.fa	1336	725140	50	542.7694610778443	504.0	123.0	1092.0	1915	670	0	0	0	0	0	0	0	model_project/data_audit/results/per_file_records/protein/Citrus_australis.rga.pro.fa.records.tsv
Citrus_cavaleriei	CDS	Citrus_cavaleriei.rga.cds.fa	downloads/sequences/CDS/Citrus_cavaleriei.rga.cds.fa	1443	2344098	156	1624.4615384615386	1491	294.0	3332.6999999999994	6411	2079	0	0	0	10	24	27	0	model_project/data_audit/results/per_file_records/CDS/Citrus_cavaleriei.rga.cds.fa.records.tsv
Citrus_cavaleriei	protein	Citrus_cavaleriei.rga.pro.fa	downloads/sequences/protein/Citrus_cavaleriei.rga.pro.fa	1443	781361	52	541.4837144837145	497	98.0	1110.8999999999999	2137	693	0	0	0	0	0	0	1416	model_project/data_audit/results/per_file_records/protein/Citrus_cavaleriei.rga.pro.fa.records.tsv
Citrus_clementina	CDS	Citrus_clementina.rga.cds.fa	downloads/sequences/CDS/Citrus_clementina.rga.cds.fa	2483	5539431	267	2230.942811115586	2106	810.3	4196.400000000001	8220	2658	0	0	0	0	12	12	0	model_project/data_audit/results/per_file_records/CDS/Citrus_clementina.rga.cds.fa.records.tsv
Citrus_clementina	protein	Citrus_clementina.rga.pro.fa	downloads/sequences/protein/Citrus_clementina.rga.pro.fa	2483	1846477	89	743.6476037051954	702	270.1	1398.8000000000002	2740	886	0	0	0	0	0	0	2471	model_project/data_audit/results/per_file_records/protein/Citrus_clementina.rga.pro.fa.records.tsv
Citrus_grandis	CDS	Citrus_grandis.rga.cds.fa	downloads/sequences/CDS/Citrus_grandis.rga.cds.fa	1668	2970197	150	1780.6936450839328	1816.5	399.0	3159.0	5406	2202	0	0	0	15	12	12	0	model_project/data_audit/results/per_file_records/CDS/Citrus_grandis.rga.cds.fa.records.tsv
Citrus_grandis	protein	Citrus_grandis.rga.pro.fa	downloads/sequences/protein/Citrus_grandis.rga.pro.fa	1668	988401	49	592.56654676259	604.5	132.0	1052.0	1801	733	0	0	0	0	0	0	0	model_project/data_audit/results/per_file_records/protein/Citrus_grandis.rga.pro.fa.records.tsv
Citrus_japonica	CDS	Citrus_japonica.rga.cds.fa	downloads/sequences/CDS/Citrus_japonica.rga.cds.fa	2285	5158296	153	2257.4599562363237	2223	660.0	4234.799999999998	6045	2682	0	0	0	0	0	0	0	model_project/data_audit/results/per_file_records/CDS/Citrus_japonica.rga.cds.fa.records.tsv
Citrus_japonica	protein	Citrus_japonica.rga.pro.fa	downloads/sequences/protein/Citrus_japonica.rga.pro.fa	2285	1717147	50	751.4866520787746	740	219.0	1410.5999999999995	2014	893	0	0	0	0	0	0	0	model_project/data_audit/results/per_file_records/protein/Citrus_japonica.rga.pro.fa.records.tsv
Citrus_linwuensis	CDS	Citrus_linwuensis.rga.cds.fa	downloads/sequences/CDS/Citrus_linwuensis.rga.cds.fa	1454	2524941	153	1736.5481430536452	1579.5	339.0	3530.2499999999986	9174	2124	0	0	0	8	6	9	0	model_project/data_audit/results/per_file_records/CDS/Citrus_linwuensis.rga.cds.fa.records.tsv
Citrus_linwuensis	protein	Citrus_linwuensis.rga.pro.fa	downloads/sequences/protein/Citrus_linwuensis.rga.pro.fa	1454	841643	51	578.8466299862448	526.5	113.0	1176.7499999999995	3058	708	0	0	0	0	0	0	1444	model_project/data_audit/results/per_file_records/protein/Citrus_linwuensis.rga.pro.fa.records.tsv
Citrus_mangshanensis	CDS	Citrus_mangshanensis.rga.cds.fa	downloads/sequences/CDS/Citrus_mangshanensis.rga.cds.fa	1302	2241587	150	1721.6490015360982	1605.0	339.0	3401.55	5979	2115	0	0	0	6	15	18	0	model_project/data_audit/results/per_file_records/CDS/Citrus_mangshanensis.rga.cds.fa.records.tsv
Citrus_mangshanensis	protein	Citrus_mangshanensis.rga.pro.fa	downloads/sequences/protein/Citrus_mangshanensis.rga.pro.fa	1302	747193	50	573.8809523809524	535.0	113.0	1133.8500000000001	1993	705	0	0	0	0	0	0	1284	model_project/data_audit/results/per_file_records/protein/Citrus_mangshanensis.rga.pro.fa.records.tsv
Citrus_medica	CDS	Citrus_medica.rga.cds.fa	downloads/sequences/CDS/Citrus_medica.rga.cds.fa	1542	2405053	151	1559.6971465629053	1375.5	348.0	3137.8499999999995	9195	2013	0	0	0	42	37	51	0	model_project/data_audit/results/per_file_records/CDS/Citrus_medica.rga.cds.fa.records.tsv
Citrus_medica	protein	Citrus_medica.rga.pro.fa	downloads/sequences/protein/Citrus_medica.rga.pro.fa	1542	801658	50	519.881971465629	458.5	115.05000000000001	1045.9499999999998	3065	671	0	0	0	0	0	0	1488	model_project/data_audit/results/per_file_records/protein/Citrus_medica.rga.pro.fa.records.tsv
Citrus_reticulata	CDS	Citrus_reticulata.rga.cds.fa	downloads/sequences/CDS/Citrus_reticulata.rga.cds.fa	2139	3662390	151	1712.1972884525478	1560	315.9	3381.2999999999997	7488	2346	0	0	0	116	84	152	0	model_project/data_audit/results/per_file_records/CDS/Citrus_reticulata.rga.cds.fa.records.tsv
Citrus_reticulata	protein	Citrus_reticulata.rga.pro.fa	downloads/sequences/protein/Citrus_reticulata.rga.pro.fa	2139	1220728	50	570.700327255727	520	105.0	1127.1	2496	782	0	0	0	0	0	0	1977	model_project/data_audit/results/per_file_records/protein/Citrus_reticulata.rga.pro.fa.records.tsv
Citrus_sinensis	CDS	Citrus_sinensis.rga.cds.fa	downloads/sequences/CDS/Citrus_sinensis.rga.cds.fa	2336	3926925	186	1681.046660958904	1560.0	450.0	3161.25	6372	2085	0	0	0	0	508	487	0	model_project/data_audit/results/per_file_records/CDS/Citrus_sinensis.rga.cds.fa.records.tsv
Citrus_sinensis	protein	Citrus_sinensis.rga.pro.fa	downloads/sequences/protein/Citrus_sinensis.rga.pro.fa	2336	1307126	61	559.5573630136986	519.0	150.0	1053.5	2123	695	0	0	0	0	0	0	0	model_project/data_audit/results/per_file_records/protein/Citrus_sinensis.rga.pro.fa.records.tsv
Citrus_trifoliata	CDS	Citrus_trifoliata.rga.cds.fa	downloads/sequences/CDS/Citrus_trifoliata.rga.cds.fa	1647	3240144	156	1967.3005464480875	1905	516.9000000000001	3585.2999999999984	9174	2388	0	0	0	7	7	15	0	model_project/data_audit/results/per_file_records/CDS/Citrus_trifoliata.rga.cds.fa.records.tsv
Citrus_trifoliata	protein	Citrus_trifoliata.rga.pro.fa	downloads/sequences/protein/Citrus_trifoliata.rga.pro.fa	1647	1080044	52	655.7644201578628	635	172.3	1195.0999999999995	3058	796	0	0	0	0	0	0	1632	model_project/data_audit/results/per_file_records/protein/Citrus_trifoliata.rga.pro.fa.records.tsv
Citrus_x_limon	CDS	Citrus_x_limon.rga.cds.fa	downloads/sequences/CDS/Citrus_x_limon.rga.cds.fa	3734	6914400	201	1851.740760578468	1735.5	465.0	3736.0499999999997	7257	2325	0	0	0	0	0	0	0	model_project/data_audit/results/per_file_records/CDS/Citrus_x_limon.rga.cds.fa.records.tsv
Citrus_x_limon	protein	Citrus_x_limon.rga.pro.fa	downloads/sequences/protein/Citrus_x_limon.rga.pro.fa	3734	2301066	66	616.2469201928227	577.5	154.0	1244.35	2418	774	0	0	0	0	0	0	0	model_project/data_audit/results/per_file_records/protein/Citrus_x_limon.rga.pro.fa.records.tsv
Cladopus_chinensis	CDS	Cladopus_chinensis.rga.cds.fa	downloads/sequences/CDS/Cladopus_chinensis.rga.cds.fa	1009	1945014	297	1927.6650148662043	1779	738.6	3557.399999999999	12138	2115	0	0	0	0	57	8	0	model_project/data_audit/results/per_file_records/CDS/Cladopus_chinensis.rga.cds.fa.records.tsv
Cladopus_chinensis	protein	Cladopus_chinensis.rga.pro.fa	downloads/sequences/protein/Cladopus_chinensis.rga.pro.fa	1009	647337	98	641.5629335976214	592	245.20000000000002	1184.7999999999997	4046	704	0	0	0	0	0	0	0	model_project/data_audit/results/per_file_records/protein/Cladopus_chinensis.rga.pro.fa.records.tsv
Clausena_lansium	CDS	Clausena_lansium.rga.cds.fa	downloads/sequences/CDS/Clausena_lansium.rga.cds.fa	1561	2681418	171	1717.7565663036514	1608	324	3393	9252	2136	0	0	0	9	16	13	0	model_project/data_audit/results/per_file_records/CDS/Clausena_lansium.rga.cds.fa.records.tsv
Clausena_lansium	protein	Clausena_lansium.rga.pro.fa	downloads/sequences/protein/Clausena_lansium.rga.pro.fa	1561	893802	57	572.5829596412556	536	108	1131	3084	712	0	0	0	0	0	0	1548	model_project/data_audit/results/per_file_records/protein/Clausena_lansium.rga.pro.fa.records.tsv
Cleistogenes_songorica	CDS	Cleistogenes_songorica.rga.cds.fa	downloads/sequences/CDS/Cleistogenes_songorica.rga.cds.fa	2626	4805427	195	1829.9417364813405	1737.0	564.0	3343.5	10977	2124	0	0	0	0	0	0	0	model_project/data_audit/results/per_file_records/CDS/Cleistogenes_songorica.rga.cds.fa.records.tsv
Cleistogenes_songorica	protein	Cleistogenes_songorica.rga.pro.fa	downloads/sequences/protein/Cleistogenes_songorica.rga.pro.fa	2626	1599183	64	608.9805788271135	578.0	187.0	1113.5	3658	707	0	0	0	0	0	0	0	model_project/data_audit/results/per_file_records/protein/Cleistogenes_songorica.rga.pro.fa.records.tsv
Cleome_gynandra	CDS	Cleome_gynandra.rga.cds.fa	downloads/sequences/CDS/Cleome_gynandra.rga.cds.fa	1235	2093575	306	1695.2024291497976	1542	572.1	3081.0	8391	1980	0	0	0	1	71	26	0	model_project/data_audit/results/per_file_records/CDS/Cleome_gynandra.rga.cds.fa.records.tsv
Cleome_gynandra	protein	Cleome_gynandra.rga.pro.fa	downloads/sequences/protein/Cleome_gynandra.rga.pro.fa	1235	696624	101	564.068016194332	513	189.7	1026.0	2796	659	0	0	0	0	0	0	1	model_project/data_audit/results/per_file_records/protein/Cleome_gynandra.rga.pro.fa.records.tsv
Clethra_arborea	CDS	Clethra_arborea.rga.cds.fa	downloads/sequences/CDS/Clethra_arborea.rga.cds.fa	1976	3326316	117	1683.3582995951417	1512.0	327.0	3550.5	10134	2091	0	0	0	0	252	470	0	model_project/data_audit/results/per_file_records/CDS/Clethra_arborea.rga.cds.fa.records.tsv
Clethra_arborea	protein	Clethra_arborea.rga.pro.fa	downloads/sequences/protein/Clethra_arborea.rga.pro.fa	1976	1107208	39	560.3279352226721	503.0	109.0	1183.25	3377	696	0	0	0	0	0	0	0	model_project/data_audit/results/per_file_records/protein/Clethra_arborea.rga.pro.fa.records.tsv
Coccomyxa_subellipsoidea	CDS	Coccomyxa_subellipsoidea.rga.cds.fa	downloads/sequences/CDS/Coccomyxa_subellipsoidea.rga.cds.fa	254	440343	291	1733.6338582677165	1393.5	676.5	4274.399999999999	5787	1977	0	0	0	0	27	16	0	model_project/data_audit/results/per_file_records/CDS/Coccomyxa_subellipsoidea.rga.cds.fa.records.tsv
Coccomyxa_subellipsoidea	protein	Coccomyxa_subellipsoidea.rga.pro.fa	downloads/sequences/protein/Coccomyxa_subellipsoidea.rga.pro.fa	254	146543	96	576.9409448818898	463.5	224.5	1423.7999999999995	1928	658	0	0	0	0	0	0	0	model_project/data_audit/results/per_file_records/protein/Coccomyxa_subellipsoidea.rga.pro.fa.records.tsv
Codonopsis_lanceolata	CDS	Codonopsis_lanceolata.rga.cds.fa	downloads/sequences/CDS/Codonopsis_lanceolata.rga.cds.fa	2523	3836616	156	1520.6563614744352	1284	318.0	3440.7000000000003	6345	2124	0	0	0	0	163	218	0	model_project/data_audit/results/per_file_records/CDS/Codonopsis_lanceolata.rga.cds.fa.records.tsv
Codonopsis_lanceolata	protein	Codonopsis_lanceolata.rga.pro.fa	downloads/sequences/protein/Codonopsis_lanceolata.rga.pro.fa	2523	1278872	52	506.88545382481175	428	106.0	1146.9	2115	708	2305	0	0	0	0	0	0	model_project/data_audit/results/per_file_records/protein/Codonopsis_lanceolata.rga.pro.fa.records.tsv
Coffea_canephora	CDS	Coffea_canephora.rga.cds.fa	downloads/sequences/CDS/Coffea_canephora.rga.cds.fa	2345	4707021	102	2007.25842217484	1992	462.59999999999997	3577.7999999999984	7647	2493	0	0	0	0	72	65	0	model_project/data_audit/results/per_file_records/CDS/Coffea_canephora.rga.cds.fa.records.tsv
Coffea_canephora	protein	Coffea_canephora.rga.pro.fa	downloads/sequences/protein/Coffea_canephora.rga.pro.fa	2345	1566720	33	668.1108742004265	663	153.2	1191.5999999999995	2548	831	0	0	0	0	0	0	0	model_project/data_audit/results/per_file_records/protein/Coffea_canephora.rga.pro.fa.records.tsv
Coffea_humblotiana	CDS	Coffea_humblotiana.rga.cds.fa	downloads/sequences/CDS/Coffea_humblotiana.rga.cds.fa	1581	2641053	210	1670.495256166983	1548	411	3327	5706	2040	0	0	0	20	0	23	0	model_project/data_audit/results/per_file_records/CDS/Coffea_humblotiana.rga.cds.fa.records.tsv
Coffea_humblotiana	protein	Coffea_humblotiana.rga.pro.fa	downloads/sequences/protein/Coffea_humblotiana.rga.pro.fa	1581	878784	69	555.8406072106262	515	136	1108	1901	680	0	0	0	0	0	0	0	model_project/data_audit/results/per_file_records/protein/Coffea_humblotiana.rga.pro.fa.records.tsv
Coix_lacrymajobi	CDS	Coix_lacrymajobi.rga.cds.fa	downloads/sequences/CDS/Coix_lacrymajobi.rga.cds.fa	1774	3925470	198	2212.7790304396844	2034.0	646.95	4367.249999999998	13869	2655	0	0	0	0	214	172	0	model_project/data_audit/results/per_file_records/CDS/Coix_lacrymajobi.rga.cds.fa.records.tsv
Coix_lacrymajobi	protein	Coix_lacrymajobi.rga.pro.fa	downloads/sequences/protein/Coix_lacrymajobi.rga.pro.fa	1774	1308490	66	737.5930101465615	678.0	215.65	1455.7499999999995	4623	885	1602	0	0	0	0	0	0	model_project/data_audit/results/per_file_records/protein/Coix_lacrymajobi.rga.pro.fa.records.tsv
Colocasia_esculenta	CDS	Colocasia_esculenta.rga.cds.fa	downloads/sequences/CDS/Colocasia_esculenta.rga.cds.fa	1345	2381682	267	1770.7672862453533	1629	534.6	3321.0	9318	2109	0	0	0	0	29	20	0	model_project/data_audit/results/per_file_records/CDS/Colocasia_esculenta.rga.cds.fa.records.tsv
Colocasia_esculenta	protein	Colocasia_esculenta.rga.pro.fa	downloads/sequences/protein/Colocasia_esculenta.rga.pro.fa	1345	793894	89	590.2557620817844	543	178.2	1107.0	3106	703	1325	0	0	0	0	0	0	model_project/data_audit/results/per_file_records/protein/Colocasia_esculenta.rga.pro.fa.records.tsv
Coptis_chinensis	CDS	Coptis_chinensis.rga.cds.fa	downloads/sequences/CDS/Coptis_chinensis.rga.cds.fa	1586	2239875	165	1412.2793190416141	1267.5	345.0	2997.75	7881	1866	0	0	0	0	81	39	0	model_project/data_audit/results/per_file_records/CDS/Coptis_chinensis.rga.cds.fa.records.tsv
Coptis_chinensis	protein	Coptis_chinensis.rga.pro.fa	downloads/sequences/protein/Coptis_chinensis.rga.pro.fa	1586	745078	54	469.7843631778058	422.0	114.0	998.25	2626	621	0	0	0	0	0	0	0	model_project/data_audit/results/per_file_records/protein/Coptis_chinensis.rga.pro.fa.records.tsv
Corchorus_capsularis	CDS	Corchorus_capsularis.rga.cds.fa	downloads/sequences/CDS/Corchorus_capsularis.rga.cds.fa	1090	2307377	129	2116.859633027523	1873.5	502.9	4299.599999999999	14403	2529	0	0	0	13	14	31	0	model_project/data_audit/results/per_file_records/CDS/Corchorus_capsularis.rga.cds.fa.records.tsv
Corchorus_capsularis	protein	Corchorus_capsularis.rga.pro.fa	downloads/sequences/protein/Corchorus_capsularis.rga.pro.fa	1090	768061	42	704.643119266055	623.5	167.0	1432.1999999999998	4800	843	0	0	0	0	0	0	0	model_project/data_audit/results/per_file_records/protein/Corchorus_capsularis.rga.pro.fa.records.tsv
Corchorus_olitorius	CDS	Corchorus_olitorius.rga.cds.fa	downloads/sequences/CDS/Corchorus_olitorius.rga.cds.fa	1506	2659921	93	1766.2158034528552	1645.5	398.25	3411.0	8937	2142	0	0	0	4	5	9	0	model_project/data_audit/results/per_file_records/CDS/Corchorus_olitorius.rga.cds.fa.records.tsv
Corchorus_olitorius	protein	Corchorus_olitorius.rga.pro.fa	downloads/sequences/protein/Corchorus_olitorius.rga.pro.fa	1506	885142	30	587.7436918990704	547.5	132.5	1136.0	2978	713	0	0	0	0	0	0	0	model_project/data_audit/results/per_file_records/protein/Corchorus_olitorius.rga.pro.fa.records.tsv
Coriandrum_sativum	CDS	Coriandrum_sativum.rga.cds.fa	downloads/sequences/CDS/Coriandrum_sativum.rga.cds.fa	2138	3400734	156	1590.6145930776427	1416.0	365.55	3223.3499999999985	7557	1986	0	0	0	13	5	15	0	model_project/data_audit/results/per_file_records/CDS/Coriandrum_sativum.rga.cds.fa.records.tsv
Coriandrum_sativum	protein	Coriandrum_sativum.rga.pro.fa	downloads/sequences/protein/Coriandrum_sativum.rga.pro.fa	2138	1131454	51	529.2114125350795	471.0	120.85000000000001	1073.4499999999996	2518	661	0	0	0	0	0	0	0	model_project/data_audit/results/per_file_records/protein/Coriandrum_sativum.rga.pro.fa.records.tsv
Cornus_wilsoniana	CDS	Cornus_wilsoniana.rga.cds.fa	downloads/sequences/CDS/Cornus_wilsoniana.rga.cds.fa	1681	3005716	183	1788.0523497917907	1647	444	3579	7406	2229	0	0	0	17	7	17	0	model_project/data_audit/results/per_file_records/CDS/Cornus_wilsoniana.rga.cds.fa.records.tsv
Cornus_wilsoniana	protein	Cornus_wilsoniana.rga.pro.fa	downloads/sequences/protein/Cornus_wilsoniana.rga.pro.fa	1681	1001896	61	596.0118976799524	549	148	1193	2468	743	0	0	0	0	0	0	1660	model_project/data_audit/results/per_file_records/protein/Cornus_wilsoniana.rga.pro.fa.records.tsv
Corydalis_tomentella	CDS	Corydalis_tomentella.rga.cds.fa	downloads/sequences/CDS/Corydalis_tomentella.rga.cds.fa	1124	2198301	186	1955.7838078291816	1846.5	543.45	3657.0	10734	2310	0	0	0	0	0	0	0	model_project/data_audit/results/per_file_records/CDS/Corydalis_tomentella.rga.cds.fa.records.tsv
Corydalis_tomentella	protein	Corydalis_tomentella.rga.pro.fa	downloads/sequences/protein/Corydalis_tomentella.rga.pro.fa	1124	731643	61	650.9279359430604	614.5	180.15	1218.0	3577	769	0	0	0	0	0	0	0	model_project/data_audit/results/per_file_records/protein/Corydalis_tomentella.rga.pro.fa.records.tsv
Corylus_avellana	CDS	Corylus_avellana.rga.cds.fa	downloads/sequences/CDS/Corylus_avellana.rga.cds.fa	660	436323	90	661.0954545454546	516.0	108.0	1695.5999999999995	2865	1056	0	0	0	0	244	660	0	model_project/data_audit/results/per_file_records/CDS/Corylus_avellana.rga.cds.fa.records.tsv
Corylus_avellana	protein	Corylus_avellana.rga.pro.fa	downloads/sequences/protein/Corylus_avellana.rga.pro.fa	660	145101	30	219.85	172.0	36.0	565.1999999999998	955	352	0	0	0	0	0	0	0	model_project/data_audit/results/per_file_records/protein/Corylus_avellana.rga.pro.fa.records.tsv
Cremastra_appendiculata	CDS	Cremastra_appendiculata.rga.cds.fa	downloads/sequences/CDS/Cremastra_appendiculata.rga.cds.fa	744	1443525	162	1940.2217741935483	1851.0	1029.45	3388.6500000000005	5100	2094	0	0	0	0	119	66	0	model_project/data_audit/results/per_file_records/CDS/Cremastra_appendiculata.rga.cds.fa.records.tsv
Cremastra_appendiculata	protein	Cremastra_appendiculata.rga.pro.fa	downloads/sequences/protein/Cremastra_appendiculata.rga.pro.fa	744	480497	54	645.8293010752689	616.0	342.15000000000003	1128.5500000000002	1699	697	0	0	0	0	0	0	0	model_project/data_audit/results/per_file_records/protein/Cremastra_appendiculata.rga.pro.fa.records.tsv
Cucumis_hystrix	CDS	Cucumis_hystrix.rga.cds.fa	downloads/sequences/CDS/Cucumis_hystrix.rga.cds.fa	1048	2017453	183	1925.050572519084	1789.5	609.45	3687.9	8526	2214	0	0	0	20	4	31	0	model_project/data_audit/results/per_file_records/CDS/Cucumis_hystrix.rga.cds.fa.records.tsv
Cucumis_hystrix	protein	Cucumis_hystrix.rga.pro.fa	downloads/sequences/protein/Cucumis_hystrix.rga.pro.fa	1048	671425	60	640.6727099236641	595.5	202.15	1228.3	2841	739	0	0	0	0	0	0	0	model_project/data_audit/results/per_file_records/protein/Cucumis_hystrix.rga.pro.fa.records.tsv
Cucumis_melo	CDS	Cucumis_melo.rga.cds.fa	downloads/sequences/CDS/Cucumis_melo.rga.cds.fa	994	1999527	231	2011.5965794768613	1888.5	838.8000000000001	3612.2999999999984	9522	2301	0	0	0	0	1	1	0	model_project/data_audit/results/per_file_records/CDS/Cucumis_melo.rga.cds.fa.records.tsv
Cucumis_melo	protein	Cucumis_melo.rga.pro.fa	downloads/sequences/protein/Cucumis_melo.rga.pro.fa	994	665516	76	669.533199195171	628.5	278.6	1203.0999999999995	3173	767	0	0	0	0	0	0	0	model_project/data_audit/results/per_file_records/protein/Cucumis_melo.rga.pro.fa.records.tsv
Cucumis_sativus	CDS	Cucumis_sativus.rga.cds.fa	downloads/sequences/CDS/Cucumis_sativus.rga.cds.fa	1073	2068622	171	1927.8863000931967	1866	624.0	3397.2	6096	2226	0	0	0	3	9	6	0	model_project/data_audit/results/per_file_records/CDS/Cucumis_sativus.rga.cds.fa.records.tsv
Cucumis_sativus	protein	Cucumis_sativus.rga.pro.fa	downloads/sequences/protein/Cucumis_sativus.rga.pro.fa	1073	689542	57	642.6300093196645	622	208.0	1132.4	2032	742	0	0	0	0	0	0	1067	model_project/data_audit/results/per_file_records/protein/Cucumis_sativus.rga.pro.fa.records.tsv
Cucurbita_argyrosperma	CDS	Cucurbita_argyrosperma.rga.cds.fa	downloads/sequences/CDS/Cucurbita_argyrosperma.rga.cds.fa	1247	2330361	138	1868.7738572574178	1719	717.6	3391.2	8766	2085	0	0	0	0	46	44	0	model_project/data_audit/results/per_file_records/CDS/Cucurbita_argyrosperma.rga.cds.fa.records.tsv
Cucurbita_argyrosperma	protein	Cucurbita_argyrosperma.rga.pro.fa	downloads/sequences/protein/Cucurbita_argyrosperma.rga.pro.fa	1247	775584	45	621.9599037690457	572	238.90000000000003	1129.4	2921	694	0	0	0	0	0	0	0	model_project/data_audit/results/per_file_records/protein/Cucurbita_argyrosperma.rga.pro.fa.records.tsv
Cucurbita_maxima	CDS	Cucurbita_maxima.rga.cds.fa	downloads/sequences/CDS/Cucurbita_maxima.rga.cds.fa	1385	2888088	180	2085.262093862816	1905	832.8000000000001	4085.3999999999996	11775	2388	0	0	0	0	6	7	0	model_project/data_audit/results/per_file_records/CDS/Cucurbita_maxima.rga.cds.fa.records.tsv
Cucurbita_maxima	protein	Cucurbita_maxima.rga.pro.fa	downloads/sequences/protein/Cucurbita_maxima.rga.pro.fa	1385	961318	59	694.0924187725632	634	276.6	1360.8	3924	795	0	0	0	0	0	0	0	model_project/data_audit/results/per_file_records/protein/Cucurbita_maxima.rga.pro.fa.records.tsv
Cucurbita_moschata	CDS	Cucurbita_moschata.rga.cds.fa	downloads/sequences/CDS/Cucurbita_moschata.rga.cds.fa	1393	2899716	222	2081.6338837042354	1953	843.6	3856.1999999999994	10764	2367	0	0	0	0	1	4	0	model_project/data_audit/results/per_file_records/CDS/Cucurbita_moschata.rga.cds.fa.records.tsv
Cucurbita_moschata	protein	Cucurbita_moschata.rga.pro.fa	downloads/sequences/protein/Cucurbita_moschata.rga.pro.fa	1393	965183	73	692.880832735104	650	280.20000000000005	1284.3999999999999	3587	788	0	0	0	0	0	0	0	model_project/data_audit/results/per_file_records/protein/Cucurbita_moschata.rga.pro.fa.records.tsv
Cucurbita_pepo	CDS	Cucurbita_pepo.rga.cds.fa	downloads/sequences/CDS/Cucurbita_pepo.rga.cds.fa	1321	2428971	186	1838.7365632096896	1665	621	3534	9732	2100	0	0	0	0	101	129	0	model_project/data_audit/results/per_file_records/CDS/Cucurbita_pepo.rga.cds.fa.records.tsv
Cucurbita_pepo	protein	Cucurbita_pepo.rga.pro.fa	downloads/sequences/protein/Cucurbita_pepo.rga.pro.fa	1321	808465	62	612.009841029523	554	207	1177	3243	699	0	0	0	0	0	0	0	model_project/data_audit/results/per_file_records/protein/Cucurbita_pepo.rga.pro.fa.records.tsv
Cuscuta_campestris	CDS	Cuscuta_campestris.rga.cds.fa	downloads/sequences/CDS/Cuscuta_campestris.rga.cds.fa	1435	2603928	204	1814.5839721254356	1638	651.3000000000001	3375.0	6672	2046	0	0	0	2	1	2	0	model_project/data_audit/results/per_file_records/CDS/Cuscuta_campestris.rga.cds.fa.records.tsv
Cuscuta_campestris	protein	Cuscuta_campestris.rga.pro.fa	downloads/sequences/protein/Cuscuta_campestris.rga.pro.fa	1435	866113	67	603.5630662020906	544	216.1	1124.0	2223	681	0	0	0	0	0	0	0	model_project/data_audit/results/per_file_records/protein/Cuscuta_campestris.rga.pro.fa.records.tsv
Cuscuta_epithymum	CDS	Cuscuta_epithymum.rga.cds.fa	downloads/sequences/CDS/Cuscuta_epithymum.rga.cds.fa	1533	2666064	153	1739.115459882583	1623	625.8	3117.0	4395	1983	0	0	0	0	0	65	0	model_project/data_audit/results/per_file_records/CDS/Cuscuta_epithymum.rga.cds.fa.records.tsv
Cuscuta_epithymum	protein	Cuscuta_epithymum.rga.pro.fa	downloads/sequences/protein/Cuscuta_epithymum.rga.pro.fa	1533	887220	51	578.747553816047	540	207.60000000000002	1038.0	1464	660	0	0	0	0	0	0	0	model_project/data_audit/results/per_file_records/protein/Cuscuta_epithymum.rga.pro.fa.records.tsv
Cuscuta_europaea	CDS	Cuscuta_europaea.rga.cds.fa	downloads/sequences/CDS/Cuscuta_europaea.rga.cds.fa	717	1277115	102	1781.192468619247	1680	649.2	3361.7999999999993	5127	2040	0	0	0	0	0	22	0	model_project/data_audit/results/per_file_records/CDS/Cuscuta_europaea.rga.cds.fa.records.tsv
Cuscuta_europaea	protein	Cuscuta_europaea.rga.pro.fa	downloads/sequences/protein/Cuscuta_europaea.rga.pro.fa	717	425010	33	592.7615062761506	559	215.4	1119.6	1708	679	0	0	0	0	0	0	0	model_project/data_audit/results/per_file_records/protein/Cuscuta_europaea.rga.pro.fa.records.tsv
Cyanidiococcus_yangmingshanensis	CDS	Cyanidiococcus_yangmingshanensis.rga.cds.fa	downloads/sequences/CDS/Cyanidiococcus_yangmingshanensis.rga.cds.fa	91	149370	309	1641.4285714285713	1413	708.0	3240.0	5121	1860	0	0	0	0	0	0	0	model_project/data_audit/results/per_file_records/CDS/Cyanidiococcus_yangmingshanensis.rga.cds.fa.records.tsv
Cyanidiococcus_yangmingshanensis	protein	Cyanidiococcus_yangmingshanensis.rga.pro.fa	downloads/sequences/protein/Cyanidiococcus_yangmingshanensis.rga.pro.fa	91	49699	102	546.1428571428571	470	235.0	1079.0	1706	619	0	0	0	0	0	0	0	model_project/data_audit/results/per_file_records/protein/Cyanidiococcus_yangmingshanensis.rga.pro.fa.records.tsv
Cyanidioschyzon_merolae	CDS	Cyanidioschyzon_merolae.rga.cds.fa	downloads/sequences/CDS/Cyanidioschyzon_merolae.rga.cds.fa	99	209439	360	2115.5454545454545	1704	853.2	4057.499999999998	7872	2592	0	0	0	0	0	0	0	model_project/data_audit/results/per_file_records/CDS/Cyanidioschyzon_merolae.rga.cds.fa.records.tsv
Cyanidioschyzon_merolae	protein	Cyanidioschyzon_merolae.rga.pro.fa	downloads/sequences/protein/Cyanidioschyzon_merolae.rga.pro.fa	99	69714	119	704.1818181818181	567	283.40000000000003	1351.4999999999993	2623	863	0	0	0	0	0	0	0	model_project/data_audit/results/per_file_records/protein/Cyanidioschyzon_merolae.rga.pro.fa.records.tsv
Cyanophora_paradoxa	CDS	Cyanophora_paradoxa.rga.cds.fa	downloads/sequences/CDS/Cyanophora_paradoxa.rga.cds.fa	497	1016869	234	2046.0140845070423	1656	581.4	4533.5999999999985	13437	2445	0	0	0	3	2	1	0	model_project/data_audit/results/per_file_records/CDS/Cyanophora_paradoxa.rga.cds.fa.records.tsv
Cyanophora_paradoxa	protein	Cyanophora_paradoxa.rga.pro.fa	downloads/sequences/protein/Cyanophora_paradoxa.rga.pro.fa	497	338459	77	681.0040241448692	551	192.8	1510.1999999999994	4478	814	0	0	0	0	0	0	0	model_project/data_audit/results/per_file_records/protein/Cyanophora_paradoxa.rga.pro.fa.records.tsv
Cyclocarya_paliurus	CDS	Cyclocarya_paliurus.rga.cds.fa	downloads/sequences/CDS/Cyclocarya_paliurus.rga.cds.fa	2851	4963515	162	1740.9733426867765	1665	417.0	3349.5	6396	2148	0	0	0	0	5	0	0	model_project/data_audit/results/per_file_records/CDS/Cyclocarya_paliurus.rga.cds.fa.records.tsv
Cyclocarya_paliurus	protein	Cyclocarya_paliurus.rga.pro.fa	downloads/sequences/protein/Cyclocarya_paliurus.rga.pro.fa	2851	1651654	53	579.3244475622589	554	138.0	1115.5	2131	715	0	0	0	0	0	0	0	model_project/data_audit/results/per_file_records/protein/Cyclocarya_paliurus.rga.pro.fa.records.tsv
Cydonia_oblonga	CDS	Cydonia_oblonga.rga.cds.fa	downloads/sequences/CDS/Cydonia_oblonga.rga.cds.fa	3969	4814745	91	1213.087679516251	933	291.4	2982.0	5562	1716	0	0	0	1038	1634	1518	0	model_project/data_audit/results/per_file_records/CDS/Cydonia_oblonga.rga.cds.fa.records.tsv
Cydonia_oblonga	protein	Cydonia_oblonga.rga.pro.fa	downloads/sequences/protein/Cydonia_oblonga.rga.pro.fa	3969	1601968	30	403.6200554295792	311	96.4	993.0	1853	572	0	0	0	0	0	0	0	model_project/data_audit/results/per_file_records/protein/Cydonia_oblonga.rga.pro.fa.records.tsv
Cymbidium_ensifolium	CDS	Cymbidium_ensifolium.rga.cds.fa	downloads/sequences/CDS/Cymbidium_ensifolium.rga.cds.fa	1099	1754037	162	1596.0300272975433	1476	378.0	3156.0	5721	1950	0	0	0	0	0	0	0	model_project/data_audit/results/per_file_records/CDS/Cymbidium_ensifolium.rga.cds.fa.records.tsv
Cymbidium_ensifolium	protein	Cymbidium_ensifolium.rga.pro.fa	downloads/sequences/protein/Cymbidium_ensifolium.rga.pro.fa	1099	583580	53	531.010009099181	491	125.0	1051.0	1906	649	0	0	0	0	0	0	0	model_project/data_audit/results/per_file_records/protein/Cymbidium_ensifolium.rga.pro.fa.records.tsv
Cyperus_esculentus	CDS	Cyperus_esculentus.rga.cds.fa	downloads/sequences/CDS/Cyperus_esculentus.rga.cds.fa	2268	4759299	264	2098.4563492063494	2046.0	807.0	3624.0	6396	2454	0	0	0	0	97	28	0	model_project/data_audit/results/per_file_records/CDS/Cyperus_esculentus.rga.cds.fa.records.tsv
Cyperus_esculentus	protein	Cyperus_esculentus.rga.pro.fa	downloads/sequences/protein/Cyperus_esculentus.rga.pro.fa	2268	1584193	87	698.4977954144621	681.0	268.0	1207.0	2131	817	0	0	0	0	0	0	0	model_project/data_audit/results/per_file_records/protein/Cyperus_esculentus.rga.pro.fa.records.tsv
Daemonorops_jenkinsiana	CDS	Daemonorops_jenkinsiana.rga.cds.fa	downloads/sequences/CDS/Daemonorops_jenkinsiana.rga.cds.fa	3542	5564352	201	1570.9632975719933	1413.0	462.0	3150.0	5709	1938	0	0	0	0	0	0	0	model_project/data_audit/results/per_file_records/CDS/Daemonorops_jenkinsiana.rga.cds.fa.records.tsv
Daemonorops_jenkinsiana	protein	Daemonorops_jenkinsiana.rga.pro.fa	downloads/sequences/protein/Daemonorops_jenkinsiana.rga.pro.fa	3542	1851242	66	522.6544325239978	470.0	153.0	1049.0	1902	645	0	0	0	0	0	0	0	model_project/data_audit/results/per_file_records/protein/Daemonorops_jenkinsiana.rga.pro.fa.records.tsv
Dalbergia_cochinchinensis	CDS	Dalbergia_cochinchinensis.rga.cds.fa	downloads/sequences/CDS/Dalbergia_cochinchinensis.rga.cds.fa	1890	3340392	303	1767.4031746031746	1690.5	468.0	3304.6499999999996	9399	2082	0	0	0	0	1	0	0	model_project/data_audit/results/per_file_records/CDS/Dalbergia_cochinchinensis.rga.cds.fa.records.tsv
Dalbergia_cochinchinensis	protein	Dalbergia_cochinchinensis.rga.pro.fa	downloads/sequences/protein/Dalbergia_cochinchinensis.rga.pro.fa	1890	1111574	100	588.1343915343915	562.5	155.0	1100.55	3132	693	0	0	0	0	0	0	0	model_project/data_audit/results/per_file_records/protein/Dalbergia_cochinchinensis.rga.pro.fa.records.tsv
Dalbergia_cultrata	CDS	Dalbergia_cultrata.rga.cds.fa	downloads/sequences/CDS/Dalbergia_cultrata.rga.cds.fa	2262	3967485	303	1753.9721485411142	1639.5	438.15000000000003	3314.8499999999995	10659	2184	0	0	0	0	0	0	0	model_project/data_audit/results/per_file_records/CDS/Dalbergia_cultrata.rga.cds.fa.records.tsv
Dalbergia_cultrata	protein	Dalbergia_cultrata.rga.pro.fa	downloads/sequences/protein/Dalbergia_cultrata.rga.pro.fa	2262	1320233	100	583.657382847038	545.5	145.05	1103.9499999999998	3552	728	0	0	0	0	0	0	0	model_project/data_audit/results/per_file_records/protein/Dalbergia_cultrata.rga.pro.fa.records.tsv
Dalbergia_odorifera	CDS	Dalbergia_odorifera.rga.cds.fa	downloads/sequences/CDS/Dalbergia_odorifera.rga.cds.fa	1513	2525001	162	1668.8704560475876	1524	420.0	3346.2	7074	2031	0	0	0	12	11	14	0	model_project/data_audit/results/per_file_records/CDS/Dalbergia_odorifera.rga.cds.fa.records.tsv
Dalbergia_odorifera	protein	Dalbergia_odorifera.rga.pro.fa	downloads/sequences/protein/Dalbergia_odorifera.rga.pro.fa	1513	840164	53	555.2967614011897	507	139.0	1114.3999999999999	2357	676	0	0	0	0	0	0	0	model_project/data_audit/results/per_file_records/protein/Dalbergia_odorifera.rga.pro.fa.records.tsv
Datisca_glomerata	CDS	Datisca_glomerata.rga.cds.fa	downloads/sequences/CDS/Datisca_glomerata.rga.cds.fa	1078	1969974	228	1827.4341372912802	1773.0	500.55	3382.3499999999995	4962	2157	0	0	0	0	0	0	0	model_project/data_audit/results/per_file_records/CDS/Datisca_glomerata.rga.cds.fa.records.tsv
Datisca_glomerata	protein	Datisca_glomerata.rga.pro.fa	downloads/sequences/protein/Datisca_glomerata.rga.pro.fa	1078	655457	75	608.030612244898	590.0	165.85000000000002	1126.4499999999998	1653	716	0	0	0	0	0	0	0	model_project/data_audit/results/per_file_records/protein/Datisca_glomerata.rga.pro.fa.records.tsv
Datura_inoxia	CDS	Datura_inoxia.rga.cds.fa	downloads/sequences/CDS/Datura_inoxia.rga.cds.fa	1618	3287265	219	2031.6841779975277	1908.0	485.55	3817.7999999999984	15840	2478	0	0	0	0	1	0	0	model_project/data_audit/results/per_file_records/CDS/Datura_inoxia.rga.cds.fa.records.tsv
Datura_inoxia	protein	Datura_inoxia.rga.pro.fa	downloads/sequences/protein/Datura_inoxia.rga.pro.fa	1618	1094137	72	676.2280593325092	635.0	160.85000000000002	1271.5999999999995	5279	826	0	0	0	0	0	0	0	model_project/data_audit/results/per_file_records/protein/Datura_inoxia.rga.pro.fa.records.tsv
Daucus_carota	CDS	Daucus_carota.rga.cds.fa	downloads/sequences/CDS/Daucus_carota.rga.cds.fa	1646	3218805	105	1955.5315917375456	1851.0	523.5	3733.5	15759	2310	0	0	0	0	0	0	0	model_project/data_audit/results/per_file_records/CDS/Daucus_carota.rga.cds.fa.records.tsv
Daucus_carota	protein	Daucus_carota.rga.pro.fa	downloads/sequences/protein/Daucus_carota.rga.pro.fa	1646	1072935	35	651.8438639125152	617.0	174.5	1244.5	5253	770	0	0	0	0	0	0	1646	model_project/data_audit/results/per_file_records/protein/Daucus_carota.rga.pro.fa.records.tsv
Davidia_involucrata	CDS	Davidia_involucrata.rga.cds.fa	downloads/sequences/CDS/Davidia_involucrata.rga.cds.fa	2513	4578084	189	1821.7604456824513	1680	546.0	3414.0	6642	2181	0	0	0	0	14	10	0	model_project/data_audit/results/per_file_records/CDS/Davidia_involucrata.rga.cds.fa.records.tsv
Davidia_involucrata	protein	Davidia_involucrata.rga.pro.fa	downloads/sequences/protein/Davidia_involucrata.rga.pro.fa	2513	1523492	62	606.2443294866694	559	181.0	1137.0	2213	726	0	0	0	0	0	0	5	model_project/data_audit/results/per_file_records/protein/Davidia_involucrata.rga.pro.fa.records.tsv
Dendrobium_chrysotoxum	CDS	Dendrobium_chrysotoxum.rga.cds.fa	downloads/sequences/CDS/Dendrobium_chrysotoxum.rga.cds.fa	1123	1961781	195	1746.9109528049867	1569	318.0	3479.0999999999985	7494	2193	0	0	0	0	57	30	0	model_project/data_audit/results/per_file_records/CDS/Dendrobium_chrysotoxum.rga.cds.fa.records.tsv
Dendrobium_chrysotoxum	protein	Dendrobium_chrysotoxum.rga.pro.fa	downloads/sequences/protein/Dendrobium_chrysotoxum.rga.pro.fa	1123	652834	64	581.3303650934996	522	105.0	1158.6999999999996	2497	730	0	0	0	0	0	0	0	model_project/data_audit/results/per_file_records/protein/Dendrobium_chrysotoxum.rga.pro.fa.records.tsv
Dendrobium_huoshanense	CDS	Dendrobium_huoshanense.rga.cds.fa	downloads/sequences/CDS/Dendrobium_huoshanense.rga.cds.fa	845	1560195	246	1846.3846153846155	1662	657.0	3408.5999999999995	8898	2127	0	0	0	0	53	19	0	model_project/data_audit/results/per_file_records/CDS/Dendrobium_huoshanense.rga.cds.fa.records.tsv
Dendrobium_huoshanense	protein	Dendrobium_huoshanense.rga.pro.fa	downloads/sequences/protein/Dendrobium_huoshanense.rga.pro.fa	845	519239	81	614.484023668639	553	218.0	1135.1999999999998	2965	708	0	0	0	0	0	0	0	model_project/data_audit/results/per_file_records/protein/Dendrobium_huoshanense.rga.pro.fa.records.tsv
Dendrobium_hybrid_cultivar	CDS	Dendrobium_hybrid_cultivar.rga.cds.fa	downloads/sequences/CDS/Dendrobium_hybrid_cultivar.rga.cds.fa	1229	962059	83	782.7982099267697	552	207.0	2262.3999999999974	3972	1098	0	0	0	368	381	581	0	model_project/data_audit/results/per_file_records/CDS/Dendrobium_hybrid_cultivar.rga.cds.fa.records.tsv
Dendrobium_hybrid_cultivar	protein	Dendrobium_hybrid_cultivar.rga.pro.fa	downloads/sequences/protein/Dendrobium_hybrid_cultivar.rga.pro.fa	1229	320496	27	260.7778681855167	184	69.0	753.9999999999991	1324	366	0	0	0	0	0	0	626	model_project/data_audit/results/per_file_records/protein/Dendrobium_hybrid_cultivar.rga.pro.fa.records.tsv
Dendrobium_nobile	CDS	Dendrobium_nobile.rga.cds.fa	downloads/sequences/CDS/Dendrobium_nobile.rga.cds.fa	1230	2326545	165	1891.5	1797.0	548.4000000000001	3400.6499999999996	7377	2229	0	0	0	0	0	0	0	model_project/data_audit/results/per_file_records/CDS/Dendrobium_nobile.rga.cds.fa.records.tsv
Dendrobium_nobile	protein	Dendrobium_nobile.rga.pro.fa	downloads/sequences/protein/Dendrobium_nobile.rga.pro.fa	1230	774285	54	629.5	598.0	181.8	1132.55	2458	744	0	0	0	0	0	0	0	model_project/data_audit/results/per_file_records/protein/Dendrobium_nobile.rga.pro.fa.records.tsv
Dendrocalamus_latiflorus	CDS	Dendrocalamus_latiflorus.rga.cds.fa	downloads/sequences/CDS/Dendrocalamus_latiflorus.rga.cds.fa	6595	12447642	150	1887.436239575436	1791	452.10000000000014	3597.899999999998	11907	2274	0	0	0	78	88	79	0	model_project/data_audit/results/per_file_records/CDS/Dendrocalamus_latiflorus.rga.cds.fa.records.tsv
Dendrocalamus_latiflorus	protein	Dendrocalamus_latiflorus.rga.pro.fa	downloads/sequences/protein/Dendrocalamus_latiflorus.rga.pro.fa	6595	4142664	49	628.1522365428355	596	149.70000000000005	1198.2999999999993	3968	758	0	0	0	0	0	0	0	model_project/data_audit/results/per_file_records/protein/Dendrocalamus_latiflorus.rga.pro.fa.records.tsv
Dianthus_caryophyllus	CDS	Dianthus_caryophyllus.rga.cds.fa	downloads/sequences/CDS/Dianthus_caryophyllus.rga.cds.fa	1802	3536815	228	1962.7164261931187	1869.0	630.1500000000001	3542.5499999999984	9054	2280	0	0	0	2	4	3	0	model_project/data_audit/results/per_file_records/CDS/Dianthus_caryophyllus.rga.cds.fa.records.tsv
Dianthus_caryophyllus	protein	Dianthus_caryophyllus.rga.pro.fa	downloads/sequences/protein/Dianthus_caryophyllus.rga.pro.fa	1802	1177138	75	653.2397336293008	622.0	209.05	1179.8499999999995	3017	759	0	0	0	0	0	0	0	model_project/data_audit/results/per_file_records/protein/Dianthus_caryophyllus.rga.pro.fa.records.tsv
Dichanthelium_oligosanthes	CDS	Dichanthelium_oligosanthes.rga.cds.fa	downloads/sequences/CDS/Dichanthelium_oligosanthes.rga.cds.fa	1541	2737695	108	1776.570408825438	1587	351	3777	7722	2253	52	0	0	0	188	64	0	model_project/data_audit/results/per_file_records/CDS/Dichanthelium_oligosanthes.rga.cds.fa.records.tsv
Dichanthelium_oligosanthes	protein	Dichanthelium_oligosanthes.rga.pro.fa	downloads/sequences/protein/Dichanthelium_oligosanthes.rga.pro.fa	1541	910920	35	591.1226476314082	527	116	1258	2573	746	0	0	0	0	0	0	0	model_project/data_audit/results/per_file_records/protein/Dichanthelium_oligosanthes.rga.pro.fa.records.tsv
Dimocarpus_longan	CDS	Dimocarpus_longan.rga.cds.fa	downloads/sequences/CDS/Dimocarpus_longan.rga.cds.fa	2940	5913585	222	2011.4234693877552	1992.0	504.0	3807.0	14433	2511	0	0	0	0	0	0	0	model_project/data_audit/results/per_file_records/CDS/Dimocarpus_longan.rga.cds.fa.records.tsv
Dimocarpus_longan	protein	Dimocarpus_longan.rga.pro.fa	downloads/sequences/protein/Dimocarpus_longan.rga.pro.fa	2940	1968255	73	669.4744897959183	663.0	167.0	1268.0	4810	836	0	0	0	0	0	0	0	model_project/data_audit/results/per_file_records/protein/Dimocarpus_longan.rga.pro.fa.records.tsv
Dionaea_muscipula	CDS	Dionaea_muscipula.rga.cds.fa	downloads/sequences/CDS/Dionaea_muscipula.rga.cds.fa	791	1450932	135	1834.3008849557523	1683	571.5	3447.0	6840	2121	227	0	0	0	36	92	0	model_project/data_audit/results/per_file_records/CDS/Dionaea_muscipula.rga.cds.fa.records.tsv
Dionaea_muscipula	protein	Dionaea_muscipula.rga.pro.fa	downloads/sequences/protein/Dionaea_muscipula.rga.pro.fa	791	481148	41	608.2781289506953	558	188.5	1139.5	2273	704	0	0	0	0	0	0	0	model_project/data_audit/results/per_file_records/protein/Dionaea_muscipula.rga.pro.fa.records.tsv
Dioscorea_alata	CDS	Dioscorea_alata.rga.cds.fa	downloads/sequences/CDS/Dioscorea_alata.rga.cds.fa	1675	3552114	192	2120.6650746268656	2073	816.3000000000001	3501.0	5832	2556	0	0	0	0	43	47	0	model_project/data_audit/results/per_file_records/CDS/Dioscorea_alata.rga.cds.fa.records.tsv
Dioscorea_alata	protein	Dioscorea_alata.rga.pro.fa	downloads/sequences/protein/Dioscorea_alata.rga.pro.fa	1675	1182410	63	705.9164179104478	690	271.1	1166.0	1943	851	0	0	0	0	0	0	0	model_project/data_audit/results/per_file_records/protein/Dioscorea_alata.rga.pro.fa.records.tsv
Dioscorea_dumetorum	CDS	Dioscorea_dumetorum.rga.cds.fa	downloads/sequences/CDS/Dioscorea_dumetorum.rga.cds.fa	1572	3349704	234	2130.8549618320612	1993.5	660.0	3877.0499999999984	10212	2541	0	0	0	3	4	2	0	model_project/data_audit/results/per_file_records/CDS/Dioscorea_dumetorum.rga.cds.fa.records.tsv
Dioscorea_dumetorum	protein	Dioscorea_dumetorum.rga.pro.fa	downloads/sequences/protein/Dioscorea_dumetorum.rga.pro.fa	1572	1114996	77	709.2849872773537	663.5	219.0	1291.3499999999995	3403	846	0	0	0	0	0	0	0	model_project/data_audit/results/per_file_records/protein/Dioscorea_dumetorum.rga.pro.fa.records.tsv
Dioscorea_zingiberensis	CDS	Dioscorea_zingiberensis.rga.cds.fa	downloads/sequences/CDS/Dioscorea_zingiberensis.rga.cds.fa	1521	2764200	201	1817.3570019723866	1749	606	3330	9204	2073	0	0	0	0	3	0	0	model_project/data_audit/results/per_file_records/CDS/Dioscorea_zingiberensis.rga.cds.fa.records.tsv
Dioscorea_zingiberensis	protein	Dioscorea_zingiberensis.rga.pro.fa	downloads/sequences/protein/Dioscorea_zingiberensis.rga.pro.fa	1521	919879	66	604.7856673241289	582	201	1109	3067	690	0	0	0	0	0	0	0	model_project/data_audit/results/per_file_records/protein/Dioscorea_zingiberensis.rga.pro.fa.records.tsv
Diospyros_lotus	CDS	Diospyros_lotus.rga.cds.fa	downloads/sequences/CDS/Diospyros_lotus.rga.cds.fa	2264	3918123	204	1730.619699646643	1573.5	459.0	3458.5499999999997	8187	2136	0	0	0	33	21	20	0	model_project/data_audit/results/per_file_records/CDS/Diospyros_lotus.rga.cds.fa.records.tsv
Diospyros_lotus	protein	Diospyros_lotus.rga.pro.fa	downloads/sequences/protein/Diospyros_lotus.rga.pro.fa	2264	1303781	67	575.875	523.5	152.0	1151.85	2728	711	0	0	0	0	0	0	0	model_project/data_audit/results/per_file_records/protein/Diospyros_lotus.rga.pro.fa.records.tsv
Diospyros_oleifera	CDS	Diospyros_oleifera.rga.cds.fa	downloads/sequences/CDS/Diospyros_oleifera.rga.cds.fa	1388	2321417	210	1672.4906340057637	1525.5	483.0	3259.9499999999994	6492	1986	0	0	0	16	18	14	0	model_project/data_audit/results/per_file_records/CDS/Diospyros_oleifera.rga.cds.fa.records.tsv
Diospyros_oleifera	protein	Diospyros_oleifera.rga.pro.fa	downloads/sequences/protein/Diospyros_oleifera.rga.pro.fa	1388	773797	70	557.4906340057637	508.5	161.0	1086.6499999999999	2164	662	0	0	0	0	0	0	1372	model_project/data_audit/results/per_file_records/protein/Diospyros_oleifera.rga.pro.fa.records.tsv
Diplotaxis_acris	CDS	Diplotaxis_acris.rga.cds.fa	downloads/sequences/CDS/Diplotaxis_acris.rga.cds.fa	3182	4642392	150	1458.9541169076053	1305.0	252.0	3122.8499999999995	9507	1983	0	0	0	0	363	169	0	model_project/data_audit/results/per_file_records/CDS/Diplotaxis_acris.rga.cds.fa.records.tsv
Diplotaxis_acris	protein	Diplotaxis_acris.rga.pro.fa	downloads/sequences/protein/Diplotaxis_acris.rga.pro.fa	3182	1544451	50	485.37115021998744	434.0	83.0	1039.9499999999998	3168	660	0	0	0	0	0	0	0	model_project/data_audit/results/per_file_records/protein/Diplotaxis_acris.rga.pro.fa.records.tsv
Diplotaxis_erucoides	CDS	Diplotaxis_erucoides.rga.cds.fa	downloads/sequences/CDS/Diplotaxis_erucoides.rga.cds.fa	2720	5093499	186	1872.6099264705883	1773.0	486.0	3594.4499999999975	8094	2250	0	0	0	0	260	126	0	model_project/data_audit/results/per_file_records/CDS/Diplotaxis_erucoides.rga.cds.fa.records.tsv
Diplotaxis_erucoides	protein	Diplotaxis_erucoides.rga.pro.fa	downloads/sequences/protein/Diplotaxis_erucoides.rga.pro.fa	2720	1695239	61	623.2496323529411	590.0	161.0	1197.199999999999	2697	750	0	0	0	0	0	0	0	model_project/data_audit/results/per_file_records/protein/Diplotaxis_erucoides.rga.pro.fa.records.tsv
Diplotaxis_harra	CDS	Diplotaxis_harra.rga.cds.fa	downloads/sequences/CDS/Diplotaxis_harra.rga.cds.fa	2969	4737261	159	1595.5746042438532	1401	333.0	3430.7999999999997	9777	2037	0	0	0	0	654	575	0	model_project/data_audit/results/per_file_records/CDS/Diplotaxis_harra.rga.cds.fa.records.tsv
Diplotaxis_harra	protein	Diplotaxis_harra.rga.pro.fa	downloads/sequences/protein/Diplotaxis_harra.rga.pro.fa	2969	1576693	52	531.0518693162682	466	110.0	1142.6	3258	680	0	0	0	0	0	0	0	model_project/data_audit/results/per_file_records/protein/Diplotaxis_harra.rga.pro.fa.records.tsv
Diplotaxis_muralis	CDS	Diplotaxis_muralis.rga.cds.fa	downloads/sequences/CDS/Diplotaxis_muralis.rga.cds.fa	4510	8286627	144	1837.389578713969	1716.0	483.0	3508.6500000000005	12753	2169	0	0	0	0	505	206	0	model_project/data_audit/results/per_file_records/CDS/Diplotaxis_muralis.rga.cds.fa.records.tsv
Diplotaxis_muralis	protein	Diplotaxis_muralis.rga.pro.fa	downloads/sequences/protein/Diplotaxis_muralis.rga.pro.fa	4510	2757905	48	611.5088691796009	571.0	160.0	1168.5500000000002	4250	722	0	0	0	0	0	0	0	model_project/data_audit/results/per_file_records/protein/Diplotaxis_muralis.rga.pro.fa.records.tsv
Diplotaxis_tenuifolia	CDS	Diplotaxis_tenuifolia.rga.cds.fa	downloads/sequences/CDS/Diplotaxis_tenuifolia.rga.cds.fa	2564	4285299	171	1671.3334633385336	1503.0	276.0	3530.0999999999995	11427	2142	0	0	0	0	317	65	0	model_project/data_audit/results/per_file_records/CDS/Diplotaxis_tenuifolia.rga.cds.fa.records.tsv
Diplotaxis_tenuifolia	protein	Diplotaxis_tenuifolia.rga.pro.fa	downloads/sequences/protein/Diplotaxis_tenuifolia.rga.pro.fa	2564	1425934	57	556.1365054602184	500.0	91.0	1175.6999999999998	3808	714	0	0	0	0	0	0	0	model_project/data_audit/results/per_file_records/protein/Diplotaxis_tenuifolia.rga.pro.fa.records.tsv
Diplotaxis_tenuisiliqua	CDS	Diplotaxis_tenuisiliqua.rga.cds.fa	downloads/sequences/CDS/Diplotaxis_tenuisiliqua.rga.cds.fa	2115	3609675	180	1706.7021276595744	1545	309.0	3414.8999999999996	8436	2109	0	0	0	0	262	68	0	model_project/data_audit/results/per_file_records/CDS/Diplotaxis_tenuisiliqua.rga.cds.fa.records.tsv
Diplotaxis_tenuisiliqua	protein	Diplotaxis_tenuisiliqua.rga.pro.fa	downloads/sequences/protein/Diplotaxis_tenuisiliqua.rga.pro.fa	2115	1201178	59	567.9328605200946	514	102.0	1137.3	2811	703	0	0	0	0	0	0	0	model_project/data_audit/results/per_file_records/protein/Diplotaxis_tenuisiliqua.rga.pro.fa.records.tsv
Diplotaxis_viminea	CDS	Diplotaxis_viminea.rga.cds.fa	downloads/sequences/CDS/Diplotaxis_viminea.rga.cds.fa	2162	3734388	159	1727.2839962997225	1566.0	315.0	3491.8499999999995	12819	2139	0	0	0	0	252	28	0	model_project/data_audit/results/per_file_records/CDS/Diplotaxis_viminea.rga.cds.fa.records.tsv
Diplotaxis_viminea	protein	Diplotaxis_viminea.rga.pro.fa	downloads/sequences/protein/Diplotaxis_viminea.rga.pro.fa	2162	1242662	53	574.7742830712303	521.0	104.0	1162.9499999999998	4272	712	0	0	0	0	0	0	0	model_project/data_audit/results/per_file_records/protein/Diplotaxis_viminea.rga.pro.fa.records.tsv
Dipteronia_dyeriana	CDS	Dipteronia_dyeriana.rga.cds.fa	downloads/sequences/CDS/Dipteronia_dyeriana.rga.cds.fa	1590	2846409	150	1790.1943396226416	1635.0	373.35	3588.899999999999	8757	2220	0	0	0	8	11	8	0	model_project/data_audit/results/per_file_records/CDS/Dipteronia_dyeriana.rga.cds.fa.records.tsv
Dipteronia_dyeriana	protein	Dipteronia_dyeriana.rga.pro.fa	downloads/sequences/protein/Dipteronia_dyeriana.rga.pro.fa	1590	947221	49	595.7364779874214	544.0	123.45	1195.2999999999997	2918	739	0	0	0	0	0	0	0	model_project/data_audit/results/per_file_records/protein/Dipteronia_dyeriana.rga.pro.fa.records.tsv
Dipteronia_sinensis	CDS	Dipteronia_sinensis.rga.cds.fa	downloads/sequences/CDS/Dipteronia_sinensis.rga.cds.fa	1493	2483023	153	1663.1098459477562	1521	384.6	3337.7999999999984	5322	2055	0	0	0	6	12	12	0	model_project/data_audit/results/per_file_records/CDS/Dipteronia_sinensis.rga.cds.fa.records.tsv
Dipteronia_sinensis	protein	Dipteronia_sinensis.rga.pro.fa	downloads/sequences/protein/Dipteronia_sinensis.rga.pro.fa	1493	826192	51	553.3770931011386	506	127.20000000000002	1111.5999999999995	1773	685	0	0	0	0	0	0	0	model_project/data_audit/results/per_file_records/protein/Dipteronia_sinensis.rga.pro.fa.records.tsv
Discaria_trinervis	CDS	Discaria_trinervis.rga.cds.fa	downloads/sequences/CDS/Discaria_trinervis.rga.cds.fa	1390	3081078	180	2216.602877697842	2014.5	482.70000000000005	4727.549999999999	11856	2727	0	0	0	0	0	0	0	model_project/data_audit/results/per_file_records/CDS/Discaria_trinervis.rga.cds.fa.records.tsv
Discaria_trinervis	protein	Discaria_trinervis.rga.pro.fa	downloads/sequences/protein/Discaria_trinervis.rga.pro.fa	1390	1025636	59	737.8676258992806	670.5	159.9	1574.8499999999997	3951	908	0	0	0	0	0	0	0	model_project/data_audit/results/per_file_records/protein/Discaria_trinervis.rga.pro.fa.records.tsv
Draba_nivalis	CDS	Draba_nivalis.rga.cds.fa	downloads/sequences/CDS/Draba_nivalis.rga.cds.fa	1811	3781980	153	2088.3379348426283	1791	474.0	4555.5	15147	2541	0	0	0	0	46	83	0	model_project/data_audit/results/per_file_records/CDS/Draba_nivalis.rga.cds.fa.records.tsv
Draba_nivalis	protein	Draba_nivalis.rga.pro.fa	downloads/sequences/protein/Draba_nivalis.rga.pro.fa	1811	1258932	50	695.1584759801215	596	157.0	1517.5	5048	849	0	0	0	0	0	0	0	model_project/data_audit/results/per_file_records/protein/Draba_nivalis.rga.pro.fa.records.tsv
Drosera_spatulata	CDS	Drosera_spatulata.rga.cds.fa	downloads/sequences/CDS/Drosera_spatulata.rga.cds.fa	881	1695606	207	1924.6379114642452	1824	621	3552	8316	2178	3	0	0	0	45	90	0	model_project/data_audit/results/per_file_records/CDS/Drosera_spatulata.rga.cds.fa.records.tsv
Drosera_spatulata	protein	Drosera_spatulata.rga.pro.fa	downloads/sequences/protein/Drosera_spatulata.rga.pro.fa	881	564396	68	640.6311010215665	607	206	1183	2771	726	0	0	0	0	0	0	0	model_project/data_audit/results/per_file_records/protein/Drosera_spatulata.rga.pro.fa.records.tsv
Dryas_drummondii	CDS	Dryas_drummondii.rga.cds.fa	downloads/sequences/CDS/Dryas_drummondii.rga.cds.fa	1370	2981310	216	2176.1386861313867	1998.0	648.75	4188.9	10914	2553	0	0	0	0	0	0	0	model_project/data_audit/results/per_file_records/CDS/Dryas_drummondii.rga.cds.fa.records.tsv
Dryas_drummondii	protein	Dryas_drummondii.rga.pro.fa	downloads/sequences/protein/Dryas_drummondii.rga.pro.fa	1370	992400	71	724.3795620437957	665.0	215.25	1395.2999999999997	3637	850	0	0	0	0	0	0	0	model_project/data_audit/results/per_file_records/protein/Dryas_drummondii.rga.pro.fa.records.tsv
Dunaliella_salina	CDS	Dunaliella_salina.rga.cds.fa	downloads/sequences/CDS/Dunaliella_salina.rga.cds.fa	339	535980	180	1581.0619469026549	1296	311.4	3837.5999999999995	9390	2154	7	0	0	0	19	34	0	model_project/data_audit/results/per_file_records/CDS/Dunaliella_salina.rga.cds.fa.records.tsv
Dunaliella_salina	protein	Dunaliella_salina.rga.pro.fa	downloads/sequences/protein/Dunaliella_salina.rga.pro.fa	339	178355	59	526.1209439528023	431	102.9	1278.1999999999998	3129	717	0	0	0	0	0	0	0	model_project/data_audit/results/per_file_records/protein/Dunaliella_salina.rga.pro.fa.records.tsv
Durio_zibethinus	CDS	Durio_zibethinus.rga.cds.fa	downloads/sequences/CDS/Durio_zibethinus.rga.cds.fa	7	44265	1413	6323.571428571428	4548	1503.0	14877.399999999992	17764	8142	0	0	0	3	7	7	0	model_project/data_audit/results/per_file_records/CDS/Durio_zibethinus.rga.cds.fa.records.tsv
Durio_zibethinus	protein	Durio_zibethinus.rga.pro.fa	downloads/sequences/protein/Durio_zibethinus.rga.pro.fa	7	14754	471	2107.714285714286	1516	501.0	4958.899999999998	5921	2714	0	0	0	0	0	0	7	model_project/data_audit/results/per_file_records/protein/Durio_zibethinus.rga.pro.fa.records.tsv
Echinochloa_colona	CDS	Echinochloa_colona.rga.cds.fa	downloads/sequences/CDS/Echinochloa_colona.rga.cds.fa	3605	8082843	216	2242.1201109570043	2076	960.0	4065.0	16887	2562	0	0	0	0	0	0	0	model_project/data_audit/results/per_file_records/CDS/Echinochloa_colona.rga.cds.fa.records.tsv
Echinochloa_colona	protein	Echinochloa_colona.rga.pro.fa	downloads/sequences/protein/Echinochloa_colona.rga.pro.fa	3605	2690676	71	746.3733703190014	691	319.0	1354.0	5628	853	0	0	0	0	0	0	0	model_project/data_audit/results/per_file_records/protein/Echinochloa_colona.rga.pro.fa.records.tsv
Echinochloa_crusgalli	CDS	Echinochloa_crusgalli.rga.cds.fa	downloads/sequences/CDS/Echinochloa_crusgalli.rga.cds.fa	3864	8399829	201	2173.8687888198756	2040.0	846.0	3986.5499999999997	11271	2478	0	0	0	0	0	0	0	model_project/data_audit/results/per_file_records/CDS/Echinochloa_crusgalli.rga.cds.fa.records.tsv
Echinochloa_crusgalli	protein	Echinochloa_crusgalli.rga.pro.fa	downloads/sequences/protein/Echinochloa_crusgalli.rga.pro.fa	3864	2796079	66	723.6229296066252	679.0	281.0	1327.85	3756	825	0	0	0	0	0	0	0	model_project/data_audit/results/per_file_records/protein/Echinochloa_crusgalli.rga.pro.fa.records.tsv
Echinochloa_haploclada	CDS	Echinochloa_haploclada.rga.cds.fa	downloads/sequences/CDS/Echinochloa_haploclada.rga.cds.fa	1585	3578550	201	2257.7602523659307	2088	855.6	4189.799999999999	8598	2628	0	0	0	0	0	0	0	model_project/data_audit/results/per_file_records/CDS/Echinochloa_haploclada.rga.cds.fa.records.tsv
Echinochloa_haploclada	protein	Echinochloa_haploclada.rga.pro.fa	downloads/sequences/protein/Echinochloa_haploclada.rga.pro.fa	1585	1192850	67	752.5867507886435	696	285.20000000000005	1396.6	2866	876	0	0	0	0	0	0	1585	model_project/data_audit/results/per_file_records/protein/Echinochloa_haploclada.rga.pro.fa.records.tsv
Echinochloa_oryzicola	CDS	Echinochloa_oryzicola.rga.cds.fa	downloads/sequences/CDS/Echinochloa_oryzicola.rga.cds.fa	2538	5554584	216	2188.567375886525	2032.5	852.0	4011.0	8055	2523	0	0	0	0	0	0	0	model_project/data_audit/results/per_file_records/CDS/Echinochloa_oryzicola.rga.cds.fa.records.tsv
Echinochloa_oryzicola	protein	Echinochloa_oryzicola.rga.pro.fa	downloads/sequences/protein/Echinochloa_oryzicola.rga.pro.fa	2538	1848989	71	728.5220646178093	676.5	283.0	1336.0	2684	841	0	0	0	0	0	0	0	model_project/data_audit/results/per_file_records/protein/Echinochloa_oryzicola.rga.pro.fa.records.tsv
Edaphochlamys_debaryana	CDS	Edaphochlamys_debaryana.rga.cds.fa	downloads/sequences/CDS/Edaphochlamys_debaryana.rga.cds.fa	944	3026938	267	3206.5021186440677	2809.5	972.45	6868.199999999999	16311	3855	0	0	0	1	8	5	0	model_project/data_audit/results/per_file_records/CDS/Edaphochlamys_debaryana.rga.cds.fa.records.tsv
Edaphochlamys_debaryana	protein	Edaphochlamys_debaryana.rga.pro.fa	downloads/sequences/protein/Edaphochlamys_debaryana.rga.pro.fa	944	1008040	88	1067.8389830508474	935.5	323.15	2288.3999999999996	5436	1284	0	0	0	0	0	0	0	model_project/data_audit/results/per_file_records/protein/Edaphochlamys_debaryana.rga.pro.fa.records.tsv
Elaeagnus_angustifolia	CDS	Elaeagnus_angustifolia.rga.cds.fa	downloads/sequences/CDS/Elaeagnus_angustifolia.rga.cds.fa	1564	3025170	201	1934.2519181585678	1863.0	798.4499999999999	3431.0999999999995	7260	2130	0	0	0	0	2	0	0	model_project/data_audit/results/per_file_records/CDS/Elaeagnus_angustifolia.rga.cds.fa.records.tsv
Elaeagnus_angustifolia	protein	Elaeagnus_angustifolia.rga.pro.fa	downloads/sequences/protein/Elaeagnus_angustifolia.rga.pro.fa	1564	1008390	67	644.7506393861893	621.0	266.15	1143.6999999999998	2420	710	1564	0	0	0	0	0	0	model_project/data_audit/results/per_file_records/protein/Elaeagnus_angustifolia.rga.pro.fa.records.tsv
Elaeagnus_mollis	CDS	Elaeagnus_mollis.rga.cds.fa	downloads/sequences/CDS/Elaeagnus_mollis.rga.cds.fa	1458	2654247	192	1820.4711934156378	1743.0	677.55	3199.7999999999984	6249	2034	0	0	0	7	4	7	0	model_project/data_audit/results/per_file_records/CDS/Elaeagnus_mollis.rga.cds.fa.records.tsv
Elaeagnus_mollis	protein	Elaeagnus_mollis.rga.pro.fa	downloads/sequences/protein/Elaeagnus_mollis.rga.pro.fa	1458	884745	64	606.820987654321	581.0	225.85000000000002	1066.5999999999995	2083	678	0	0	0	0	0	0	1451	model_project/data_audit/results/per_file_records/protein/Elaeagnus_mollis.rga.pro.fa.records.tsv
Eleusine_coracana	CDS	Eleusine_coracana.rga.cds.fa	downloads/sequences/CDS/Eleusine_coracana.rga.cds.fa	2812	5122359	195	1821.6070412517781	1723.5	739.6500000000001	3207.0	5928	2073	0	0	0	0	0	0	0	model_project/data_audit/results/per_file_records/CDS/Eleusine_coracana.rga.cds.fa.records.tsv
Eleusine_coracana	protein	Eleusine_coracana.rga.pro.fa	downloads/sequences/protein/Eleusine_coracana.rga.pro.fa	2812	1707453	65	607.202347083926	574.5	246.55	1069.0	1976	691	0	0	0	0	0	0	2812	model_project/data_audit/results/per_file_records/protein/Eleusine_coracana.rga.pro.fa.records.tsv
Eleusine_indica	CDS	Eleusine_indica.rga.cds.fa	downloads/sequences/CDS/Eleusine_indica.rga.cds.fa	1009	2080905	432	2062.343904856293	1992	1010.4000000000001	3370.7999999999997	5055	2229	0	0	0	0	130	6	0	model_project/data_audit/results/per_file_records/CDS/Eleusine_indica.rga.cds.fa.records.tsv
Eleusine_indica	protein	Eleusine_indica.rga.pro.fa	downloads/sequences/protein/Eleusine_indica.rga.pro.fa	1009	692632	143	686.4539147670961	663	335.8	1122.6	1684	742	0	0	0	0	0	0	0	model_project/data_audit/results/per_file_records/protein/Eleusine_indica.rga.pro.fa.records.tsv
Ensete_glaucum	CDS	Ensete_glaucum.rga.cds.fa	downloads/sequences/CDS/Ensete_glaucum.rga.cds.fa	1546	2917807	196	1887.3266494178524	1816.5	682.5	3375.0	8472	2142	0	0	0	44	24	27	0	model_project/data_audit/results/per_file_records/CDS/Ensete_glaucum.rga.cds.fa.records.tsv
Ensete_glaucum	protein	Ensete_glaucum.rga.pro.fa	downloads/sequences/protein/Ensete_glaucum.rga.pro.fa	1546	971088	65	628.1293661060802	604.5	226.5	1124.0	2823	713	0	0	0	0	0	0	0	model_project/data_audit/results/per_file_records/protein/Ensete_glaucum.rga.pro.fa.records.tsv
Ensete_ventricosum	CDS	Ensete_ventricosum.rga.cds.fa	downloads/sequences/CDS/Ensete_ventricosum.rga.cds.fa	1413	1906122	156	1348.9893842887473	1140	336.0	3020.399999999999	4851	1779	0	0	0	0	136	48	0	model_project/data_audit/results/per_file_records/CDS/Ensete_ventricosum.rga.cds.fa.records.tsv
Ensete_ventricosum	protein	Ensete_ventricosum.rga.pro.fa	downloads/sequences/protein/Ensete_ventricosum.rga.pro.fa	1413	633965	51	448.66595895258314	379	111.0	1005.0	1616	592	0	0	0	0	0	0	0	model_project/data_audit/results/per_file_records/protein/Ensete_ventricosum.rga.pro.fa.records.tsv
Entada_phaseoloides	CDS	Entada_phaseoloides.rga.cds.fa	downloads/sequences/CDS/Entada_phaseoloides.rga.cds.fa	1332	2354766	219	1767.8423423423424	1591.5	474.0	3557.4000000000005	14439	2037	0	0	0	0	20	0	0	model_project/data_audit/results/per_file_records/CDS/Entada_phaseoloides.rga.cds.fa.records.tsv
Entada_phaseoloides	protein	Entada_phaseoloides.rga.pro.fa	downloads/sequences/protein/Entada_phaseoloides.rga.pro.fa	1332	783590	72	588.2807807807808	529.5	157.0	1184.8000000000002	4812	678	0	0	0	0	0	0	0	model_project/data_audit/results/per_file_records/protein/Entada_phaseoloides.rga.pro.fa.records.tsv
Epimedium_pubescens	CDS	Epimedium_pubescens.rga.cds.fa	downloads/sequences/CDS/Epimedium_pubescens.rga.cds.fa	1696	3303924	186	1948.0683962264152	1911.0	689.25	3270.0	5400	2373	0	0	0	0	0	0	0	model_project/data_audit/results/per_file_records/CDS/Epimedium_pubescens.rga.cds.fa.records.tsv
Epimedium_pubescens	protein	Epimedium_pubescens.rga.pro.fa	downloads/sequences/protein/Epimedium_pubescens.rga.pro.fa	1696	1099612	61	648.3561320754717	636.0	228.75	1089.0	1799	790	0	0	0	0	0	0	0	model_project/data_audit/results/per_file_records/protein/Epimedium_pubescens.rga.pro.fa.records.tsv
Eragrostis_curvula	CDS	Eragrostis_curvula.rga.cds.fa	downloads/sequences/CDS/Eragrostis_curvula.rga.cds.fa	3052	5998608	144	1965.467889908257	1887.0	508.65000000000003	3651.0	8103	2382	0	0	0	0	221	188	0	model_project/data_audit/results/per_file_records/CDS/Eragrostis_curvula.rga.cds.fa.records.tsv
Eragrostis_curvula	protein	Eragrostis_curvula.rga.pro.fa	downloads/sequences/protein/Eragrostis_curvula.rga.pro.fa	3052	1996672	47	654.2175622542595	628.0	168.55	1216.0	2700	793	0	0	0	0	0	0	0	model_project/data_audit/results/per_file_records/protein/Eragrostis_curvula.rga.pro.fa.records.tsv
Eragrostis_nindensis	CDS	Eragrostis_nindensis.rga.cds.fa	downloads/sequences/CDS/Eragrostis_nindensis.rga.cds.fa	5439	11032674	141	2028.437948152234	1884	510.0	4065.0	12042	2394	0	0	0	0	391	813	0	model_project/data_audit/results/per_file_records/CDS/Eragrostis_nindensis.rga.cds.fa.records.tsv
Eragrostis_nindensis	protein	Eragrostis_nindensis.rga.pro.fa	downloads/sequences/protein/Eragrostis_nindensis.rga.pro.fa	5439	3672932	46	675.2954587240301	628	169.0	1354.0	4013	797	0	0	0	0	0	0	0	model_project/data_audit/results/per_file_records/protein/Eragrostis_nindensis.rga.pro.fa.records.tsv
Eragrostis_tef	CDS	Eragrostis_tef.rga.cds.fa	downloads/sequences/CDS/Eragrostis_tef.rga.cds.fa	3640	7491369	117	2058.0684065934065	1900.5	540.0	4044.749999999996	13329	2427	0	0	0	0	207	396	0	model_project/data_audit/results/per_file_records/CDS/Eragrostis_tef.rga.cds.fa.records.tsv
Eragrostis_tef	protein	Eragrostis_tef.rga.pro.fa	downloads/sequences/protein/Eragrostis_tef.rga.pro.fa	3640	2493879	38	685.1315934065934	633.0	179.0	1347.2499999999986	4442	809	0	0	0	0	0	0	0	model_project/data_audit/results/per_file_records/protein/Eragrostis_tef.rga.pro.fa.records.tsv
Eremochloa_ophiuroides	CDS	Eremochloa_ophiuroides.rga.cds.fa	downloads/sequences/CDS/Eremochloa_ophiuroides.rga.cds.fa	2374	4444741	160	1872.2582139848357	1777.5	478.95000000000005	3435.0	8043	2256	0	0	0	31	29	31	0	model_project/data_audit/results/per_file_records/CDS/Eremochloa_ophiuroides.rga.cds.fa.records.tsv
Eremochloa_ophiuroides	protein	Eremochloa_ophiuroides.rga.pro.fa	downloads/sequences/protein/Eremochloa_ophiuroides.rga.pro.fa	2374	1479223	53	623.0930918281382	591.5	158.65	1144.0	2680	751	0	0	0	0	0	0	0	model_project/data_audit/results/per_file_records/protein/Eremochloa_ophiuroides.rga.pro.fa.records.tsv
Erianthus_fulvus	CDS	Erianthus_fulvus.rga.cds.fa	downloads/sequences/CDS/Erianthus_fulvus.rga.cds.fa	1788	4162260	321	2327.8859060402683	2145.0	813.1500000000001	4627.949999999999	9789	2697	0	0	0	0	0	0	0	model_project/data_audit/results/per_file_records/CDS/Erianthus_fulvus.rga.cds.fa.records.tsv
Erianthus_fulvus	protein	Erianthus_fulvus.rga.pro.fa	downloads/sequences/protein/Erianthus_fulvus.rga.pro.fa	1788	1385632	106	774.9619686800895	714.0	270.05	1541.6499999999999	3262	898	0	0	0	0	0	0	0	model_project/data_audit/results/per_file_records/protein/Erianthus_fulvus.rga.pro.fa.records.tsv
Erianthus_rufipilus	CDS	Erianthus_rufipilus.rga.cds.fa	downloads/sequences/CDS/Erianthus_rufipilus.rga.cds.fa	2499	5107680	231	2043.889555822329	1971	756.0	3648.0	9162	2367	0	0	0	0	0	0	0	model_project/data_audit/results/per_file_records/CDS/Erianthus_rufipilus.rga.cds.fa.records.tsv
Erianthus_rufipilus	protein	Erianthus_rufipilus.rga.pro.fa	downloads/sequences/protein/Erianthus_rufipilus.rga.pro.fa	2499	1702560	77	681.296518607443	657	252.0	1216.0	3054	789	0	0	0	0	0	0	2499	model_project/data_audit/results/per_file_records/protein/Erianthus_rufipilus.rga.pro.fa.records.tsv
Eriobotrya_japonica	CDS	Eriobotrya_japonica.rga.cds.fa	downloads/sequences/CDS/Eriobotrya_japonica.rga.cds.fa	2963	6488355	246	2189.792440094499	2097	816.0	3858.0	7251	2547	0	0	0	0	4	3	0	model_project/data_audit/results/per_file_records/CDS/Eriobotrya_japonica.rga.cds.fa.records.tsv
Eriobotrya_japonica	protein	Eriobotrya_japonica.rga.pro.fa	downloads/sequences/protein/Eriobotrya_japonica.rga.pro.fa	2963	2159825	81	728.9318258521769	698	271.0	1285.0	2416	848	0	0	0	0	0	0	0	model_project/data_audit/results/per_file_records/protein/Eriobotrya_japonica.rga.pro.fa.records.tsv
Erythranthe_guttatus	CDS	Erythranthe_guttatus.rga.cds.fa	downloads/sequences/CDS/Erythranthe_guttatus.rga.cds.fa	1717	3285482	301	1913.5014560279558	1839	722.4000000000001	3351.0	7059	2256	0	0	0	5	39	18	0	model_project/data_audit/results/per_file_records/CDS/Erythranthe_guttatus.rga.cds.fa.records.tsv
Erythranthe_guttatus	protein	Erythranthe_guttatus.rga.pro.fa	downloads/sequences/protein/Erythranthe_guttatus.rga.pro.fa	1717	1093478	100	636.853814793244	612	239.8	1116.0	2352	751	0	0	0	0	0	0	0	model_project/data_audit/results/per_file_records/protein/Erythranthe_guttatus.rga.pro.fa.records.tsv
Erythranthe_luteus	CDS	Erythranthe_luteus.rga.cds.fa	downloads/sequences/CDS/Erythranthe_luteus.rga.cds.fa	2478	4879368	183	1969.0750605326878	1806.0	618.0	3927.4500000000003	11946	2322	0	0	0	0	78	38	0	model_project/data_audit/results/per_file_records/CDS/Erythranthe_luteus.rga.cds.fa.records.tsv
Erythranthe_luteus	protein	Erythranthe_luteus.rga.pro.fa	downloads/sequences/protein/Erythranthe_luteus.rga.pro.fa	2478	1624016	61	655.3736884584342	601.0	205.0	1308.15	3981	773	0	0	0	0	0	0	0	model_project/data_audit/results/per_file_records/protein/Erythranthe_luteus.rga.pro.fa.records.tsv
Erythroxylum_novogranatense	CDS	Erythroxylum_novogranatense.rga.cds.fa	downloads/sequences/CDS/Erythroxylum_novogranatense.rga.cds.fa	1512	3013938	159	1993.345238095238	1947.0	771.5999999999999	3453.750000000001	7023	2304	0	0	0	0	0	0	0	model_project/data_audit/results/per_file_records/CDS/Erythroxylum_novogranatense.rga.cds.fa.records.tsv
Erythroxylum_novogranatense	protein	Erythroxylum_novogranatense.rga.pro.fa	downloads/sequences/protein/Erythroxylum_novogranatense.rga.pro.fa	1512	1003134	52	663.4484126984127	648.0	256.2	1150.2500000000002	2340	768	0	0	0	0	0	0	0	model_project/data_audit/results/per_file_records/protein/Erythroxylum_novogranatense.rga.pro.fa.records.tsv
Eucalyptus_grandis	CDS	Eucalyptus_grandis.rga.cds.fa	downloads/sequences/CDS/Eucalyptus_grandis.rga.cds.fa	3982	7676280	204	1927.7448518332496	1927.5	582.0	3222.0	5799	2340	0	0	0	0	279	550	0	model_project/data_audit/results/per_file_records/CDS/Eucalyptus_grandis.rga.cds.fa.records.tsv
Eucalyptus_grandis	protein	Eucalyptus_grandis.rga.pro.fa	downloads/sequences/protein/Eucalyptus_grandis.rga.pro.fa	3982	2555328	67	641.7197388247112	642.0	193.0	1073.0	1932	779	0	0	0	0	0	0	0	model_project/data_audit/results/per_file_records/protein/Eucalyptus_grandis.rga.pro.fa.records.tsv
Eucommia_ulmoides	CDS	Eucommia_ulmoides.rga.cds.fa	downloads/sequences/CDS/Eucommia_ulmoides.rga.cds.fa	1316	1874718	150	1424.5577507598784	1321.5	285.0	2948.25	5421	1836	0	0	0	0	56	105	0	model_project/data_audit/results/per_file_records/CDS/Eucommia_ulmoides.rga.cds.fa.records.tsv
Eucommia_ulmoides	protein	Eucommia_ulmoides.rga.pro.fa	downloads/sequences/protein/Eucommia_ulmoides.rga.pro.fa	1316	623695	49	473.93237082066867	439.5	94.75	981.75	1806	611	0	0	0	0	0	0	0	model_project/data_audit/results/per_file_records/protein/Eucommia_ulmoides.rga.pro.fa.records.tsv
Euphorbia_lathyris	CDS	Euphorbia_lathyris.rga.cds.fa	downloads/sequences/CDS/Euphorbia_lathyris.rga.cds.fa	1389	2733660	153	1968.0777537796976	1848	488.40000000000003	3887.9999999999973	8976	2343	0	0	0	4	6	1	0	model_project/data_audit/results/per_file_records/CDS/Euphorbia_lathyris.rga.cds.fa.records.tsv
Euphorbia_lathyris	protein	Euphorbia_lathyris.rga.pro.fa	downloads/sequences/protein/Euphorbia_lathyris.rga.pro.fa	1389	909830	50	655.0251979841613	615	161.8	1294.999999999999	2991	781	0	0	0	0	0	0	0	model_project/data_audit/results/per_file_records/protein/Euphorbia_lathyris.rga.pro.fa.records.tsv
Euryale_ferox	CDS	Euryale_ferox.rga.cds.fa	downloads/sequences/CDS/Euryale_ferox.rga.cds.fa	1942	3885060	204	2000.5458290422246	1879.5	675.3	3809.8499999999995	7107	2307	0	0	0	0	2	2	0	model_project/data_audit/results/per_file_records/CDS/Euryale_ferox.rga.cds.fa.records.tsv
Euryale_ferox	protein	Euryale_ferox.rga.pro.fa	downloads/sequences/protein/Euryale_ferox.rga.pro.fa	1942	1293080	67	665.849639546859	625.5	224.10000000000002	1268.9499999999998	2368	768	0	0	0	0	0	0	0	model_project/data_audit/results/per_file_records/protein/Euryale_ferox.rga.pro.fa.records.tsv
Euscaphis_japonica	CDS	Euscaphis_japonica.rga.cds.fa	downloads/sequences/CDS/Euscaphis_japonica.rga.cds.fa	1658	3020388	210	1821.7056694813027	1785.0	471.0	3337.3499999999985	10977	2127	0	0	0	0	0	0	0	model_project/data_audit/results/per_file_records/CDS/Euscaphis_japonica.rga.cds.fa.records.tsv
Euscaphis_japonica	protein	Euscaphis_japonica.rga.pro.fa	downloads/sequences/protein/Euscaphis_japonica.rga.pro.fa	1658	1005138	69	606.2352231604342	594.0	156.0	1111.4499999999996	3658	708	0	0	0	0	0	0	0	model_project/data_audit/results/per_file_records/protein/Euscaphis_japonica.rga.pro.fa.records.tsv
Eutrema_japonicum	CDS	Eutrema_japonicum.rga.cds.fa	downloads/sequences/CDS/Eutrema_japonicum.rga.cds.fa	703	1472310	528	2094.324324324324	1977	1027.8	3414.0	4974	2292	0	0	0	0	115	703	0	model_project/data_audit/results/per_file_records/CDS/Eutrema_japonicum.rga.cds.fa.records.tsv
Eutrema_japonicum	protein	Eutrema_japonicum.rga.pro.fa	downloads/sequences/protein/Eutrema_japonicum.rga.pro.fa	703	490770	176	698.1081081081081	659	342.6	1138.0	1658	764	0	0	0	0	0	0	0	model_project/data_audit/results/per_file_records/protein/Eutrema_japonicum.rga.pro.fa.records.tsv
Eutrema_salsugineum	CDS	Eutrema_salsugineum.rga.cds.fa	downloads/sequences/CDS/Eutrema_salsugineum.rga.cds.fa	1350	2543979	264	1884.4288888888889	1842.0	791.7	3300.5999999999995	5082	2139	0	0	0	0	61	82	0	model_project/data_audit/results/per_file_records/CDS/Eutrema_salsugineum.rga.cds.fa.records.tsv
Eutrema_salsugineum	protein	Eutrema_salsugineum.rga.pro.fa	downloads/sequences/protein/Eutrema_salsugineum.rga.pro.fa	1350	846725	88	627.2037037037037	613.5	262.9	1099.7499999999998	1693	713	0	0	0	0	0	0	0	model_project/data_audit/results/per_file_records/protein/Eutrema_salsugineum.rga.pro.fa.records.tsv
Fagopyrum_cymosum	CDS	Fagopyrum_cymosum.rga.cds.fa	downloads/sequences/CDS/Fagopyrum_cymosum.rga.cds.fa	1860	2964396	306	1593.7612903225806	1392.0	524.85	3135.15	6114	1878	0	0	0	0	157	54	0	model_project/data_audit/results/per_file_records/CDS/Fagopyrum_cymosum.rga.cds.fa.records.tsv
Fagopyrum_cymosum	protein	Fagopyrum_cymosum.rga.pro.fa	downloads/sequences/protein/Fagopyrum_cymosum.rga.pro.fa	1860	986326	101	530.2827956989247	463.0	173.95	1044.05	2037	625	0	0	0	0	0	0	0	model_project/data_audit/results/per_file_records/protein/Fagopyrum_cymosum.rga.pro.fa.records.tsv
Fagopyrum_esculentum	CDS	Fagopyrum_esculentum.rga.cds.fa	downloads/sequences/CDS/Fagopyrum_esculentum.rga.cds.fa	2396	3338060	150	1393.1803005008346	1113.0	273.75	3372.0	9912	2067	0	0	0	545	590	531	0	model_project/data_audit/results/per_file_records/CDS/Fagopyrum_esculentum.rga.cds.fa.records.tsv
Fagopyrum_esculentum	protein	Fagopyrum_esculentum.rga.pro.fa	downloads/sequences/protein/Fagopyrum_esculentum.rga.pro.fa	2396	1110507	50	463.4837228714524	370.0	90.0	1123.0	3302	689	0	0	0	0	0	0	0	model_project/data_audit/results/per_file_records/protein/Fagopyrum_esculentum.rga.pro.fa.records.tsv
Fagopyrum_homotropicum	CDS	Fagopyrum_homotropicum.rga.cds.fa	downloads/sequences/CDS/Fagopyrum_homotropicum.rga.cds.fa	1346	1707978	150	1268.9286775631501	742.0	255.0	3730.5	9912	2178	0	0	0	518	550	511	0	model_project/data_audit/results/per_file_records/CDS/Fagopyrum_homotropicum.rga.cds.fa.records.tsv
Fagopyrum_homotropicum	protein	Fagopyrum_homotropicum.rga.pro.fa	downloads/sequences/protein/Fagopyrum_homotropicum.rga.pro.fa	1346	568276	50	422.1961367013373	247.5	85.0	1242.5	3303	725	0	0	0	0	0	0	39	model_project/data_audit/results/per_file_records/protein/Fagopyrum_homotropicum.rga.pro.fa.records.tsv
Fagopyrum_tataricum	CDS	Fagopyrum_tataricum.rga.cds.fa	downloads/sequences/CDS/Fagopyrum_tataricum.rga.cds.fa	1559	2323290	78	1490.24374599102	1350	357.0	2916.2999999999997	5145	1824	0	0	0	0	31	20	0	model_project/data_audit/results/per_file_records/CDS/Fagopyrum_tataricum.rga.cds.fa.records.tsv
Fagopyrum_tataricum	protein	Fagopyrum_tataricum.rga.pro.fa	downloads/sequences/protein/Fagopyrum_tataricum.rga.pro.fa	1559	772891	25	495.76074406670944	449	118.0	971.0999999999999	1714	607	0	0	0	0	0	0	0	model_project/data_audit/results/per_file_records/protein/Fagopyrum_tataricum.rga.pro.fa.records.tsv
Faidherbia_albida	CDS	Faidherbia_albida.rga.cds.fa	downloads/sequences/CDS/Faidherbia_albida.rga.cds.fa	1903	3598398	180	1890.9080399369416	1764	384.0	3903.0	11445	2331	0	0	0	0	0	0	0	model_project/data_audit/results/per_file_records/CDS/Faidherbia_albida.rga.cds.fa.records.tsv
Faidherbia_albida	protein	Faidherbia_albida.rga.pro.fa	downloads/sequences/protein/Faidherbia_albida.rga.pro.fa	1903	1197557	59	629.2995270625329	587	127.0	1300.0	3814	776	0	0	0	0	0	0	0	model_project/data_audit/results/per_file_records/protein/Faidherbia_albida.rga.pro.fa.records.tsv
Fallopia_multiflora	CDS	Fallopia_multiflora.rga.cds.fa	downloads/sequences/CDS/Fallopia_multiflora.rga.cds.fa	1827	3265468	156	1787.3388067870826	1692	432.0	3300.0	6237	2121	0	0	0	16	15	9	0	model_project/data_audit/results/per_file_records/CDS/Fallopia_multiflora.rga.cds.fa.records.tsv
Fallopia_multiflora	protein	Fallopia_multiflora.rga.pro.fa	downloads/sequences/protein/Fallopia_multiflora.rga.pro.fa	1827	1088480	52	595.7744937055282	564	144.0	1100.0	2079	707	0	0	0	0	0	0	1814	model_project/data_audit/results/per_file_records/protein/Fallopia_multiflora.rga.pro.fa.records.tsv
Ficus_carica	CDS	Ficus_carica.rga.cds.fa	downloads/sequences/CDS/Ficus_carica.rga.cds.fa	1754	2958296	92	1686.599771949829	1557.0	346.95000000000005	3357.0	8628	2172	0	0	0	104	226	86	0	model_project/data_audit/results/per_file_records/CDS/Ficus_carica.rga.cds.fa.records.tsv
Ficus_carica	protein	Ficus_carica.rga.pro.fa	downloads/sequences/protein/Ficus_carica.rga.pro.fa	1754	984372	30	561.2155074116306	518.0	114.65	1118.0	2875	723	0	0	0	0	0	0	0	model_project/data_audit/results/per_file_records/protein/Ficus_carica.rga.pro.fa.records.tsv
Ficus_hispida	CDS	Ficus_hispida.rga.cds.fa	downloads/sequences/CDS/Ficus_hispida.rga.cds.fa	2094	4293183	129	2050.230659025788	1941.0	456.0	3902.0999999999995	14583	2541	0	0	0	0	83	111	0	model_project/data_audit/results/per_file_records/CDS/Ficus_hispida.rga.cds.fa.records.tsv
Ficus_hispida	protein	Ficus_hispida.rga.pro.fa	downloads/sequences/protein/Ficus_hispida.rga.pro.fa	2094	1429040	43	682.4450811843362	646.0	151.0	1299.6999999999998	4860	847	0	0	0	0	0	0	1	model_project/data_audit/results/per_file_records/protein/Ficus_hispida.rga.pro.fa.records.tsv
Ficus_microcarpa	CDS	Ficus_microcarpa.rga.cds.fa	downloads/sequences/CDS/Ficus_microcarpa.rga.cds.fa	1944	3714891	60	1910.9521604938273	1831.5	486.45000000000005	3635.5499999999997	6699	2391	0	0	0	0	162	131	0	model_project/data_audit/results/per_file_records/CDS/Ficus_microcarpa.rga.cds.fa.records.tsv
Ficus_microcarpa	protein	Ficus_microcarpa.rga.pro.fa	downloads/sequences/protein/Ficus_microcarpa.rga.pro.fa	1944	1236459	20	636.0385802469136	609.5	161.15	1210.85	2232	796	0	0	0	0	0	0	0	model_project/data_audit/results/per_file_records/protein/Ficus_microcarpa.rga.pro.fa.records.tsv
Fontinalis_antipyretica	CDS	Fontinalis_antipyretica.rga.cds.fa	downloads/sequences/CDS/Fontinalis_antipyretica.rga.cds.fa	616	1181892	171	1918.655844155844	1819.5	512.25	3553.5	5145	2313	0	0	0	0	29	33	0	model_project/data_audit/results/per_file_records/CDS/Fontinalis_antipyretica.rga.cds.fa.records.tsv
Fontinalis_antipyretica	protein	Fontinalis_antipyretica.rga.pro.fa	downloads/sequences/protein/Fontinalis_antipyretica.rga.pro.fa	616	393381	57	638.6055194805194	605.5	170.5	1183.5	1714	770	0	0	0	0	0	0	0	model_project/data_audit/results/per_file_records/protein/Fontinalis_antipyretica.rga.pro.fa.records.tsv
Fragaria_ananassa	CDS	Fragaria_ananassa.rga.cds.fa	downloads/sequences/CDS/Fragaria_ananassa.rga.cds.fa	5344	11221977	150	2099.920845808383	1884.0	483.0	4457.549999999998	15867	2562	0	0	0	0	180	189	0	model_project/data_audit/results/per_file_records/CDS/Fragaria_ananassa.rga.cds.fa.records.tsv
Fragaria_ananassa	protein	Fragaria_ananassa.rga.pro.fa	downloads/sequences/protein/Fragaria_ananassa.rga.pro.fa	5344	3735464	50	699.001497005988	627.0	160.0	1484.8499999999995	5288	853	0	0	0	0	0	0	0	model_project/data_audit/results/per_file_records/protein/Fragaria_ananassa.rga.pro.fa.records.tsv
Fragaria_daltoniana	CDS	Fragaria_daltoniana.rga.cds.fa	downloads/sequences/CDS/Fragaria_daltoniana.rga.cds.fa	1518	2772183	159	1826.207509881423	1654.5	455.55	3666.0	9186	2199	0	0	0	0	5	1	0	model_project/data_audit/results/per_file_records/CDS/Fragaria_daltoniana.rga.cds.fa.records.tsv
Fragaria_daltoniana	protein	Fragaria_daltoniana.rga.pro.fa	downloads/sequences/protein/Fragaria_daltoniana.rga.pro.fa	1518	922544	52	607.7364953886693	550.5	150.85	1221.0	3061	732	0	0	0	0	0	0	0	model_project/data_audit/results/per_file_records/protein/Fragaria_daltoniana.rga.pro.fa.records.tsv
Fragaria_iinumae	CDS	Fragaria_iinumae.rga.cds.fa	downloads/sequences/CDS/Fragaria_iinumae.rga.cds.fa	1354	2533481	183	1871.1085672082718	1776.0	510.9	3595.199999999999	7956	2238	0	0	0	4	5	2	0	model_project/data_audit/results/per_file_records/CDS/Fragaria_iinumae.rga.cds.fa.records.tsv
Fragaria_iinumae	protein	Fragaria_iinumae.rga.pro.fa	downloads/sequences/protein/Fragaria_iinumae.rga.pro.fa	1354	843141	60	622.7038404726735	591.0	169.3	1197.3999999999996	2651	745	0	0	0	0	0	0	0	model_project/data_audit/results/per_file_records/protein/Fragaria_iinumae.rga.pro.fa.records.tsv
Fragaria_mandshurica	CDS	Fragaria_mandshurica.rga.cds.fa	downloads/sequences/CDS/Fragaria_mandshurica.rga.cds.fa	1161	1965229	174	1692.7037037037037	1557	491	3291	5808	2016	0	0	0	9	4	7	0	model_project/data_audit/results/per_file_records/CDS/Fragaria_mandshurica.rga.cds.fa.records.tsv
Fragaria_mandshurica	protein	Fragaria_mandshurica.rga.pro.fa	downloads/sequences/protein/Fragaria_mandshurica.rga.pro.fa	1161	653919	57	563.2377260981912	518	163	1096	1935	671	0	0	0	0	0	0	0	model_project/data_audit/results/per_file_records/protein/Fragaria_mandshurica.rga.pro.fa.records.tsv
Fragaria_nilgerrensis	CDS	Fragaria_nilgerrensis.rga.cds.fa	downloads/sequences/CDS/Fragaria_nilgerrensis.rga.cds.fa	1160	2005927	150	1729.2474137931035	1569.0	408.0	3420.2999999999997	7593	2058	0	0	0	4	2	5	0	model_project/data_audit/results/per_file_records/CDS/Fragaria_nilgerrensis.rga.cds.fa.records.tsv
Fragaria_nilgerrensis	protein	Fragaria_nilgerrensis.rga.pro.fa	downloads/sequences/protein/Fragaria_nilgerrensis.rga.pro.fa	1160	667487	49	575.4198275862069	522.0	135.0	1139.1	2530	685	0	0	0	0	0	0	0	model_project/data_audit/results/per_file_records/protein/Fragaria_nilgerrensis.rga.pro.fa.records.tsv
Fragaria_nubicola	CDS	Fragaria_nubicola.rga.cds.fa	downloads/sequences/CDS/Fragaria_nubicola.rga.cds.fa	1338	2249027	186	1680.8871449925261	1528.5	434.55	3319.7999999999984	6891	2025	0	0	0	1	4	2	0	model_project/data_audit/results/per_file_records/CDS/Fragaria_nubicola.rga.cds.fa.records.tsv
Fragaria_nubicola	protein	Fragaria_nubicola.rga.pro.fa	downloads/sequences/protein/Fragaria_nubicola.rga.pro.fa	1338	748339	61	559.296711509716	508.5	143.85000000000002	1105.5999999999995	2296	674	0	0	0	0	0	0	0	model_project/data_audit/results/per_file_records/protein/Fragaria_nubicola.rga.pro.fa.records.tsv
Fragaria_pentaphylla	CDS	Fragaria_pentaphylla.rga.cds.fa	downloads/sequences/CDS/Fragaria_pentaphylla.rga.cds.fa	1022	1820208	216	1781.0254403131116	1659.0	537.0	3349.1999999999975	7761	2061	0	0	0	2	6	2	0	model_project/data_audit/results/per_file_records/CDS/Fragaria_pentaphylla.rga.cds.fa.records.tsv
Fragaria_pentaphylla	protein	Fragaria_pentaphylla.rga.pro.fa	downloads/sequences/protein/Fragaria_pentaphylla.rga.pro.fa	1022	605716	71	592.6771037181996	552.0	178.0	1115.3999999999992	2586	686	0	0	0	0	0	0	0	model_project/data_audit/results/per_file_records/protein/Fragaria_pentaphylla.rga.pro.fa.records.tsv
Fragaria_vesca	CDS	Fragaria_vesca.rga.cds.fa	downloads/sequences/CDS/Fragaria_vesca.rga.cds.fa	1695	4579043	192	2701.5002949852505	2446	597.0	5570.5999999999985	14629	3243	0	0	0	709	903	932	0	model_project/data_audit/results/per_file_records/CDS/Fragaria_vesca.rga.cds.fa.records.tsv
Fragaria_vesca	protein	Fragaria_vesca.rga.pro.fa	downloads/sequences/protein/Fragaria_vesca.rga.pro.fa	1695	1237752	63	730.237168141593	658	173.7	1480.3	4812	900	0	0	0	0	0	0	0	model_project/data_audit/results/per_file_records/protein/Fragaria_vesca.rga.pro.fa.records.tsv
Fragaria_x_ananassa	CDS	Fragaria_x_ananassa.rga.cds.fa	downloads/sequences/CDS/Fragaria_x_ananassa.rga.cds.fa	5344	11221977	150	2099.920845808383	1884.0	483.0	4457.549999999998	15867	2562	0	0	0	0	180	189	0	model_project/data_audit/results/per_file_records/CDS/Fragaria_x_ananassa.rga.cds.fa.records.tsv
Fragaria_x_ananassa	protein	Fragaria_x_ananassa.rga.pro.fa	downloads/sequences/protein/Fragaria_x_ananassa.rga.pro.fa	5344	3740659	50	699.9736152694611	628.0	161.0	1485.8499999999995	5289	854	0	0	0	0	0	0	5155	model_project/data_audit/results/per_file_records/protein/Fragaria_x_ananassa.rga.pro.fa.records.tsv
Fraxinus_excelsior	CDS	Fraxinus_excelsior.rga.cds.fa	downloads/sequences/CDS/Fraxinus_excelsior.rga.cds.fa	2107	3685243	147	1749.047460844803	1632	477.0	3280.199999999999	6585	2088	0	0	0	105	194	138	0	model_project/data_audit/results/per_file_records/CDS/Fraxinus_excelsior.rga.cds.fa.records.tsv
Fraxinus_excelsior	protein	Fraxinus_excelsior.rga.pro.fa	downloads/sequences/protein/Fraxinus_excelsior.rga.pro.fa	2107	1226118	48	581.9259610821073	542	158.0	1089.7999999999993	2194	696	0	0	0	0	0	0	0	model_project/data_audit/results/per_file_records/protein/Fraxinus_excelsior.rga.pro.fa.records.tsv
Fraxinus_pennsylvanica	CDS	Fraxinus_pennsylvanica.rga.cds.fa	downloads/sequences/CDS/Fraxinus_pennsylvanica.rga.cds.fa	1890	3198531	300	1692.3444444444444	1545.0	448.35	3335.249999999999	6591	2022	0	0	0	0	0	0	0	model_project/data_audit/results/per_file_records/CDS/Fraxinus_pennsylvanica.rga.cds.fa.records.tsv
Fraxinus_pennsylvanica	protein	Fraxinus_pennsylvanica.rga.pro.fa	downloads/sequences/protein/Fraxinus_pennsylvanica.rga.pro.fa	1890	1064225	99	563.0820105820105	514.0	148.45	1110.7499999999998	2196	673	0	0	0	0	0	0	0	model_project/data_audit/results/per_file_records/protein/Fraxinus_pennsylvanica.rga.pro.fa.records.tsv
Galdieria_sulphuraria	CDS	Galdieria_sulphuraria.rga.cds.fa	downloads/sequences/CDS/Galdieria_sulphuraria.rga.cds.fa	124	213066	201	1718.274193548387	1536.0	682.6500000000001	3007.5	5658	1980	0	0	0	0	1	0	0	model_project/data_audit/results/per_file_records/CDS/Galdieria_sulphuraria.rga.cds.fa.records.tsv
Galdieria_sulphuraria	protein	Galdieria_sulphuraria.rga.pro.fa	downloads/sequences/protein/Galdieria_sulphuraria.rga.pro.fa	124	70898	66	571.758064516129	511.0	226.55	1001.4999999999999	1885	659	0	0	0	0	0	0	0	model_project/data_audit/results/per_file_records/protein/Galdieria_sulphuraria.rga.pro.fa.records.tsv
Gastrodia_elata	CDS	Gastrodia_elata.rga.cds.fa	downloads/sequences/CDS/Gastrodia_elata.rga.cds.fa	1296	2200506	171	1697.9212962962963	1489.5	600.0	3303.0	7647	1929	0	0	0	0	0	0	0	model_project/data_audit/results/per_file_records/CDS/Gastrodia_elata.rga.cds.fa.records.tsv
Gastrodia_elata	protein	Gastrodia_elata.rga.pro.fa	downloads/sequences/protein/Gastrodia_elata.rga.pro.fa	1296	732206	56	564.9737654320987	495.5	199.0	1100.0	2548	642	0	0	0	0	0	0	0	model_project/data_audit/results/per_file_records/protein/Gastrodia_elata.rga.pro.fa.records.tsv
Gastrodia_menghaiensis	CDS	Gastrodia_menghaiensis.rga.cds.fa	downloads/sequences/CDS/Gastrodia_menghaiensis.rga.cds.fa	686	1208436	222	1761.5685131195335	1578.0	559.5	3306.75	4944	2025	0	0	0	6	6	6	0	model_project/data_audit/results/per_file_records/CDS/Gastrodia_menghaiensis.rga.cds.fa.records.tsv
Gastrodia_menghaiensis	protein	Gastrodia_menghaiensis.rga.pro.fa	downloads/sequences/protein/Gastrodia_menghaiensis.rga.pro.fa	686	402131	73	586.1967930029155	525.0	185.5	1101.25	1647	674	0	0	0	0	0	0	0	model_project/data_audit/results/per_file_records/protein/Gastrodia_menghaiensis.rga.pro.fa.records.tsv
Genlisea_aurea	CDS	Genlisea_aurea.rga.cds.fa	downloads/sequences/CDS/Genlisea_aurea.rga.cds.fa	647	935880	153	1446.4914992272024	1281	462.0000000000001	2879.399999999999	5064	1725	0	0	0	0	389	385	0	model_project/data_audit/results/per_file_records/CDS/Genlisea_aurea.rga.cds.fa.records.tsv
Genlisea_aurea	protein	Genlisea_aurea.rga.pro.fa	downloads/sequences/protein/Genlisea_aurea.rga.pro.fa	647	311698	50	481.75888717156107	426	153.30000000000004	959.7999999999997	1687	575	0	0	0	0	0	0	0	model_project/data_audit/results/per_file_records/protein/Genlisea_aurea.rga.pro.fa.records.tsv
Gilia_yorkii	CDS	Gilia_yorkii.rga.cds.fa	downloads/sequences/CDS/Gilia_yorkii.rga.cds.fa	2167	3909117	87	1803.930318412552	1668	354.0	3816.5999999999967	8499	2265	0	0	0	0	126	113	0	model_project/data_audit/results/per_file_records/CDS/Gilia_yorkii.rga.cds.fa.records.tsv
Gilia_yorkii	protein	Gilia_yorkii.rga.pro.fa	downloads/sequences/protein/Gilia_yorkii.rga.pro.fa	2167	1300985	28	600.3622519612368	555	117.0	1271.199999999999	2832	754	0	0	0	0	0	0	0	model_project/data_audit/results/per_file_records/protein/Gilia_yorkii.rga.pro.fa.records.tsv
Gillenia_trifoliata	CDS	Gillenia_trifoliata.rga.cds.fa	downloads/sequences/CDS/Gillenia_trifoliata.rga.cds.fa	1470	2544255	219	1730.7857142857142	1623.0	395.70000000000005	3423.0	6168	2145	0	0	0	0	0	0	0	model_project/data_audit/results/per_file_records/CDS/Gillenia_trifoliata.rga.cds.fa.records.tsv
Gillenia_trifoliata	protein	Gillenia_trifoliata.rga.pro.fa	downloads/sequences/protein/Gillenia_trifoliata.rga.pro.fa	1470	846615	72	575.9285714285714	540.0	130.9	1140.0	2055	714	0	0	0	0	0	0	0	model_project/data_audit/results/per_file_records/protein/Gillenia_trifoliata.rga.pro.fa.records.tsv
Ginkgo_biloba	CDS	Ginkgo_biloba.rga.cds.fa	downloads/sequences/CDS/Ginkgo_biloba.rga.cds.fa	1798	3301042	120	1835.952169076752	1816.5	414.0	3597.8999999999996	6105	2316	0	0	0	42	61	60	0	model_project/data_audit/results/per_file_records/CDS/Ginkgo_biloba.rga.cds.fa.records.tsv
Ginkgo_biloba	protein	Ginkgo_biloba.rga.pro.fa	downloads/sequences/protein/Ginkgo_biloba.rga.pro.fa	1798	1098586	39	611.0044493882091	604.5	137.0	1198.2999999999997	2034	771	0	0	0	0	0	0	0	model_project/data_audit/results/per_file_records/protein/Ginkgo_biloba.rga.pro.fa.records.tsv
Glebionis_coronaria	CDS	Glebionis_coronaria.rga.cds.fa	downloads/sequences/CDS/Glebionis_coronaria.rga.cds.fa	2550	4076370	201	1598.5764705882352	1404.0	363.0	3255.2999999999984	6621	2058	0	0	0	0	137	0	0	model_project/data_audit/results/per_file_records/CDS/Glebionis_coronaria.rga.cds.fa.records.tsv
Glebionis_coronaria	protein	Glebionis_coronaria.rga.pro.fa	downloads/sequences/protein/Glebionis_coronaria.rga.pro.fa	2550	1356240	66	531.8588235294118	467.0	120.0	1084.0999999999995	2206	685	0	0	0	0	0	0	0	model_project/data_audit/results/per_file_records/protein/Glebionis_coronaria.rga.pro.fa.records.tsv
Glycine_max	CDS	Glycine_max.rga.cds.fa	downloads/sequences/CDS/Glycine_max.rga.cds.fa	3119	6173244	177	1979.2382173773644	1923	552.0	3567.5999999999995	11154	2397	0	0	0	0	7	10	0	model_project/data_audit/results/per_file_records/CDS/Glycine_max.rga.cds.fa.records.tsv
Glycine_max	protein	Glycine_max.rga.pro.fa	downloads/sequences/protein/Glycine_max.rga.pro.fa	3119	2057748	59	659.7460724591215	641	184.0	1189.1999999999998	3718	799	0	0	0	0	0	0	3109	model_project/data_audit/results/per_file_records/protein/Glycine_max.rga.pro.fa.records.tsv
Glycine_soja	CDS	Glycine_soja.rga.cds.fa	downloads/sequences/CDS/Glycine_soja.rga.cds.fa	2920	5786115	141	1981.5462328767123	1917.0	641.8500000000001	3486.149999999999	9501	2316	0	0	0	0	14	16	0	model_project/data_audit/results/per_file_records/CDS/Glycine_soja.rga.cds.fa.records.tsv
Glycine_soja	protein	Glycine_soja.rga.pro.fa	downloads/sequences/protein/Glycine_soja.rga.pro.fa	2920	1925801	46	659.5208904109589	638.0	212.95000000000002	1161.0499999999997	3166	774	0	0	0	0	0	0	0	model_project/data_audit/results/per_file_records/protein/Glycine_soja.rga.pro.fa.records.tsv
Gnetum_montanum	CDS	Gnetum_montanum.rga.cds.fa	downloads/sequences/CDS/Gnetum_montanum.rga.cds.fa	1836	2339687	151	1274.3393246187363	1087.5	214.5	3009.0	5937	1845	0	0	0	463	441	594	0	model_project/data_audit/results/per_file_records/CDS/Gnetum_montanum.rga.cds.fa.records.tsv
Gnetum_montanum	protein	Gnetum_montanum.rga.pro.fa	downloads/sequences/protein/Gnetum_montanum.rga.pro.fa	1836	778387	49	423.9580610021786	361.5	71.0	1002.0	1978	614	0	0	0	0	0	0	0	model_project/data_audit/results/per_file_records/protein/Gnetum_montanum.rga.pro.fa.records.tsv
Gonium_pectorale	CDS	Gonium_pectorale.rga.cds.fa	downloads/sequences/CDS/Gonium_pectorale.rga.cds.fa	697	1450770	231	2081.449067431851	1773	585.0	4292.999999999996	11751	2658	0	0	0	0	1	0	0	model_project/data_audit/results/per_file_records/CDS/Gonium_pectorale.rga.cds.fa.records.tsv
Gonium_pectorale	protein	Gonium_pectorale.rga.pro.fa	downloads/sequences/protein/Gonium_pectorale.rga.pro.fa	697	482893	76	692.816355810617	590	194.0	1429.9999999999986	3916	885	0	0	0	0	0	0	0	model_project/data_audit/results/per_file_records/protein/Gonium_pectorale.rga.pro.fa.records.tsv
Gossypium_anomalum	CDS	Gossypium_anomalum.rga.cds.fa	downloads/sequences/CDS/Gossypium_anomalum.rga.cds.fa	2202	4856988	390	2205.716621253406	2047.5	1008.1500000000001	3855.0	8961	2514	0	0	0	0	1	1	0	model_project/data_audit/results/per_file_records/CDS/Gossypium_anomalum.rga.cds.fa.records.tsv
Gossypium_anomalum	protein	Gossypium_anomalum.rga.pro.fa	downloads/sequences/protein/Gossypium_anomalum.rga.pro.fa	2202	1618996	130	735.2388737511353	682.5	336.05	1285.0	2987	838	2201	0	0	0	0	0	0	model_project/data_audit/results/per_file_records/protein/Gossypium_anomalum.rga.pro.fa.records.tsv
Gossypium_arboreum	CDS	Gossypium_arboreum.rga.cds.fa	downloads/sequences/CDS/Gossypium_arboreum.rga.cds.fa	2295	4760121	288	2074.126797385621	1950	758.0999999999999	3775.7999999999984	7872	2442	0	0	0	6	13	15	0	model_project/data_audit/results/per_file_records/CDS/Gossypium_arboreum.rga.cds.fa.records.tsv
Gossypium_arboreum	protein	Gossypium_arboreum.rga.pro.fa	downloads/sequences/protein/Gossypium_arboreum.rga.pro.fa	2295	1584425	95	690.3812636165577	649	251.7	1257.5999999999995	2623	813	0	0	0	0	0	0	10	model_project/data_audit/results/per_file_records/protein/Gossypium_arboreum.rga.pro.fa.records.tsv
Gossypium_barbadense	CDS	Gossypium_barbadense.rga.cds.fa	downloads/sequences/CDS/Gossypium_barbadense.rga.cds.fa	4540	9533535	135	2099.897577092511	1983.0	791.85	3699.300000000001	10704	2442	0	0	0	0	100	81	0	model_project/data_audit/results/per_file_records/CDS/Gossypium_barbadense.rga.cds.fa.records.tsv
Gossypium_barbadense	protein	Gossypium_barbadense.rga.pro.fa	downloads/sequences/protein/Gossypium_barbadense.rga.pro.fa	4540	3173372	44	698.9806167400881	660.0	262.95000000000005	1232.1000000000004	3567	813	0	0	0	0	0	0	0	model_project/data_audit/results/per_file_records/protein/Gossypium_barbadense.rga.pro.fa.records.tsv
Gossypium_bickii	CDS	Gossypium_bickii.rga.cds.fa	downloads/sequences/CDS/Gossypium_bickii.rga.cds.fa	2123	4578963	219	2156.836081017428	2013	927.9000000000001	3824.6999999999994	8952	2466	0	0	0	0	0	1	0	model_project/data_audit/results/per_file_records/CDS/Gossypium_bickii.rga.cds.fa.records.tsv
Gossypium_bickii	protein	Gossypium_bickii.rga.pro.fa	downloads/sequences/protein/Gossypium_bickii.rga.pro.fa	2123	1526321	73	718.9453603391427	671	309.3	1274.8999999999999	2984	822	2122	0	0	0	0	0	0	model_project/data_audit/results/per_file_records/protein/Gossypium_bickii.rga.pro.fa.records.tsv
Gossypium_darwinii	CDS	Gossypium_darwinii.rga.cds.fa	downloads/sequences/CDS/Gossypium_darwinii.rga.cds.fa	4568	9703611	156	2124.2580998248686	2007.0	796.0500000000001	3786.899999999998	8634	2481	0	0	0	0	54	27	0	model_project/data_audit/results/per_file_records/CDS/Gossypium_darwinii.rga.cds.fa.records.tsv
Gossypium_darwinii	protein	Gossypium_darwinii.rga.pro.fa	downloads/sequences/protein/Gossypium_darwinii.rga.pro.fa	4568	3229996	51	707.0919439579685	668.0	264.35	1261.2999999999993	2877	826	0	0	0	0	0	0	0	model_project/data_audit/results/per_file_records/protein/Gossypium_darwinii.rga.pro.fa.records.tsv
Gossypium_herbaceum	CDS	Gossypium_herbaceum.rga.cds.fa	downloads/sequences/CDS/Gossypium_herbaceum.rga.cds.fa	2291	4899723	219	2138.6831078131822	1998	795.0	3835.5	8217	2502	0	0	0	0	2	0	0	model_project/data_audit/results/per_file_records/CDS/Gossypium_herbaceum.rga.cds.fa.records.tsv
Gossypium_herbaceum	protein	Gossypium_herbaceum.rga.pro.fa	downloads/sequences/protein/Gossypium_herbaceum.rga.pro.fa	2291	1630950	72	711.8943692710607	665	264.0	1277.5	2738	834	0	0	0	0	0	0	0	model_project/data_audit/results/per_file_records/protein/Gossypium_herbaceum.rga.pro.fa.records.tsv
Gossypium_hirsutum	CDS	Gossypium_hirsutum.rga.cds.fa	downloads/sequences/CDS/Gossypium_hirsutum.rga.cds.fa	4388	9089736	135	2071.4986326344574	1983.0	811.0500000000001	3573.0	10371	2385	0	0	0	0	119	109	0	model_project/data_audit/results/per_file_records/CDS/Gossypium_hirsutum.rga.cds.fa.records.tsv
Gossypium_hirsutum	protein	Gossypium_hirsutum.rga.pro.fa	downloads/sequences/protein/Gossypium_hirsutum.rga.pro.fa	4388	3025633	44	689.5243846855059	660.0	269.35	1190.0	3456	794	0	0	0	0	0	0	0	model_project/data_audit/results/per_file_records/protein/Gossypium_hirsutum.rga.pro.fa.records.tsv
Gossypium_longicalyx	CDS	Gossypium_longicalyx.rga.cds.fa	downloads/sequences/CDS/Gossypium_longicalyx.rga.cds.fa	2177	4745370	189	2179.774919614148	2022	962.4000000000001	3876.0	10620	2523	0	0	0	0	0	0	0	model_project/data_audit/results/per_file_records/CDS/Gossypium_longicalyx.rga.cds.fa.records.tsv
Gossypium_longicalyx	protein	Gossypium_longicalyx.rga.pro.fa	downloads/sequences/protein/Gossypium_longicalyx.rga.pro.fa	2177	1579613	62	725.5916398713827	673	319.8	1291.0	3539	840	0	0	0	0	0	0	0	model_project/data_audit/results/per_file_records/protein/Gossypium_longicalyx.rga.pro.fa.records.tsv
Gossypium_raimondii	CDS	Gossypium_raimondii.rga.cds.fa	downloads/sequences/CDS/Gossypium_raimondii.rga.cds.fa	2288	4726242	219	2065.6652097902097	1983.0	808.0500000000001	3585.0	8961	2388	0	0	0	0	130	73	0	model_project/data_audit/results/per_file_records/CDS/Gossypium_raimondii.rga.cds.fa.records.tsv
Gossypium_raimondii	protein	Gossypium_raimondii.rga.pro.fa	downloads/sequences/protein/Gossypium_raimondii.rga.pro.fa	2288	1573199	72	687.5869755244755	660.0	268.35	1194.0	2986	796	0	0	0	0	0	0	0	model_project/data_audit/results/per_file_records/protein/Gossypium_raimondii.rga.pro.fa.records.tsv
Gossypium_rotundifolium	CDS	Gossypium_rotundifolium.rga.cds.fa	downloads/sequences/CDS/Gossypium_rotundifolium.rga.cds.fa	2086	4354956	207	2087.706615532119	1977.0	816.75	3610.5	8553	2424	0	0	0	0	0	0	0	model_project/data_audit/results/per_file_records/CDS/Gossypium_rotundifolium.rga.cds.fa.records.tsv
Gossypium_rotundifolium	protein	Gossypium_rotundifolium.rga.pro.fa	downloads/sequences/protein/Gossypium_rotundifolium.rga.pro.fa	2086	1449566	68	694.9022051773729	658.0	271.25	1202.5	2850	807	0	0	0	0	0	0	0	model_project/data_audit/results/per_file_records/protein/Gossypium_rotundifolium.rga.pro.fa.records.tsv
Gossypium_stocksii	CDS	Gossypium_stocksii.rga.cds.fa	downloads/sequences/CDS/Gossypium_stocksii.rga.cds.fa	2272	4984197	222	2193.748679577465	2046.0	936.0	3857.699999999999	8211	2544	0	0	0	0	0	1	0	model_project/data_audit/results/per_file_records/CDS/Gossypium_stocksii.rga.cds.fa.records.tsv
Gossypium_stocksii	protein	Gossypium_stocksii.rga.pro.fa	downloads/sequences/protein/Gossypium_stocksii.rga.pro.fa	2272	1661399	74	731.2495598591549	682.0	312.0	1285.8999999999996	2737	848	2271	0	0	0	0	0	0	model_project/data_audit/results/per_file_records/protein/Gossypium_stocksii.rga.pro.fa.records.tsv
Gossypium_sturtianum	CDS	Gossypium_sturtianum.rga.cds.fa	downloads/sequences/CDS/Gossypium_sturtianum.rga.cds.fa	2008	4243584	228	2113.338645418327	1980.0	960.0	3678.0	9057	2379	0	0	0	0	0	1	0	model_project/data_audit/results/per_file_records/CDS/Gossypium_sturtianum.rga.cds.fa.records.tsv
Gossypium_sturtianum	protein	Gossypium_sturtianum.rga.pro.fa	downloads/sequences/protein/Gossypium_sturtianum.rga.pro.fa	2008	1412521	75	703.4467131474104	659.0	319.0	1225.0	3018	792	0	0	0	0	0	0	0	model_project/data_audit/results/per_file_records/protein/Gossypium_sturtianum.rga.pro.fa.records.tsv
Gracilariopsis_chorda	CDS	Gracilariopsis_chorda.rga.cds.fa	downloads/sequences/CDS/Gracilariopsis_chorda.rga.cds.fa	234	433266	201	1851.5641025641025	1485.0	626.7	4036.9499999999994	5250	2172	0	0	0	0	0	0	0	model_project/data_audit/results/per_file_records/CDS/Gracilariopsis_chorda.rga.cds.fa.records.tsv
Gracilariopsis_chorda	protein	Gracilariopsis_chorda.rga.pro.fa	downloads/sequences/protein/Gracilariopsis_chorda.rga.pro.fa	234	144188	66	616.1880341880342	494.0	207.9	1344.6499999999999	1749	723	0	0	0	0	0	0	0	model_project/data_audit/results/per_file_records/protein/Gracilariopsis_chorda.rga.pro.fa.records.tsv
Guadua_angustifolia	CDS	Guadua_angustifolia.rga.cds.fa	downloads/sequences/CDS/Guadua_angustifolia.rga.cds.fa	4122	6380115	186	1547.8202328966522	1321.5	465.0	3266.699999999999	5871	1980	0	0	0	0	1084	1130	0	model_project/data_audit/results/per_file_records/CDS/Guadua_angustifolia.rga.cds.fa.records.tsv
Guadua_angustifolia	protein	Guadua_angustifolia.rga.pro.fa	downloads/sequences/protein/Guadua_angustifolia.rga.pro.fa	4122	2123713	61	515.2142163998059	440.0	154.05	1087.9499999999998	1956	659	0	0	0	0	0	0	0	model_project/data_audit/results/per_file_records/protein/Guadua_angustifolia.rga.pro.fa.records.tsv
Gypsophila_paniculata	CDS	Gypsophila_paniculata.rga.cds.fa	downloads/sequences/CDS/Gypsophila_paniculata.rga.cds.fa	1867	3686160	222	1974.3760042849492	1725	717.9000000000001	3892.199999999999	14334	2163	0	0	0	0	17	23	0	model_project/data_audit/results/per_file_records/CDS/Gypsophila_paniculata.rga.cds.fa.records.tsv
Gypsophila_paniculata	protein	Gypsophila_paniculata.rga.pro.fa	downloads/sequences/protein/Gypsophila_paniculata.rga.pro.fa	1867	1228720	74	658.1253347616497	575	239.3	1297.3999999999996	4778	721	1844	0	0	0	0	0	0	model_project/data_audit/results/per_file_records/protein/Gypsophila_paniculata.rga.pro.fa.records.tsv
Haloxylon_ammodendron	CDS	Haloxylon_ammodendron.rga.cds.fa	downloads/sequences/CDS/Haloxylon_ammodendron.rga.cds.fa	1511	2875348	201	1902.9437458636664	1803	525.0	3579.0	6012	2292	0	0	0	2	1	1	0	model_project/data_audit/results/per_file_records/CDS/Haloxylon_ammodendron.rga.cds.fa.records.tsv
Haloxylon_ammodendron	protein	Haloxylon_ammodendron.rga.pro.fa	downloads/sequences/protein/Haloxylon_ammodendron.rga.pro.fa	1511	956938	66	633.3143613500993	600	174.0	1192.0	2003	764	0	0	0	0	0	0	0	model_project/data_audit/results/per_file_records/protein/Haloxylon_ammodendron.rga.pro.fa.records.tsv
Helianthus_annuus	CDS	Helianthus_annuus.rga.cds.fa	downloads/sequences/CDS/Helianthus_annuus.rga.cds.fa	4395	8790705	240	2000.1604095563139	1902	612.0	3906.0	7032	2385	0	0	0	0	9	4	0	model_project/data_audit/results/per_file_records/CDS/Helianthus_annuus.rga.cds.fa.records.tsv
Helianthus_annuus	protein	Helianthus_annuus.rga.pro.fa	downloads/sequences/protein/Helianthus_annuus.rga.pro.fa	4395	2925844	79	665.7210466439135	633	203.0	1301.0	2343	794	0	0	0	0	0	0	0	model_project/data_audit/results/per_file_records/protein/Helianthus_annuus.rga.pro.fa.records.tsv
Helianthus_tuberosus	CDS	Helianthus_tuberosus.rga.cds.fa	downloads/sequences/CDS/Helianthus_tuberosus.rga.cds.fa	6624	9574572	201	1445.4365942028985	1290.0	354.0	3015.0	6477	1902	0	0	0	0	0	0	0	model_project/data_audit/results/per_file_records/CDS/Helianthus_tuberosus.rga.cds.fa.records.tsv
Helianthus_tuberosus	protein	Helianthus_tuberosus.rga.pro.fa	downloads/sequences/protein/Helianthus_tuberosus.rga.pro.fa	6624	3184900	66	480.81219806763283	429.0	117.0	1004.0	2158	633	0	0	0	0	0	0	0	model_project/data_audit/results/per_file_records/protein/Helianthus_tuberosus.rga.pro.fa.records.tsv
Heliophila_variabilis	CDS	Heliophila_variabilis.rga.cds.fa	downloads/sequences/CDS/Heliophila_variabilis.rga.cds.fa	1035	1828290	186	1766.463768115942	1620	532.2	3386.7	7149	2046	0	0	0	0	0	0	0	model_project/data_audit/results/per_file_records/CDS/Heliophila_variabilis.rga.cds.fa.records.tsv
Heliophila_variabilis	protein	Heliophila_variabilis.rga.pro.fa	downloads/sequences/protein/Heliophila_variabilis.rga.pro.fa	1035	609430	62	588.8212560386473	540	177.4	1128.8999999999999	2383	682	0	0	0	0	0	0	1035	model_project/data_audit/results/per_file_records/protein/Heliophila_variabilis.rga.pro.fa.records.tsv
Herpetospermum_pedunculosum	CDS	Herpetospermum_pedunculosum.rga.cds.fa	downloads/sequences/CDS/Herpetospermum_pedunculosum.rga.cds.fa	945	1816844	159	1922.5862433862435	1848	626.4000000000001	3407.3999999999996	8388	2184	0	0	0	3	5	2	0	model_project/data_audit/results/per_file_records/CDS/Herpetospermum_pedunculosum.rga.cds.fa.records.tsv
Herpetospermum_pedunculosum	protein	Herpetospermum_pedunculosum.rga.pro.fa	downloads/sequences/protein/Herpetospermum_pedunculosum.rga.pro.fa	945	604670	52	639.8624338624338	615	207.8	1134.8	2795	727	0	0	0	0	0	0	0	model_project/data_audit/results/per_file_records/protein/Herpetospermum_pedunculosum.rga.pro.fa.records.tsv
Hibiscus_cannabinus	CDS	Hibiscus_cannabinus.rga.cds.fa	downloads/sequences/CDS/Hibiscus_cannabinus.rga.cds.fa	748	1741872	96	2328.705882352941	1900.5	342.0	5666.849999999999	21273	2865	0	0	0	0	674	666	0	model_project/data_audit/results/per_file_records/CDS/Hibiscus_cannabinus.rga.cds.fa.records.tsv
Hibiscus_cannabinus	protein	Hibiscus_cannabinus.rga.pro.fa	downloads/sequences/protein/Hibiscus_cannabinus.rga.pro.fa	748	560504	29	749.336898395722	613.0	112.0	1804.25	6726	931	0	0	0	0	0	0	0	model_project/data_audit/results/per_file_records/protein/Hibiscus_cannabinus.rga.pro.fa.records.tsv
Hippophae_rhamnoides	CDS	Hippophae_rhamnoides.rga.cds.fa	downloads/sequences/CDS/Hippophae_rhamnoides.rga.cds.fa	1503	2823576	180	1878.6267465069861	1785	495.30000000000007	3565.7999999999984	9186	2193	0	0	0	0	0	0	0	model_project/data_audit/results/per_file_records/CDS/Hippophae_rhamnoides.rga.cds.fa.records.tsv
Hippophae_rhamnoides	protein	Hippophae_rhamnoides.rga.pro.fa	downloads/sequences/protein/Hippophae_rhamnoides.rga.pro.fa	1503	939689	59	625.2089155023286	594	164.10000000000002	1187.5999999999995	3061	731	0	0	0	0	0	0	0	model_project/data_audit/results/per_file_records/protein/Hippophae_rhamnoides.rga.pro.fa.records.tsv
Hirschfeldia_incana	CDS	Hirschfeldia_incana.rga.cds.fa	downloads/sequences/CDS/Hirschfeldia_incana.rga.cds.fa	1595	2995830	210	1878.2633228840125	1809	917.1	3268.8	5052	2040	0	0	0	0	2	0	0	model_project/data_audit/results/per_file_records/CDS/Hirschfeldia_incana.rga.cds.fa.records.tsv
Hirschfeldia_incana	protein	Hirschfeldia_incana.rga.pro.fa	downloads/sequences/protein/Hirschfeldia_incana.rga.pro.fa	1595	997015	69	625.0877742946708	602	304.7	1088.6	1683	679	0	0	0	0	0	0	0	model_project/data_audit/results/per_file_records/protein/Hirschfeldia_incana.rga.pro.fa.records.tsv
Hordeum_marinum	CDS	Hordeum_marinum.rga.cds.fa	downloads/sequences/CDS/Hordeum_marinum.rga.cds.fa	2744	5109381	159	1862.0193148688047	1827.0	450.0	3424.199999999999	7389	2280	0	0	0	0	0	0	0	model_project/data_audit/results/per_file_records/CDS/Hordeum_marinum.rga.cds.fa.records.tsv
Hordeum_marinum	protein	Hordeum_marinum.rga.pro.fa	downloads/sequences/protein/Hordeum_marinum.rga.pro.fa	2744	1700383	52	619.6731049562683	608.0	149.0	1140.3999999999996	2462	759	0	0	0	0	0	0	0	model_project/data_audit/results/per_file_records/protein/Hordeum_marinum.rga.pro.fa.records.tsv
Hordeum_spontaneum	CDS	Hordeum_spontaneum.rga.cds.fa	downloads/sequences/CDS/Hordeum_spontaneum.rga.cds.fa	2616	4680633	204	1789.2327981651376	1716.0	453.0	3312.0	7320	2181	0	0	0	0	33	14	0	model_project/data_audit/results/per_file_records/CDS/Hordeum_spontaneum.rga.cds.fa.records.tsv
Hordeum_spontaneum	protein	Hordeum_spontaneum.rga.pro.fa	downloads/sequences/protein/Hordeum_spontaneum.rga.pro.fa	2616	1560211	68	596.4109327217126	572.0	151.0	1104.0	2440	727	0	0	0	0	0	0	2602	model_project/data_audit/results/per_file_records/protein/Hordeum_spontaneum.rga.pro.fa.records.tsv
Hordeum_vulgare	CDS	Hordeum_vulgare.rga.cds.fa	downloads/sequences/CDS/Hordeum_vulgare.rga.cds.fa	2220	4461888	129	2009.8594594594595	2001.0	614.25	3547.0499999999943	5664	2418	0	0	0	0	17	30	0	model_project/data_audit/results/per_file_records/CDS/Hordeum_vulgare.rga.cds.fa.records.tsv
Hordeum_vulgare	protein	Hordeum_vulgare.rga.pro.fa	downloads/sequences/protein/Hordeum_vulgare.rga.pro.fa	2220	1487296	43	669.9531531531532	667.0	204.75	1182.349999999998	1888	806	0	0	0	0	0	0	2190	model_project/data_audit/results/per_file_records/protein/Hordeum_vulgare.rga.pro.fa.records.tsv
Humulus_lupulus	CDS	Humulus_lupulus.rga.cds.fa	downloads/sequences/CDS/Humulus_lupulus.rga.cds.fa	3628	6447207	453	1777.069184123484	1653.0	543.0	3435.0	9156	2253	0	0	0	0	0	0	0	model_project/data_audit/results/per_file_records/CDS/Humulus_lupulus.rga.cds.fa.records.tsv
Humulus_lupulus	protein	Humulus_lupulus.rga.pro.fa	downloads/sequences/protein/Humulus_lupulus.rga.pro.fa	3628	2123009	65	585.1733737596472	541.5	176.35000000000002	1138.0	3051	744	0	0	0	0	0	0	0	model_project/data_audit/results/per_file_records/protein/Humulus_lupulus.rga.pro.fa.records.tsv
Hylocereus_undatus	CDS	Hylocereus_undatus.rga.cds.fa	downloads/sequences/CDS/Hylocereus_undatus.rga.cds.fa	1230	2167524	155	1762.2146341463415	1636.5	476.70000000000005	3418.6499999999996	7548	2067	0	0	0	19	61	70	0	model_project/data_audit/results/per_file_records/CDS/Hylocereus_undatus.rga.cds.fa.records.tsv
Hylocereus_undatus	protein	Hylocereus_undatus.rga.pro.fa	downloads/sequences/protein/Hylocereus_undatus.rga.pro.fa	1230	721339	51	586.4544715447155	544.5	158.9	1138.55	2516	688	0	0	0	0	0	0	0	model_project/data_audit/results/per_file_records/protein/Hylocereus_undatus.rga.pro.fa.records.tsv
Hyssopus_officinalis	CDS	Hyssopus_officinalis.rga.cds.fa	downloads/sequences/CDS/Hyssopus_officinalis.rga.cds.fa	3152	5612994	204	1780.7722081218274	1710.0	453.0	3342.0	6444	2151	0	0	0	0	0	0	0	model_project/data_audit/results/per_file_records/CDS/Hyssopus_officinalis.rga.cds.fa.records.tsv
Hyssopus_officinalis	protein	Hyssopus_officinalis.rga.pro.fa	downloads/sequences/protein/Hyssopus_officinalis.rga.pro.fa	3152	1870998	68	593.5907360406092	570.0	151.0	1114.0	2148	717	0	0	0	0	0	0	3152	model_project/data_audit/results/per_file_records/protein/Hyssopus_officinalis.rga.pro.fa.records.tsv
Ilex_latifolia	CDS	Ilex_latifolia.rga.cds.fa	downloads/sequences/CDS/Ilex_latifolia.rga.cds.fa	1981	3911586	153	1974.5512367491167	1938	585	3564	5556	2379	0	0	0	0	0	0	0	model_project/data_audit/results/per_file_records/CDS/Ilex_latifolia.rga.cds.fa.records.tsv
Ilex_latifolia	protein	Ilex_latifolia.rga.pro.fa	downloads/sequences/protein/Ilex_latifolia.rga.pro.fa	1981	1301881	50	657.1837455830389	645	194	1187	1851	792	0	0	0	0	0	0	0	model_project/data_audit/results/per_file_records/protein/Ilex_latifolia.rga.pro.fa.records.tsv
Ilex_polyneura	CDS	Ilex_polyneura.rga.cds.fa	downloads/sequences/CDS/Ilex_polyneura.rga.cds.fa	1263	2212704	186	1751.9429928741092	1611	480.3	3332.3999999999987	5340	2100	0	0	0	0	0	0	0	model_project/data_audit/results/per_file_records/CDS/Ilex_polyneura.rga.cds.fa.records.tsv
Ilex_polyneura	protein	Ilex_polyneura.rga.pro.fa	downloads/sequences/protein/Ilex_polyneura.rga.pro.fa	1263	736305	61	582.980997624703	536	159.1	1109.7999999999997	1779	699	0	0	0	0	0	0	0	model_project/data_audit/results/per_file_records/protein/Ilex_polyneura.rga.pro.fa.records.tsv
Iochroma_cyaneum	CDS	Iochroma_cyaneum.rga.cds.fa	downloads/sequences/CDS/Iochroma_cyaneum.rga.cds.fa	3194	6334264	205	1983.1759549154665	1893.0	477.0	3725.0999999999995	8571	2496	0	0	0	56	39	49	0	model_project/data_audit/results/per_file_records/CDS/Iochroma_cyaneum.rga.cds.fa.records.tsv
Iochroma_cyaneum	protein	Iochroma_cyaneum.rga.pro.fa	downloads/sequences/protein/Iochroma_cyaneum.rga.pro.fa	3194	2108250	68	660.0657482780213	630.0	158.0	1240.6999999999998	2856	833	0	0	0	0	0	0	0	model_project/data_audit/results/per_file_records/protein/Iochroma_cyaneum.rga.pro.fa.records.tsv
Ipomoea_aquatica	CDS	Ipomoea_aquatica.rga.cds.fa	downloads/sequences/CDS/Ipomoea_aquatica.rga.cds.fa	1543	2888118	201	1871.755022683085	1818	555.3000000000001	3392.0999999999985	11397	2154	0	0	0	0	1	0	0	model_project/data_audit/results/per_file_records/CDS/Ipomoea_aquatica.rga.cds.fa.records.tsv
Ipomoea_aquatica	protein	Ipomoea_aquatica.rga.pro.fa	downloads/sequences/protein/Ipomoea_aquatica.rga.pro.fa	1543	961163	66	622.9183408943617	605	184.10000000000002	1129.6999999999996	3798	717	0	0	0	0	0	0	0	model_project/data_audit/results/per_file_records/protein/Ipomoea_aquatica.rga.pro.fa.records.tsv
Ipomoea_batatas	CDS	Ipomoea_batatas.rga.cds.fa	downloads/sequences/CDS/Ipomoea_batatas.rga.cds.fa	3515	7770942	156	2210.794310099573	2100	754.2	3981.899999999999	14472	2481	0	0	0	0	0	0	0	model_project/data_audit/results/per_file_records/CDS/Ipomoea_batatas.rga.cds.fa.records.tsv
Ipomoea_batatas	protein	Ipomoea_batatas.rga.pro.fa	downloads/sequences/protein/Ipomoea_batatas.rga.pro.fa	3515	2590314	52	736.9314366998577	700	251.40000000000003	1327.2999999999997	4824	827	0	0	0	0	0	0	3515	model_project/data_audit/results/per_file_records/protein/Ipomoea_batatas.rga.pro.fa.records.tsv
Ipomoea_cairica	CDS	Ipomoea_cairica.rga.cds.fa	downloads/sequences/CDS/Ipomoea_cairica.rga.cds.fa	1681	2977044	213	1770.9958358120166	1692	477	3237	5592	2091	0	0	0	0	0	0	0	model_project/data_audit/results/per_file_records/CDS/Ipomoea_cairica.rga.cds.fa.records.tsv
Ipomoea_cairica	protein	Ipomoea_cairica.rga.pro.fa	downloads/sequences/protein/Ipomoea_cairica.rga.pro.fa	1681	990667	70	589.3319452706722	563	158	1078	1863	696	0	0	0	0	0	0	0	model_project/data_audit/results/per_file_records/protein/Ipomoea_cairica.rga.pro.fa.records.tsv
Iris_pallida	CDS	Iris_pallida.rga.cds.fa	downloads/sequences/CDS/Iris_pallida.rga.cds.fa	2565	4452501	180	1735.86783625731	1554	642.0	3122.399999999999	5046	2028	0	0	0	0	0	0	0	model_project/data_audit/results/per_file_records/CDS/Iris_pallida.rga.cds.fa.records.tsv
Iris_pallida	protein	Iris_pallida.rga.pro.fa	downloads/sequences/protein/Iris_pallida.rga.pro.fa	2565	1481602	59	577.62261208577	517	213.0	1039.7999999999997	1681	675	0	0	0	0	0	0	0	model_project/data_audit/results/per_file_records/protein/Iris_pallida.rga.pro.fa.records.tsv
Isatis_indigotica	CDS	Isatis_indigotica.rga.cds.fa	downloads/sequences/CDS/Isatis_indigotica.rga.cds.fa	1392	2319248	204	1666.1264367816093	1503.0	424.95	3336.9	9798	1998	0	0	0	11	3	12	0	model_project/data_audit/results/per_file_records/CDS/Isatis_indigotica.rga.cds.fa.records.tsv
Isatis_indigotica	protein	Isatis_indigotica.rga.pro.fa	downloads/sequences/protein/Isatis_indigotica.rga.pro.fa	1392	771699	67	554.3814655172414	500.0	140.64999999999998	1111.45	3265	665	0	0	0	0	0	0	0	model_project/data_audit/results/per_file_records/protein/Isatis_indigotica.rga.pro.fa.records.tsv
Jacaranda_mimosifolia	CDS	Jacaranda_mimosifolia.rga.cds.fa	downloads/sequences/CDS/Jacaranda_mimosifolia.rga.cds.fa	1458	2654247	192	1820.4711934156378	1743.0	677.55	3199.7999999999984	6249	2034	0	0	0	7	4	7	0	model_project/data_audit/results/per_file_records/CDS/Jacaranda_mimosifolia.rga.cds.fa.records.tsv
Jacaranda_mimosifolia	protein	Jacaranda_mimosifolia.rga.pro.fa	downloads/sequences/protein/Jacaranda_mimosifolia.rga.pro.fa	1458	884745	64	606.820987654321	581.0	225.85000000000002	1066.5999999999995	2083	678	0	0	0	0	0	0	1451	model_project/data_audit/results/per_file_records/protein/Jacaranda_mimosifolia.rga.pro.fa.records.tsv
Jasminum_sambac	CDS	Jasminum_sambac.rga.cds.fa	downloads/sequences/CDS/Jasminum_sambac.rga.cds.fa	1385	2597937	300	1875.76678700361	1755	688.2	3438.0	6606	2133	0	0	0	0	0	0	0	model_project/data_audit/results/per_file_records/CDS/Jasminum_sambac.rga.cds.fa.records.tsv
Jasminum_sambac	protein	Jasminum_sambac.rga.pro.fa	downloads/sequences/protein/Jasminum_sambac.rga.pro.fa	1385	864594	99	624.25559566787	584	228.4	1145.0	2201	710	0	0	0	0	0	0	0	model_project/data_audit/results/per_file_records/protein/Jasminum_sambac.rga.pro.fa.records.tsv
Juglans_mandshurica	CDS	Juglans_mandshurica.rga.cds.fa	downloads/sequences/CDS/Juglans_mandshurica.rga.cds.fa	1614	3220890	216	1995.5947955390334	1939.5	617.85	3517.199999999999	7893	2289	0	0	0	0	0	0	0	model_project/data_audit/results/per_file_records/CDS/Juglans_mandshurica.rga.cds.fa.records.tsv
Juglans_mandshurica	protein	Juglans_mandshurica.rga.pro.fa	downloads/sequences/protein/Juglans_mandshurica.rga.pro.fa	1614	1073630	72	665.1982651796778	646.5	205.95000000000002	1172.3999999999996	2631	763	0	0	0	0	0	0	1614	model_project/data_audit/results/per_file_records/protein/Juglans_mandshurica.rga.pro.fa.records.tsv
Juglans_sigillata	CDS	Juglans_sigillata.rga.cds.fa	downloads/sequences/CDS/Juglans_sigillata.rga.cds.fa	1876	3624636	213	1932.1087420042643	1899.0	543.0	3481.5	8058	2280	0	0	0	0	10	5	0	model_project/data_audit/results/per_file_records/CDS/Juglans_sigillata.rga.cds.fa.records.tsv
Juglans_sigillata	protein	Juglans_sigillata.rga.pro.fa	downloads/sequences/protein/Juglans_sigillata.rga.pro.fa	1876	1206341	70	643.0389125799574	632.0	180.0	1159.5	2685	759	0	0	0	0	0	0	0	model_project/data_audit/results/per_file_records/protein/Juglans_sigillata.rga.pro.fa.records.tsv
Juncus_effusus	CDS	Juncus_effusus.rga.cds.fa	downloads/sequences/CDS/Juncus_effusus.rga.cds.fa	1415	2260275	180	1597.3674911660778	1464	421.20000000000005	3252.0	5541	1935	0	0	0	5	53	7	0	model_project/data_audit/results/per_file_records/CDS/Juncus_effusus.rga.cds.fa.records.tsv
Juncus_effusus	protein	Juncus_effusus.rga.pro.fa	downloads/sequences/protein/Juncus_effusus.rga.pro.fa	1415	752005	59	531.452296819788	487	139.4	1083.0	1846	644	0	0	0	0	0	0	0	model_project/data_audit/results/per_file_records/protein/Juncus_effusus.rga.pro.fa.records.tsv
Juncus_inflexus	CDS	Juncus_inflexus.rga.cds.fa	downloads/sequences/CDS/Juncus_inflexus.rga.cds.fa	1424	2367054	186	1662.2570224719102	1491.0	438.45000000000005	3161.0999999999995	5130	2040	0	0	0	6	69	6	0	model_project/data_audit/results/per_file_records/CDS/Juncus_inflexus.rga.cds.fa.records.tsv
Juncus_inflexus	protein	Juncus_inflexus.rga.pro.fa	downloads/sequences/protein/Juncus_inflexus.rga.pro.fa	1424	787592	61	553.0842696629213	496.0	145.15	1052.6999999999998	1709	679	0	0	0	0	0	0	0	model_project/data_audit/results/per_file_records/protein/Juncus_inflexus.rga.pro.fa.records.tsv
Kalanchoe_fedtschenkoi	CDS	Kalanchoe_fedtschenkoi.rga.cds.fa	downloads/sequences/CDS/Kalanchoe_fedtschenkoi.rga.cds.fa	1397	2619738	162	1875.259842519685	1797	652.8	3531.6	5319	2118	0	0	0	0	23	16	0	model_project/data_audit/results/per_file_records/CDS/Kalanchoe_fedtschenkoi.rga.cds.fa.records.tsv
Kalanchoe_fedtschenkoi	protein	Kalanchoe_fedtschenkoi.rga.pro.fa	downloads/sequences/protein/Kalanchoe_fedtschenkoi.rga.pro.fa	1397	871355	53	623.7329992841804	597	214.79999999999998	1176.2	1772	705	0	0	0	0	0	0	0	model_project/data_audit/results/per_file_records/protein/Kalanchoe_fedtschenkoi.rga.pro.fa.records.tsv
Kandelia_obovata	CDS	Kandelia_obovata.rga.cds.fa	downloads/sequences/CDS/Kandelia_obovata.rga.cds.fa	860	1616331	183	1879.4546511627907	1758.0	689.1	3408.5999999999995	10149	2130	0	0	0	0	23	20	0	model_project/data_audit/results/per_file_records/CDS/Kandelia_obovata.rga.cds.fa.records.tsv
Kandelia_obovata	protein	Kandelia_obovata.rga.pro.fa	downloads/sequences/protein/Kandelia_obovata.rga.pro.fa	860	537937	60	625.5081395348838	585.0	228.7	1135.1999999999998	3382	709	0	0	0	0	0	0	0	model_project/data_audit/results/per_file_records/protein/Kandelia_obovata.rga.pro.fa.records.tsv
Kingdonia_uniflora	CDS	Kingdonia_uniflora.rga.cds.fa	downloads/sequences/CDS/Kingdonia_uniflora.rga.cds.fa	1869	2857569	156	1528.9293739967898	1320	323.40000000000003	3296.9999999999986	14703	1986	0	0	0	0	124	39	0	model_project/data_audit/results/per_file_records/CDS/Kingdonia_uniflora.rga.cds.fa.records.tsv
Kingdonia_uniflora	protein	Kingdonia_uniflora.rga.pro.fa	downloads/sequences/protein/Kingdonia_uniflora.rga.pro.fa	1869	950693	51	508.66399143927237	439	106.80000000000001	1097.9999999999995	4900	661	0	0	0	0	0	0	0	model_project/data_audit/results/per_file_records/protein/Kingdonia_uniflora.rga.pro.fa.records.tsv
Klebsormidium_nitens	CDS	Klebsormidium_nitens.rga.cds.fa	downloads/sequences/CDS/Klebsormidium_nitens.rga.cds.fa	423	925413	23	2187.7375886524824	1959	675.6	4583.0999999999985	7908	2604	0	0	0	4	9	6	0	model_project/data_audit/results/per_file_records/CDS/Klebsormidium_nitens.rga.cds.fa.records.tsv
Klebsormidium_nitens	protein	Klebsormidium_nitens.rga.pro.fa	downloads/sequences/protein/Klebsormidium_nitens.rga.pro.fa	423	308052	7	728.2553191489362	652	224.20000000000002	1526.6999999999998	2635	867	0	0	0	0	0	0	0	model_project/data_audit/results/per_file_records/protein/Klebsormidium_nitens.rga.pro.fa.records.tsv
Knoxia_roxburghii	CDS	Knoxia_roxburghii.rga.cds.fa	downloads/sequences/CDS/Knoxia_roxburghii.rga.cds.fa	1370	2730426	165	1993.0116788321168	1909.5	507.0	3767.249999999999	7368	2427	0	0	0	0	0	0	0	model_project/data_audit/results/per_file_records/CDS/Knoxia_roxburghii.rga.cds.fa.records.tsv
Knoxia_roxburghii	protein	Knoxia_roxburghii.rga.pro.fa	downloads/sequences/protein/Knoxia_roxburghii.rga.pro.fa	1370	910142	55	664.3372262773722	636.5	169.0	1255.7499999999998	2456	809	0	0	0	0	0	0	1370	model_project/data_audit/results/per_file_records/protein/Knoxia_roxburghii.rga.pro.fa.records.tsv
Kobresia_littledalei	CDS	Kobresia_littledalei.rga.cds.fa	downloads/sequences/CDS/Kobresia_littledalei.rga.cds.fa	1039	1760391	207	1694.312800769971	1515	429.0	3340.199999999999	5247	2037	0	0	0	0	0	0	0	model_project/data_audit/results/per_file_records/CDS/Kobresia_littledalei.rga.cds.fa.records.tsv
Kobresia_littledalei	protein	Kobresia_littledalei.rga.pro.fa	downloads/sequences/protein/Kobresia_littledalei.rga.pro.fa	1039	585758	68	563.7709335899904	504	142.0	1112.3999999999996	1748	678	0	0	0	0	0	0	0	model_project/data_audit/results/per_file_records/protein/Kobresia_littledalei.rga.pro.fa.records.tsv
Lablab_purpureus	CDS	Lablab_purpureus.rga.cds.fa	downloads/sequences/CDS/Lablab_purpureus.rga.cds.fa	1130	2290863	195	2027.312389380531	1851.0	518.4000000000001	3805.95	19233	2409	0	0	0	0	0	0	0	model_project/data_audit/results/per_file_records/CDS/Lablab_purpureus.rga.cds.fa.records.tsv
Lablab_purpureus	protein	Lablab_purpureus.rga.pro.fa	downloads/sequences/protein/Lablab_purpureus.rga.pro.fa	1130	762487	64	674.7672566371681	616.0	171.8	1267.6499999999999	6410	802	0	0	0	0	0	0	0	model_project/data_audit/results/per_file_records/protein/Lablab_purpureus.rga.pro.fa.records.tsv
Lactuca_saligna	CDS	Lactuca_saligna.rga.cds.fa	downloads/sequences/CDS/Lactuca_saligna.rga.cds.fa	2321	4480419	213	1930.38302455838	1827	525	3624	7530	2382	0	0	0	0	0	0	0	model_project/data_audit/results/per_file_records/CDS/Lactuca_saligna.rga.cds.fa.records.tsv
Lactuca_saligna	protein	Lactuca_saligna.rga.pro.fa	downloads/sequences/protein/Lactuca_saligna.rga.pro.fa	2321	1491152	70	642.4610081861267	608	174	1207	2509	794	0	0	0	0	0	0	0	model_project/data_audit/results/per_file_records/protein/Lactuca_saligna.rga.pro.fa.records.tsv
Lactuca_sativa	CDS	Lactuca_sativa.rga.cds.fa	downloads/sequences/CDS/Lactuca_sativa.rga.cds.fa	2395	5081277	174	2121.61878914405	1980	569.4000000000001	3839.6999999999975	7515	2562	0	0	0	0	67	73	0	model_project/data_audit/results/per_file_records/CDS/Lactuca_sativa.rga.cds.fa.records.tsv
Lactuca_sativa	protein	Lactuca_sativa.rga.pro.fa	downloads/sequences/protein/Lactuca_sativa.rga.pro.fa	2395	1693759	58	707.2062630480167	660	189.8	1279.8999999999992	2505	854	0	0	0	0	0	0	2322	model_project/data_audit/results/per_file_records/protein/Lactuca_sativa.rga.pro.fa.records.tsv
Lactuca_virosa	CDS	Lactuca_virosa.rga.cds.fa	downloads/sequences/CDS/Lactuca_virosa.rga.cds.fa	2220	3956253	213	1782.095945945946	1699.5	461.85	3351.749999999996	6999	2124	0	0	0	0	3	4	0	model_project/data_audit/results/per_file_records/CDS/Lactuca_virosa.rga.cds.fa.records.tsv
Lactuca_virosa	protein	Lactuca_virosa.rga.pro.fa	downloads/sequences/protein/Lactuca_virosa.rga.pro.fa	2220	1316535	70	593.0337837837837	565.5	152.95	1116.2499999999986	2332	707	0	0	0	0	0	0	0	model_project/data_audit/results/per_file_records/protein/Lactuca_virosa.rga.pro.fa.records.tsv
Lagenaria_siceraria	CDS	Lagenaria_siceraria.rga.cds.fa	downloads/sequences/CDS/Lagenaria_siceraria.rga.cds.fa	1078	2247096	114	2084.504638218924	1959.0	608.1	4056.0	8550	2430	0	0	0	0	19	44	0	model_project/data_audit/results/per_file_records/CDS/Lagenaria_siceraria.rga.cds.fa.records.tsv
Lagenaria_siceraria	protein	Lagenaria_siceraria.rga.pro.fa	downloads/sequences/protein/Lagenaria_siceraria.rga.pro.fa	1078	747998	38	693.8756957328386	652.0	201.7	1351.0	2849	809	0	0	0	0	0	0	0	model_project/data_audit/results/per_file_records/protein/Lagenaria_siceraria.rga.pro.fa.records.tsv
Lagerstroemia_indica	CDS	Lagerstroemia_indica.rga.cds.fa	downloads/sequences/CDS/Lagerstroemia_indica.rga.cds.fa	2115	4787532	210	2263.608510638298	2088	840.3000000000001	4285.799999999999	9846	2568	0	0	0	0	0	0	0	model_project/data_audit/results/per_file_records/CDS/Lagerstroemia_indica.rga.cds.fa.records.tsv
Lagerstroemia_indica	protein	Lagerstroemia_indica.rga.pro.fa	downloads/sequences/protein/Lagerstroemia_indica.rga.pro.fa	2115	1593729	69	753.5361702127659	695	279.1	1427.6	3281	855	0	0	0	0	0	0	0	model_project/data_audit/results/per_file_records/protein/Lagerstroemia_indica.rga.pro.fa.records.tsv
Leavenworthia_alabamica	CDS	Leavenworthia_alabamica.rga.cds.fa	downloads/sequences/CDS/Leavenworthia_alabamica.rga.cds.fa	1601	3151433	228	1968.415365396627	1845	687	3699	9759	2274	0	0	0	12	18	37	0	model_project/data_audit/results/per_file_records/CDS/Leavenworthia_alabamica.rga.cds.fa.records.tsv
Leavenworthia_alabamica	protein	Leavenworthia_alabamica.rga.pro.fa	downloads/sequences/protein/Leavenworthia_alabamica.rga.pro.fa	1601	1048869	75	655.1336664584635	614	228	1232	3252	757	0	0	0	0	0	0	0	model_project/data_audit/results/per_file_records/protein/Leavenworthia_alabamica.rga.pro.fa.records.tsv
Leersia_perrieri	CDS	Leersia_perrieri.rga.cds.fa	downloads/sequences/CDS/Leersia_perrieri.rga.cds.fa	1869	4145931	201	2218.2616372391653	2070	757.8000000000001	4203.599999999999	15156	2559	0	0	0	0	1	2	0	model_project/data_audit/results/per_file_records/CDS/Leersia_perrieri.rga.cds.fa.records.tsv
Leersia_perrieri	protein	Leersia_perrieri.rga.pro.fa	downloads/sequences/protein/Leersia_perrieri.rga.pro.fa	1869	1380110	66	738.4216158373462	689	251.60000000000002	1400.1999999999998	5051	852	0	0	0	0	0	0	0	model_project/data_audit/results/per_file_records/protein/Leersia_perrieri.rga.pro.fa.records.tsv
Lemna_minor	CDS	Lemna_minor.rga.cds.fa	downloads/sequences/CDS/Lemna_minor.rga.cds.fa	934	1575030	204	1686.3276231263383	1593.0	535.95	3143.0999999999995	8994	1965	0	0	0	0	113	162	0	model_project/data_audit/results/per_file_records/CDS/Lemna_minor.rga.cds.fa.records.tsv
Lemna_minor	protein	Lemna_minor.rga.pro.fa	downloads/sequences/protein/Lemna_minor.rga.pro.fa	934	524230	68	561.2740899357601	530.0	178.3	1046.6999999999998	2998	654	0	0	0	0	0	0	0	model_project/data_audit/results/per_file_records/protein/Lemna_minor.rga.pro.fa.records.tsv
Lemna_minuta	CDS	Lemna_minuta.rga.cds.fa	downloads/sequences/CDS/Lemna_minuta.rga.cds.fa	837	1034304	171	1235.7275985663082	1059	287.40000000000003	2851.2	6804	1629	0	0	0	12	18	22	0	model_project/data_audit/results/per_file_records/CDS/Lemna_minuta.rga.cds.fa.records.tsv
Lemna_minuta	protein	Lemna_minuta.rga.pro.fa	downloads/sequences/protein/Lemna_minuta.rga.pro.fa	837	343947	56	410.9283154121864	352	94.8	949.3999999999999	2267	542	0	0	0	0	0	0	0	model_project/data_audit/results/per_file_records/protein/Lemna_minuta.rga.pro.fa.records.tsv
Lepidium_meyenii	CDS	Lepidium_meyenii.rga.cds.fa	downloads/sequences/CDS/Lepidium_meyenii.rga.cds.fa	4302	7704040	153	1790.8042770804277	1609.5	489.0	3492.0	17310	2109	0	0	0	1	2	6	0	model_project/data_audit/results/per_file_records/CDS/Lepidium_meyenii.rga.cds.fa.records.tsv
Lepidium_meyenii	protein	Lepidium_meyenii.rga.pro.fa	downloads/sequences/protein/Lepidium_meyenii.rga.pro.fa	4302	2563717	50	595.9360762436077	535.5	162.0	1163.0	5769	702	0	0	0	0	0	0	0	model_project/data_audit/results/per_file_records/protein/Lepidium_meyenii.rga.pro.fa.records.tsv
Lindenbergia_luchunensis	CDS	Lindenbergia_luchunensis.rga.cds.fa	downloads/sequences/CDS/Lindenbergia_luchunensis.rga.cds.fa	1558	2905287	180	1864.7541720154043	1815.0	584.1	3345.0	7047	2157	0	0	0	0	2	0	0	model_project/data_audit/results/per_file_records/CDS/Lindenbergia_luchunensis.rga.cds.fa.records.tsv
Lindenbergia_luchunensis	protein	Lindenbergia_luchunensis.rga.pro.fa	downloads/sequences/protein/Lindenbergia_luchunensis.rga.pro.fa	1558	966871	59	620.5847240051348	604.0	193.70000000000002	1114.0	2348	719	0	0	0	0	0	0	0	model_project/data_audit/results/per_file_records/protein/Lindenbergia_luchunensis.rga.pro.fa.records.tsv
Litchi_chinensis	CDS	Litchi_chinensis.rga.cds.fa	downloads/sequences/CDS/Litchi_chinensis.rga.cds.fa	1934	3333650	180	1723.70734229576	1573.5	354.0	3560.399999999998	9126	2220	0	0	0	1	82	130	0	model_project/data_audit/results/per_file_records/CDS/Litchi_chinensis.rga.cds.fa.records.tsv
Litchi_chinensis	protein	Litchi_chinensis.rga.pro.fa	downloads/sequences/protein/Litchi_chinensis.rga.pro.fa	1934	1109412	59	573.635987590486	524.0	117.0	1185.7999999999993	3041	739	0	0	0	0	0	0	0	model_project/data_audit/results/per_file_records/protein/Litchi_chinensis.rga.pro.fa.records.tsv
Lithospermum_erythrorhizon	CDS	Lithospermum_erythrorhizon.rga.cds.fa	downloads/sequences/CDS/Lithospermum_erythrorhizon.rga.cds.fa	1614	2672001	138	1655.514869888476	1512.0	442.95000000000005	3235.199999999999	5040	1986	0	0	0	0	33	30	0	model_project/data_audit/results/per_file_records/CDS/Lithospermum_erythrorhizon.rga.cds.fa.records.tsv
Lithospermum_erythrorhizon	protein	Lithospermum_erythrorhizon.rga.pro.fa	downloads/sequences/protein/Lithospermum_erythrorhizon.rga.pro.fa	1614	889083	45	550.8568773234201	503.0	146.65	1077.3999999999996	1679	661	0	0	0	0	0	0	0	model_project/data_audit/results/per_file_records/protein/Lithospermum_erythrorhizon.rga.pro.fa.records.tsv
Lobularia_maritima	CDS	Lobularia_maritima.rga.cds.fa	downloads/sequences/CDS/Lobularia_maritima.rga.cds.fa	1272	2479557	237	1949.3372641509434	1845.0	867.0	3482.7000000000003	7644	2154	0	0	0	0	0	0	0	model_project/data_audit/results/per_file_records/CDS/Lobularia_maritima.rga.cds.fa.records.tsv
Lobularia_maritima	protein	Lobularia_maritima.rga.pro.fa	downloads/sequences/protein/Lobularia_maritima.rga.pro.fa	1272	825247	78	648.7790880503145	614.0	288.0	1159.9	2547	717	0	0	0	0	0	0	0	model_project/data_audit/results/per_file_records/protein/Lobularia_maritima.rga.pro.fa.records.tsv
Lolium_perenne	CDS	Lolium_perenne.rga.cds.fa	downloads/sequences/CDS/Lolium_perenne.rga.cds.fa	1892	4217465	151	2229.1041226215643	2103.0	861.3000000000001	4010.0999999999967	11745	2544	18	0	0	35	52	103	0	model_project/data_audit/results/per_file_records/CDS/Lolium_perenne.rga.cds.fa.records.tsv
Lolium_perenne	protein	Lolium_perenne.rga.pro.fa	downloads/sequences/protein/Lolium_perenne.rga.pro.fa	1892	1405804	50	743.0253699788584	701.0	287.1	1336.699999999999	3915	848	0	0	0	0	0	0	1789	model_project/data_audit/results/per_file_records/protein/Lolium_perenne.rga.pro.fa.records.tsv
Lolium_rigidum	CDS	Lolium_rigidum.rga.cds.fa	downloads/sequences/CDS/Lolium_rigidum.rga.cds.fa	3386	7247200	270	2140.3425871234494	2050.5	927.75	3738.0	8076	2442	0	0	0	1	27	8	0	model_project/data_audit/results/per_file_records/CDS/Lolium_rigidum.rga.cds.fa.records.tsv
Lolium_rigidum	protein	Lolium_rigidum.rga.pro.fa	downloads/sequences/protein/Lolium_rigidum.rga.pro.fa	3386	2412355	89	712.449793266391	682.5	308.25	1245.0	2691	813	0	0	0	0	0	0	0	model_project/data_audit/results/per_file_records/protein/Lolium_rigidum.rga.pro.fa.records.tsv
Lonicera_japonica	CDS	Lonicera_japonica.rga.cds.fa	downloads/sequences/CDS/Lonicera_japonica.rga.cds.fa	2636	2816058	21	1068.3072837632776	840.0	233.25	2706.75	6405	1467	0	0	0	0	266	194	0	model_project/data_audit/results/per_file_records/CDS/Lonicera_japonica.rga.cds.fa.records.tsv
Lonicera_japonica	protein	Lonicera_japonica.rga.pro.fa	downloads/sequences/protein/Lonicera_japonica.rga.pro.fa	2636	1280011	32	485.5883915022762	446.5	101.0	1027.5	1932	631	0	0	0	0	0	0	0	model_project/data_audit/results/per_file_records/protein/Lonicera_japonica.rga.pro.fa.records.tsv
Luffa_acutangula	CDS	Luffa_acutangula.rga.cds.fa	downloads/sequences/CDS/Luffa_acutangula.rga.cds.fa	1267	2447094	225	1931.408050513023	1872	534.0	3538.800000000004	8766	2310	0	0	0	0	6	0	0	model_project/data_audit/results/per_file_records/CDS/Luffa_acutangula.rga.cds.fa.records.tsv
Luffa_acutangula	protein	Luffa_acutangula.rga.pro.fa	downloads/sequences/protein/Luffa_acutangula.rga.pro.fa	1267	814431	74	642.802683504341	623	177.0	1178.6000000000013	2921	769	0	0	0	0	0	0	0	model_project/data_audit/results/per_file_records/protein/Luffa_acutangula.rga.pro.fa.records.tsv
Luffa_cylindrica	CDS	Luffa_cylindrica.rga.cds.fa	downloads/sequences/CDS/Luffa_cylindrica.rga.cds.fa	1203	2411781	222	2004.8054862842894	1917	708.6	3556.1999999999975	6699	2313	0	0	0	0	52	7	0	model_project/data_audit/results/per_file_records/CDS/Luffa_cylindrica.rga.cds.fa.records.tsv
Luffa_cylindrica	protein	Luffa_cylindrica.rga.pro.fa	downloads/sequences/protein/Luffa_cylindrica.rga.pro.fa	1203	802731	73	667.2743142144639	638	235.2	1184.3999999999992	2232	770	0	0	0	0	0	0	0	model_project/data_audit/results/per_file_records/protein/Luffa_cylindrica.rga.pro.fa.records.tsv
Lupinus_albus	CDS	Lupinus_albus.rga.cds.fa	downloads/sequences/CDS/Lupinus_albus.rga.cds.fa	1562	2766804	159	1771.3213828425096	1695.0	501.30000000000007	3204.0	6258	2034	0	0	0	0	0	0	0	model_project/data_audit/results/per_file_records/CDS/Lupinus_albus.rga.cds.fa.records.tsv
Lupinus_albus	protein	Lupinus_albus.rga.pro.fa	downloads/sequences/protein/Lupinus_albus.rga.pro.fa	1562	920706	52	589.4404609475032	564.0	166.10000000000002	1067.0	2085	677	0	0	0	0	0	0	0	model_project/data_audit/results/per_file_records/protein/Lupinus_albus.rga.pro.fa.records.tsv
Lupinus_angustifolius	CDS	Lupinus_angustifolius.rga.cds.fa	downloads/sequences/CDS/Lupinus_angustifolius.rga.cds.fa	2529	4930470	294	1949.5729537366549	1863	939.0	3430.7999999999997	6564	2106	0	0	0	0	3	5	0	model_project/data_audit/results/per_file_records/CDS/Lupinus_angustifolius.rga.cds.fa.records.tsv
Lupinus_angustifolius	protein	Lupinus_angustifolius.rga.pro.fa	downloads/sequences/protein/Lupinus_angustifolius.rga.pro.fa	2529	1640929	97	648.844998022934	620	312.0	1142.6	2187	701	0	0	0	0	0	0	0	model_project/data_audit/results/per_file_records/protein/Lupinus_angustifolius.rga.pro.fa.records.tsv
Luvunga_scandens	CDS	Luvunga_scandens.rga.cds.fa	downloads/sequences/CDS/Luvunga_scandens.rga.cds.fa	1310	2579433	165	1969.0328244274808	1875.0	573.8	3720.5999999999995	6234	2367	0	0	0	28	56	53	0	model_project/data_audit/results/per_file_records/CDS/Luvunga_scandens.rga.cds.fa.records.tsv
Luvunga_scandens	protein	Luvunga_scandens.rga.pro.fa	downloads/sequences/protein/Luvunga_scandens.rga.pro.fa	1310	859798	55	656.3343511450381	625.0	190.9	1240.1999999999998	2078	789	0	0	0	0	0	0	1256	model_project/data_audit/results/per_file_records/protein/Luvunga_scandens.rga.pro.fa.records.tsv
Lycianthes_biflora	CDS	Lycianthes_biflora.rga.cds.fa	downloads/sequences/CDS/Lycianthes_biflora.rga.cds.fa	2034	3939519	183	1936.8333333333333	1809.0	448.95000000000005	3789.0	8421	2439	0	0	0	0	1	0	0	model_project/data_audit/results/per_file_records/CDS/Lycianthes_biflora.rga.cds.fa.records.tsv
Lycianthes_biflora	protein	Lycianthes_biflora.rga.pro.fa	downloads/sequences/protein/Lycianthes_biflora.rga.pro.fa	2034	1311139	60	644.6111111111111	602.0	148.65	1262.0	2806	812	0	0	0	0	0	0	0	model_project/data_audit/results/per_file_records/protein/Lycianthes_biflora.rga.pro.fa.records.tsv
Lycium_barbarum	CDS	Lycium_barbarum.rga.cds.fa	downloads/sequences/CDS/Lycium_barbarum.rga.cds.fa	2392	4247772	144	1775.824414715719	1659.0	409.65000000000003	3490.3499999999995	7722	2322	0	0	0	0	1	0	0	model_project/data_audit/results/per_file_records/CDS/Lycium_barbarum.rga.cds.fa.records.tsv
Lycium_barbarum	protein	Lycium_barbarum.rga.pro.fa	downloads/sequences/protein/Lycium_barbarum.rga.pro.fa	2392	1413532	47	590.9414715719064	552.0	135.55	1162.4499999999998	2573	773	0	0	0	0	0	0	0	model_project/data_audit/results/per_file_records/protein/Lycium_barbarum.rga.pro.fa.records.tsv
Macadamia_integrifolia	CDS	Macadamia_integrifolia.rga.cds.fa	downloads/sequences/CDS/Macadamia_integrifolia.rga.cds.fa	1995	3468210	201	1738.451127819549	1626	408.0	3330.8999999999996	7860	2097	0	0	0	0	0	0	0	model_project/data_audit/results/per_file_records/CDS/Macadamia_integrifolia.rga.cds.fa.records.tsv
Macadamia_integrifolia	protein	Macadamia_integrifolia.rga.pro.fa	downloads/sequences/protein/Macadamia_integrifolia.rga.pro.fa	1995	1154075	66	578.483709273183	541	135.0	1109.3	2619	698	0	0	0	0	0	0	0	model_project/data_audit/results/per_file_records/protein/Macadamia_integrifolia.rga.pro.fa.records.tsv
Magnolia_biondii	CDS	Magnolia_biondii.rga.cds.fa	downloads/sequences/CDS/Magnolia_biondii.rga.cds.fa	2054	3533274	165	1720.1918208373904	1507.5	325.95000000000005	3771.0	16410	2310	0	0	0	0	106	22	0	model_project/data_audit/results/per_file_records/CDS/Magnolia_biondii.rga.cds.fa.records.tsv
Magnolia_biondii	protein	Magnolia_biondii.rga.pro.fa	downloads/sequences/protein/Magnolia_biondii.rga.pro.fa	2054	1175726	54	572.4079844206426	501.5	107.65	1256.0	5469	769	0	0	0	0	0	0	0	model_project/data_audit/results/per_file_records/protein/Magnolia_biondii.rga.pro.fa.records.tsv
Malania_oleifera	CDS	Malania_oleifera.rga.cds.fa	downloads/sequences/CDS/Malania_oleifera.rga.cds.fa	1172	2313930	201	1974.3430034129692	1881.0	550.65	3787.05	9351	2418	0	0	0	0	4	0	0	model_project/data_audit/results/per_file_records/CDS/Malania_oleifera.rga.cds.fa.records.tsv
Malania_oleifera	protein	Malania_oleifera.rga.pro.fa	downloads/sequences/protein/Malania_oleifera.rga.pro.fa	1172	770138	66	657.1143344709898	626.0	182.55	1261.3500000000001	3116	805	0	0	0	0	0	0	0	model_project/data_audit/results/per_file_records/protein/Malania_oleifera.rga.pro.fa.records.tsv
Malus_baccata	CDS	Malus_baccata.rga.cds.fa	downloads/sequences/CDS/Malus_baccata.rga.cds.fa	2567	4740780	150	1846.8172964550058	1761	408.0	3628.199999999999	6567	2319	0	0	0	0	12	0	0	model_project/data_audit/results/per_file_records/CDS/Malus_baccata.rga.cds.fa.records.tsv
Malus_baccata	protein	Malus_baccata.rga.pro.fa	downloads/sequences/protein/Malus_baccata.rga.pro.fa	2567	1577693	49	614.6057654850019	586	135.0	1208.3999999999996	2188	772	0	0	0	0	0	0	0	model_project/data_audit/results/per_file_records/protein/Malus_baccata.rga.pro.fa.records.tsv
Malus_domestica	CDS	Malus_domestica.rga.cds.fa	downloads/sequences/CDS/Malus_domestica.rga.cds.fa	3073	6540234	198	2128.289619264562	1920	444.0	4306.199999999999	11670	2799	0	0	0	0	66	6	0	model_project/data_audit/results/per_file_records/CDS/Malus_domestica.rga.cds.fa.records.tsv
Malus_domestica	protein	Malus_domestica.rga.pro.fa	downloads/sequences/protein/Malus_domestica.rga.pro.fa	3073	2177011	65	708.4318255776114	639	147.0	1434.3999999999996	3889	933	0	0	0	0	0	0	0	model_project/data_audit/results/per_file_records/protein/Malus_domestica.rga.pro.fa.records.tsv
Malus_sieversii	CDS	Malus_sieversii.rga.cds.fa	downloads/sequences/CDS/Malus_sieversii.rga.cds.fa	2676	5402091	156	2018.7186098654709	1846.5	495.0	4065.75	9738	2508	0	0	0	0	46	4	0	model_project/data_audit/results/per_file_records/CDS/Malus_sieversii.rga.cds.fa.records.tsv
Malus_sieversii	protein	Malus_sieversii.rga.pro.fa	downloads/sequences/protein/Malus_sieversii.rga.pro.fa	2676	1798025	51	671.9076980568012	614.5	164.0	1354.25	3245	835	0	0	0	0	0	0	0	model_project/data_audit/results/per_file_records/protein/Malus_sieversii.rga.pro.fa.records.tsv
Malus_sylvestris	CDS	Malus_sylvestris.rga.cds.fa	downloads/sequences/CDS/Malus_sylvestris.rga.cds.fa	2727	7214649	141	2645.6358635863585	2187	660.0	5949.0	19323	3120	0	0	0	0	249	3	0	model_project/data_audit/results/per_file_records/CDS/Malus_sylvestris.rga.cds.fa.records.tsv
Malus_sylvestris	protein	Malus_sylvestris.rga.pro.fa	downloads/sequences/protein/Malus_sylvestris.rga.pro.fa	2727	2402159	46	880.8797213054639	728	219.0	1982.0	6440	1039	0	0	0	0	0	0	0	model_project/data_audit/results/per_file_records/protein/Malus_sylvestris.rga.pro.fa.records.tsv
Manihot_esculenta	CDS	Manihot_esculenta.rga.cds.fa	downloads/sequences/CDS/Manihot_esculenta.rga.cds.fa	2196	4700763	216	2140.6024590163934	2025.0	804.75	3678.75	9468	2481	0	0	0	0	15	43	0	model_project/data_audit/results/per_file_records/CDS/Manihot_esculenta.rga.cds.fa.records.tsv
Manihot_esculenta	protein	Manihot_esculenta.rga.pro.fa	downloads/sequences/protein/Manihot_esculenta.rga.pro.fa	2196	1566921	72	713.5341530054645	675.0	268.25	1226.25	3156	827	0	0	0	0	0	0	2153	model_project/data_audit/results/per_file_records/protein/Manihot_esculenta.rga.pro.fa.records.tsv
Marchantia_polymorpha	CDS	Marchantia_polymorpha.rga.cds.fa	downloads/sequences/CDS/Marchantia_polymorpha.rga.cds.fa	607	1333275	204	2196.499176276771	2058	651.9	4017.2999999999993	12624	2685	0	0	0	0	11	12	0	model_project/data_audit/results/per_file_records/CDS/Marchantia_polymorpha.rga.cds.fa.records.tsv
Marchantia_polymorpha	protein	Marchantia_polymorpha.rga.pro.fa	downloads/sequences/protein/Marchantia_polymorpha.rga.pro.fa	607	443830	67	731.1861614497528	685	216.3	1338.1	4207	894	0	0	0	0	0	0	0	model_project/data_audit/results/per_file_records/protein/Marchantia_polymorpha.rga.pro.fa.records.tsv
Medicago_polymorpha	CDS	Medicago_polymorpha.rga.cds.fa	downloads/sequences/CDS/Medicago_polymorpha.rga.cds.fa	1991	3709020	216	1862.8930185836264	1734	510.0	3628.5	9036	2250	0	0	0	0	0	0	0	model_project/data_audit/results/per_file_records/CDS/Medicago_polymorpha.rga.cds.fa.records.tsv
Medicago_polymorpha	protein	Medicago_polymorpha.rga.pro.fa	downloads/sequences/protein/Medicago_polymorpha.rga.pro.fa	1991	1234349	71	619.9643395278755	577	169.0	1208.5	3011	749	0	0	0	0	0	0	0	model_project/data_audit/results/per_file_records/protein/Medicago_polymorpha.rga.pro.fa.records.tsv
Medicago_truncatula	CDS	Medicago_truncatula.rga.cds.fa	downloads/sequences/CDS/Medicago_truncatula.rga.cds.fa	3078	6436089	156	2090.997076023392	2004.0	372.0	3908.2499999999945	9303	2673	0	0	0	0	14	22	0	model_project/data_audit/results/per_file_records/CDS/Medicago_truncatula.rga.cds.fa.records.tsv
Medicago_truncatula	protein	Medicago_truncatula.rga.pro.fa	downloads/sequences/protein/Medicago_truncatula.rga.pro.fa	3078	2142307	51	696.0061728395061	667.0	123.85000000000002	1301.7499999999982	3100	890	0	0	0	0	0	0	0	model_project/data_audit/results/per_file_records/protein/Medicago_truncatula.rga.pro.fa.records.tsv
Megacarpaea_delavayi	CDS	Megacarpaea_delavayi.rga.cds.fa	downloads/sequences/CDS/Megacarpaea_delavayi.rga.cds.fa	1592	2735553	180	1718.3121859296482	1555.5	537.0	3301.7999999999956	8055	1983	0	0	0	0	27	17	0	model_project/data_audit/results/per_file_records/CDS/Megacarpaea_delavayi.rga.cds.fa.records.tsv
Megacarpaea_delavayi	protein	Megacarpaea_delavayi.rga.pro.fa	downloads/sequences/protein/Megacarpaea_delavayi.rga.pro.fa	1592	911851	60	572.7707286432161	518.5	179.0	1100.5999999999985	2685	661	0	0	0	0	0	0	1575	model_project/data_audit/results/per_file_records/protein/Megacarpaea_delavayi.rga.pro.fa.records.tsv
Megadenia_pygmaea	CDS	Megadenia_pygmaea.rga.cds.fa	downloads/sequences/CDS/Megadenia_pygmaea.rga.cds.fa	1422	2661060	240	1871.350210970464	1752.0	567.3	3503.8500000000004	7530	2175	0	0	0	0	0	0	0	model_project/data_audit/results/per_file_records/CDS/Megadenia_pygmaea.rga.cds.fa.records.tsv
Megadenia_pygmaea	protein	Megadenia_pygmaea.rga.pro.fa	downloads/sequences/protein/Megadenia_pygmaea.rga.pro.fa	1422	885598	79	622.7834036568214	583.0	188.1	1166.95	2509	724	0	0	0	0	0	0	0	model_project/data_audit/results/per_file_records/protein/Megadenia_pygmaea.rga.pro.fa.records.tsv
Melaleuca_alternifolia	CDS	Melaleuca_alternifolia.rga.cds.fa	downloads/sequences/CDS/Melaleuca_alternifolia.rga.cds.fa	3255	5916306	159	1817.605529953917	1683	477.0	3631.499999999996	8442	2319	0	0	0	0	0	0	0	model_project/data_audit/results/per_file_records/CDS/Melaleuca_alternifolia.rga.cds.fa.records.tsv
Melaleuca_alternifolia	protein	Melaleuca_alternifolia.rga.pro.fa	downloads/sequences/protein/Melaleuca_alternifolia.rga.pro.fa	3255	1968847	52	604.868509984639	560	158.0	1209.4999999999986	2813	772	0	0	0	0	0	0	0	model_project/data_audit/results/per_file_records/protein/Melaleuca_alternifolia.rga.pro.fa.records.tsv
Melastoma_dodecandrum	CDS	Melastoma_dodecandrum.rga.cds.fa	downloads/sequences/CDS/Melastoma_dodecandrum.rga.cds.fa	1567	2826576	156	1803.8136566687938	1641	513.9000000000001	3412.199999999999	13452	2076	0	0	0	0	0	0	0	model_project/data_audit/results/per_file_records/CDS/Melastoma_dodecandrum.rga.cds.fa.records.tsv
Melastoma_dodecandrum	protein	Melastoma_dodecandrum.rga.pro.fa	downloads/sequences/protein/Melastoma_dodecandrum.rga.pro.fa	1567	942192	52	601.271218889598	547	171.3	1137.3999999999996	4484	692	0	0	0	0	0	0	1567	model_project/data_audit/results/per_file_records/protein/Melastoma_dodecandrum.rga.pro.fa.records.tsv
Melilotus_albus	CDS	Melilotus_albus.rga.cds.fa	downloads/sequences/CDS/Melilotus_albus.rga.cds.fa	2005	4080900	207	2035.361596009975	1950	498.6	3674.3999999999996	12636	2463	0	0	0	0	0	0	0	model_project/data_audit/results/per_file_records/CDS/Melilotus_albus.rga.cds.fa.records.tsv
Melilotus_albus	protein	Melilotus_albus.rga.pro.fa	downloads/sequences/protein/Melilotus_albus.rga.pro.fa	2005	1358295	68	677.4538653366584	649	165.20000000000002	1223.8	4211	820	0	0	0	0	0	0	0	model_project/data_audit/results/per_file_records/protein/Melilotus_albus.rga.pro.fa.records.tsv
Mesembryanthemum_crystallinum	CDS	Mesembryanthemum_crystallinum.rga.cds.fa	downloads/sequences/CDS/Mesembryanthemum_crystallinum.rga.cds.fa	957	1897489	234	1982.7471264367816	1881	653.4	3721.7999999999993	9171	2220	0	0	0	2	7	2	0	model_project/data_audit/results/per_file_records/CDS/Mesembryanthemum_crystallinum.rga.cds.fa.records.tsv
Mesembryanthemum_crystallinum	protein	Mesembryanthemum_crystallinum.rga.pro.fa	downloads/sequences/protein/Mesembryanthemum_crystallinum.rga.pro.fa	957	631540	77	659.9164054336468	626	216.8	1239.6	3056	739	0	0	0	0	0	0	0	model_project/data_audit/results/per_file_records/protein/Mesembryanthemum_crystallinum.rga.pro.fa.records.tsv
Mesostigma_viride	CDS	Mesostigma_viride.rga.cds.fa	downloads/sequences/CDS/Mesostigma_viride.rga.cds.fa	285	603078	267	2116.063157894737	1689	517.8	5177.400000000002	8385	2655	0	0	0	0	0	0	0	model_project/data_audit/results/per_file_records/CDS/Mesostigma_viride.rga.cds.fa.records.tsv
Mesostigma_viride	protein	Mesostigma_viride.rga.pro.fa	downloads/sequences/protein/Mesostigma_viride.rga.pro.fa	285	200741	88	704.3543859649122	562	171.6	1724.8000000000006	2794	890	0	0	0	0	0	0	0	model_project/data_audit/results/per_file_records/protein/Mesostigma_viride.rga.pro.fa.records.tsv
Mesotaenium_endlicherianum	CDS	Mesotaenium_endlicherianum.rga.cds.fa	downloads/sequences/CDS/Mesotaenium_endlicherianum.rga.cds.fa	332	612879	96	1846.0210843373493	1585.5	390.0	4295.7	7170	2313	0	0	0	0	30	23	0	model_project/data_audit/results/per_file_records/CDS/Mesotaenium_endlicherianum.rga.cds.fa.records.tsv
Mesotaenium_endlicherianum	protein	Mesotaenium_endlicherianum.rga.pro.fa	downloads/sequences/protein/Mesotaenium_endlicherianum.rga.pro.fa	332	203984	32	614.4096385542168	527.5	129.55	1430.9	2389	770	0	0	0	0	0	0	0	model_project/data_audit/results/per_file_records/protein/Mesotaenium_endlicherianum.rga.pro.fa.records.tsv
Mesua_ferrea	CDS	Mesua_ferrea.rga.cds.fa	downloads/sequences/CDS/Mesua_ferrea.rga.cds.fa	2555	4208961	171	1647.3428571428572	1467	327.0	3460.7999999999984	9711	2106	0	0	0	0	0	0	0	model_project/data_audit/results/per_file_records/CDS/Mesua_ferrea.rga.cds.fa.records.tsv
Mesua_ferrea	protein	Mesua_ferrea.rga.pro.fa	downloads/sequences/protein/Mesua_ferrea.rga.pro.fa	2555	1400432	56	548.1142857142858	488	108.0	1152.5999999999995	3236	701	0	0	0	0	0	0	0	model_project/data_audit/results/per_file_records/protein/Mesua_ferrea.rga.pro.fa.records.tsv
Micractinium_conductrix	CDS	Micractinium_conductrix.rga.cds.fa	downloads/sequences/CDS/Micractinium_conductrix.rga.cds.fa	293	876066	285	2989.9863481228667	2562	946.8	6552.0	17115	3615	0	0	0	0	0	0	0	model_project/data_audit/results/per_file_records/CDS/Micractinium_conductrix.rga.cds.fa.records.tsv
Micractinium_conductrix	protein	Micractinium_conductrix.rga.pro.fa	downloads/sequences/protein/Micractinium_conductrix.rga.pro.fa	293	291729	94	995.6621160409557	853	314.6	2183.0	5704	1204	0	0	0	0	0	0	0	model_project/data_audit/results/per_file_records/protein/Micractinium_conductrix.rga.pro.fa.records.tsv
Micromonas_pusilla	CDS	Micromonas_pusilla.rga.cds.fa	downloads/sequences/CDS/Micromonas_pusilla.rga.cds.fa	213	323514	174	1518.8450704225352	1203	489.0	3740.399999999994	5982	1752	0	0	0	0	34	58	0	model_project/data_audit/results/per_file_records/CDS/Micromonas_pusilla.rga.cds.fa.records.tsv
Micromonas_pusilla	protein	Micromonas_pusilla.rga.pro.fa	downloads/sequences/protein/Micromonas_pusilla.rga.pro.fa	213	107683	57	505.55399061032864	400	163.00000000000003	1245.799999999998	1993	583	0	0	0	0	0	0	0	model_project/data_audit/results/per_file_records/protein/Micromonas_pusilla.rga.pro.fa.records.tsv
Microthlaspi_erraticum	CDS	Microthlaspi_erraticum.rga.cds.fa	downloads/sequences/CDS/Microthlaspi_erraticum.rga.cds.fa	1899	3372073	201	1775.7098472880464	1704	437.70000000000005	3363.0	8145	2145	0	0	0	7	1	13	0	model_project/data_audit/results/per_file_records/CDS/Microthlaspi_erraticum.rga.cds.fa.records.tsv
Microthlaspi_erraticum	protein	Microthlaspi_erraticum.rga.pro.fa	downloads/sequences/protein/Microthlaspi_erraticum.rga.pro.fa	1899	1122135	66	590.9083728278041	567	144.9	1120.0	2714	714	0	0	0	0	0	0	0	model_project/data_audit/results/per_file_records/protein/Microthlaspi_erraticum.rga.pro.fa.records.tsv
Mikania_micrantha	CDS	Mikania_micrantha.rga.cds.fa	downloads/sequences/CDS/Mikania_micrantha.rga.cds.fa	2474	5006241	216	2023.5412287793047	1884.0	670.95	3870.0	11685	2358	0	0	0	0	0	0	0	model_project/data_audit/results/per_file_records/CDS/Mikania_micrantha.rga.cds.fa.records.tsv
Mikania_micrantha	protein	Mikania_micrantha.rga.pro.fa	downloads/sequences/protein/Mikania_micrantha.rga.pro.fa	2474	1668747	72	674.5137429264349	628.0	223.65	1290.0	3895	786	0	0	0	0	0	0	2474	model_project/data_audit/results/per_file_records/protein/Mikania_micrantha.rga.pro.fa.records.tsv
Mimosa_pudica	CDS	Mimosa_pudica.rga.cds.fa	downloads/sequences/CDS/Mimosa_pudica.rga.cds.fa	1659	3747636	123	2258.97287522604	1902	485.70000000000005	5394.299999999991	11460	2802	0	0	0	0	0	0	0	model_project/data_audit/results/per_file_records/CDS/Mimosa_pudica.rga.cds.fa.records.tsv
Mimosa_pudica	protein	Mimosa_pudica.rga.pro.fa	downloads/sequences/protein/Mimosa_pudica.rga.pro.fa	1659	1247553	40	751.99095840868	633	160.9	1797.0999999999972	3819	936	0	0	0	0	0	0	0	model_project/data_audit/results/per_file_records/protein/Mimosa_pudica.rga.pro.fa.records.tsv
Mimulus_guttatus	CDS	Mimulus_guttatus.rga.cds.fa	downloads/sequences/CDS/Mimulus_guttatus.rga.cds.fa	1638	3210042	198	1959.7326007326008	1920.0	845.1	3336.45	5181	2325	0	0	0	0	107	52	0	model_project/data_audit/results/per_file_records/CDS/Mimulus_guttatus.rga.cds.fa.records.tsv
Mimulus_guttatus	protein	Mimulus_guttatus.rga.pro.fa	downloads/sequences/protein/Mimulus_guttatus.rga.pro.fa	1638	1068428	65	652.2759462759462	639.0	280.70000000000005	1111.1499999999999	1726	774	0	0	0	0	0	0	0	model_project/data_audit/results/per_file_records/protein/Mimulus_guttatus.rga.pro.fa.records.tsv
Mimulus_luteus	CDS	Mimulus_luteus.rga.cds.fa	downloads/sequences/CDS/Mimulus_luteus.rga.cds.fa	2478	4879368	183	1969.0750605326878	1806.0	618.0	3927.4500000000003	11946	2322	0	0	0	0	78	38	0	model_project/data_audit/results/per_file_records/CDS/Mimulus_luteus.rga.cds.fa.records.tsv
Mimulus_luteus	protein	Mimulus_luteus.rga.pro.fa	downloads/sequences/protein/Mimulus_luteus.rga.pro.fa	2478	1623985	61	655.361178369653	601.0	205.0	1308.15	3981	773	0	0	0	0	0	0	0	model_project/data_audit/results/per_file_records/protein/Mimulus_luteus.rga.pro.fa.records.tsv
Miscanthus_lutarioriparius	CDS	Miscanthus_lutarioriparius.rga.cds.fa	downloads/sequences/CDS/Miscanthus_lutarioriparius.rga.cds.fa	4173	8401404	168	2013.276779295471	1917	585.0	3738.0	9411	2448	0	0	0	3	6	4	0	model_project/data_audit/results/per_file_records/CDS/Miscanthus_lutarioriparius.rga.cds.fa.records.tsv
Miscanthus_lutarioriparius	protein	Miscanthus_lutarioriparius.rga.pro.fa	downloads/sequences/protein/Miscanthus_lutarioriparius.rga.pro.fa	4173	2796298	55	670.0929786724179	638	194.0	1245.0	3136	815	0	0	0	0	0	0	0	model_project/data_audit/results/per_file_records/protein/Miscanthus_lutarioriparius.rga.pro.fa.records.tsv
Miscanthus_sinensis	CDS	Miscanthus_sinensis.rga.cds.fa	downloads/sequences/CDS/Miscanthus_sinensis.rga.cds.fa	3936	7492197	129	1903.5053353658536	1849.5	624.0	3420.75	5421	2226	0	0	0	0	163	145	0	model_project/data_audit/results/per_file_records/CDS/Miscanthus_sinensis.rga.cds.fa.records.tsv
Miscanthus_sinensis	protein	Miscanthus_sinensis.rga.pro.fa	downloads/sequences/protein/Miscanthus_sinensis.rga.pro.fa	3936	2493608	42	633.5386178861788	615.5	207.0	1139.25	1806	741	0	0	0	0	0	0	0	model_project/data_audit/results/per_file_records/protein/Miscanthus_sinensis.rga.pro.fa.records.tsv
Misopates_orontium	CDS	Misopates_orontium.rga.cds.fa	downloads/sequences/CDS/Misopates_orontium.rga.cds.fa	1671	3294432	255	1971.5332136445243	1905	682.5	3513.0	7296	2301	0	0	0	0	0	0	0	model_project/data_audit/results/per_file_records/CDS/Misopates_orontium.rga.cds.fa.records.tsv
Misopates_orontium	protein	Misopates_orontium.rga.pro.fa	downloads/sequences/protein/Misopates_orontium.rga.pro.fa	1671	1096473	84	656.177737881508	634	226.5	1170.0	2431	766	0	0	0	0	0	0	0	model_project/data_audit/results/per_file_records/protein/Misopates_orontium.rga.pro.fa.records.tsv
Momordica_charantia	CDS	Momordica_charantia.rga.cds.fa	downloads/sequences/CDS/Momordica_charantia.rga.cds.fa	1129	2326839	303	2060.9734278122232	1929	624.6000000000001	4018.7999999999984	8793	2421	0	0	0	0	0	1	0	model_project/data_audit/results/per_file_records/CDS/Momordica_charantia.rga.cds.fa.records.tsv
Momordica_charantia	protein	Momordica_charantia.rga.pro.fa	downloads/sequences/protein/Momordica_charantia.rga.pro.fa	1129	774485	100	685.992028343667	642	207.20000000000002	1338.5999999999995	2930	806	0	0	0	0	0	0	0	model_project/data_audit/results/per_file_records/protein/Momordica_charantia.rga.pro.fa.records.tsv
Monoraphidium_neglectum	CDS	Monoraphidium_neglectum.rga.cds.fa	downloads/sequences/CDS/Monoraphidium_neglectum.rga.cds.fa	401	413243	153	1030.5311720698255	783	225	2454	10116	1365	0	0	0	20	26	46	0	model_project/data_audit/results/per_file_records/CDS/Monoraphidium_neglectum.rga.cds.fa.records.tsv
Monoraphidium_neglectum	protein	Monoraphidium_neglectum.rga.pro.fa	downloads/sequences/protein/Monoraphidium_neglectum.rga.pro.fa	401	192201	56	479.30423940149626	381	115	1075	5200	616	0	0	0	0	0	0	0	model_project/data_audit/results/per_file_records/protein/Monoraphidium_neglectum.rga.pro.fa.records.tsv
Morella_rubra	CDS	Morella_rubra.rga.cds.fa	downloads/sequences/CDS/Morella_rubra.rga.cds.fa	1826	3129258	159	1713.7228915662652	1593.0	444.0	3407.25	7311	2076	0	0	0	0	12	0	0	model_project/data_audit/results/per_file_records/CDS/Morella_rubra.rga.cds.fa.records.tsv
Morella_rubra	protein	Morella_rubra.rga.pro.fa	downloads/sequences/protein/Morella_rubra.rga.pro.fa	1826	1041260	52	570.2409638554217	530.0	147.0	1134.75	2436	692	0	0	0	0	0	0	0	model_project/data_audit/results/per_file_records/protein/Morella_rubra.rga.pro.fa.records.tsv
Moricandia_sinaica	CDS	Moricandia_sinaica.rga.cds.fa	downloads/sequences/CDS/Moricandia_sinaica.rga.cds.fa	1966	3415893	168	1737.4837232960326	1575.0	435.0	3428.25	10395	2052	0	0	0	0	350	252	0	model_project/data_audit/results/per_file_records/CDS/Moricandia_sinaica.rga.cds.fa.records.tsv
Moricandia_sinaica	protein	Moricandia_sinaica.rga.pro.fa	downloads/sequences/protein/Moricandia_sinaica.rga.pro.fa	1966	1136917	55	578.2894201424211	524.0	144.0	1141.75	3464	683	0	0	0	0	0	0	0	model_project/data_audit/results/per_file_records/protein/Moricandia_sinaica.rga.pro.fa.records.tsv
Moricandia_spinosa	CDS	Moricandia_spinosa.rga.cds.fa	downloads/sequences/CDS/Moricandia_spinosa.rga.cds.fa	2855	3906309	141	1368.2343257443083	1200	251.10000000000005	3033.899999999999	11706	1854	0	0	0	0	311	149	0	model_project/data_audit/results/per_file_records/CDS/Moricandia_spinosa.rga.cds.fa.records.tsv
Moricandia_spinosa	protein	Moricandia_spinosa.rga.pro.fa	downloads/sequences/protein/Moricandia_spinosa.rga.pro.fa	2855	1299397	47	455.1302977232925	399	83.0	1010.2999999999997	3901	618	0	0	0	0	0	0	0	model_project/data_audit/results/per_file_records/protein/Moricandia_spinosa.rga.pro.fa.records.tsv
Moricandia_suffruticosa	CDS	Moricandia_suffruticosa.rga.cds.fa	downloads/sequences/CDS/Moricandia_suffruticosa.rga.cds.fa	2137	3891780	180	1821.1417875526438	1719	443.40000000000003	3517.199999999999	11241	2136	0	0	0	0	266	151	0	model_project/data_audit/results/per_file_records/CDS/Moricandia_suffruticosa.rga.cds.fa.records.tsv
Moricandia_suffruticosa	protein	Moricandia_suffruticosa.rga.pro.fa	downloads/sequences/protein/Moricandia_suffruticosa.rga.pro.fa	2137	1295274	59	606.1179223210107	572	146.8	1171.3999999999996	3746	713	0	0	0	0	0	0	0	model_project/data_audit/results/per_file_records/protein/Moricandia_suffruticosa.rga.pro.fa.records.tsv
Moringa_oleifera	CDS	Moringa_oleifera.rga.cds.fa	downloads/sequences/CDS/Moringa_oleifera.rga.cds.fa	873	1637517	189	1875.7353951890034	1818	573.0	3377.4	7224	2148	0	0	0	0	0	0	0	model_project/data_audit/results/per_file_records/CDS/Moringa_oleifera.rga.cds.fa.records.tsv
Moringa_oleifera	protein	Moringa_oleifera.rga.pro.fa	downloads/sequences/protein/Moringa_oleifera.rga.pro.fa	873	544947	62	624.2233676975945	605	190.0	1124.8	2407	715	0	0	0	0	0	0	0	model_project/data_audit/results/per_file_records/protein/Moringa_oleifera.rga.pro.fa.records.tsv
Mucuna_pruriens	CDS	Mucuna_pruriens.rga.cds.fa	downloads/sequences/CDS/Mucuna_pruriens.rga.cds.fa	1628	3201210	180	1966.3452088452088	1881.0	694.05	3408.0	12312	2244	0	0	0	0	14	0	0	model_project/data_audit/results/per_file_records/CDS/Mucuna_pruriens.rga.cds.fa.records.tsv
Mucuna_pruriens	protein	Mucuna_pruriens.rga.pro.fa	downloads/sequences/protein/Mucuna_pruriens.rga.pro.fa	1628	1065442	59	654.448402948403	626.0	230.35000000000002	1135.0	4103	747	0	0	0	0	0	0	0	model_project/data_audit/results/per_file_records/protein/Mucuna_pruriens.rga.pro.fa.records.tsv
Murraya_paniculata	CDS	Murraya_paniculata.rga.cds.fa	downloads/sequences/CDS/Murraya_paniculata.rga.cds.fa	1272	2419627	204	1902.2224842767296	1821.0	576.0	3403.3500000000004	9534	2259	0	0	0	8	3	8	0	model_project/data_audit/results/per_file_records/CDS/Murraya_paniculata.rga.cds.fa.records.tsv
Murraya_paniculata	protein	Murraya_paniculata.rga.pro.fa	downloads/sequences/protein/Murraya_paniculata.rga.pro.fa	1272	806539	68	634.0715408805031	607.0	192.0	1134.45	3178	753	0	0	0	0	0	0	1264	model_project/data_audit/results/per_file_records/protein/Murraya_paniculata.rga.pro.fa.records.tsv
Musa_acuminata	CDS	Musa_acuminata.rga.cds.fa	downloads/sequences/CDS/Musa_acuminata.rga.cds.fa	1814	3758904	126	2072.1631753031975	1962.0	838.8000000000001	3699.0	8595	2403	0	0	0	0	61	50	0	model_project/data_audit/results/per_file_records/CDS/Musa_acuminata.rga.cds.fa.records.tsv
Musa_acuminata	protein	Musa_acuminata.rga.pro.fa	downloads/sequences/protein/Musa_acuminata.rga.pro.fa	1814	1251204	41	689.7486218302095	653.0	278.6	1232.0	2864	801	0	0	0	0	0	0	0	model_project/data_audit/results/per_file_records/protein/Musa_acuminata.rga.pro.fa.records.tsv
Musa_balbisiana	CDS	Musa_balbisiana.rga.cds.fa	downloads/sequences/CDS/Musa_balbisiana.rga.cds.fa	1354	2565225	198	1894.55317577548	1800.0	721.95	3430.0499999999997	7644	2145	0	0	0	0	0	0	0	model_project/data_audit/results/per_file_records/CDS/Musa_balbisiana.rga.cds.fa.records.tsv
Musa_balbisiana	protein	Musa_balbisiana.rga.pro.fa	downloads/sequences/protein/Musa_balbisiana.rga.pro.fa	1354	853721	65	630.5177252584933	599.0	239.65	1142.35	2547	715	0	0	0	0	0	0	0	model_project/data_audit/results/per_file_records/protein/Musa_balbisiana.rga.pro.fa.records.tsv
Musa_beccarii	CDS	Musa_beccarii.rga.cds.fa	downloads/sequences/CDS/Musa_beccarii.rga.cds.fa	1707	3218231	198	1885.3140011716462	1827	621.9000000000001	3407.0999999999995	5940	2166	0	0	0	5	9	7	0	model_project/data_audit/results/per_file_records/CDS/Musa_beccarii.rga.cds.fa.records.tsv
Musa_beccarii	protein	Musa_beccarii.rga.pro.fa	downloads/sequences/protein/Musa_beccarii.rga.pro.fa	1707	1071041	65	627.4405389572349	608	206.3	1134.6999999999998	1979	722	0	0	0	0	0	0	0	model_project/data_audit/results/per_file_records/protein/Musa_beccarii.rga.pro.fa.records.tsv
Musa_itinerans	CDS	Musa_itinerans.rga.cds.fa	downloads/sequences/CDS/Musa_itinerans.rga.cds.fa	1352	2425596	111	1794.0798816568047	1629.0	576.0	3247.3500000000004	5847	2094	0	0	0	0	582	894	0	model_project/data_audit/results/per_file_records/CDS/Musa_itinerans.rga.cds.fa.records.tsv
Musa_itinerans	protein	Musa_itinerans.rga.pro.fa	downloads/sequences/protein/Musa_itinerans.rga.pro.fa	1352	808074	37	597.6878698224853	542.0	192.0	1082.0	1949	697	0	0	0	0	0	0	0	model_project/data_audit/results/per_file_records/protein/Musa_itinerans.rga.pro.fa.records.tsv
Musa_schizocarpa	CDS	Musa_schizocarpa.rga.cds.fa	downloads/sequences/CDS/Musa_schizocarpa.rga.cds.fa	1553	2901144	138	1868.0901481004507	1782	684.0000000000002	3368.399999999999	7788	2115	0	0	0	0	184	127	0	model_project/data_audit/results/per_file_records/CDS/Musa_schizocarpa.rga.cds.fa.records.tsv
Musa_schizocarpa	protein	Musa_schizocarpa.rga.pro.fa	downloads/sequences/protein/Musa_schizocarpa.rga.pro.fa	1553	965622	46	621.7784932388925	593	227.00000000000006	1121.7999999999997	2595	704	0	0	0	0	0	0	0	model_project/data_audit/results/per_file_records/protein/Musa_schizocarpa.rga.pro.fa.records.tsv
Musa_textilis	CDS	Musa_textilis.rga.cds.fa	downloads/sequences/CDS/Musa_textilis.rga.cds.fa	1544	2597433	189	1682.2752590673574	1510.5	450.45000000000005	3381.2999999999984	8157	2037	0	0	0	0	16	14	0	model_project/data_audit/results/per_file_records/CDS/Musa_textilis.rga.cds.fa.records.tsv
Musa_textilis	protein	Musa_textilis.rga.pro.fa	downloads/sequences/protein/Musa_textilis.rga.pro.fa	1544	865803	63	560.7532383419689	503.5	150.15	1127.0999999999995	2719	679	0	0	0	0	0	0	1528	model_project/data_audit/results/per_file_records/protein/Musa_textilis.rga.pro.fa.records.tsv
Musa_troglodytarum	CDS	Musa_troglodytarum.rga.cds.fa	downloads/sequences/CDS/Musa_troglodytarum.rga.cds.fa	1792	3577851	147	1996.568638392857	1866.0	559.95	3837.0	7737	2382	0	0	0	0	94	32	0	model_project/data_audit/results/per_file_records/CDS/Musa_troglodytarum.rga.cds.fa.records.tsv
Musa_troglodytarum	protein	Musa_troglodytarum.rga.pro.fa	downloads/sequences/protein/Musa_troglodytarum.rga.pro.fa	1792	1190857	48	664.5407366071429	621.0	185.65000000000003	1278.0	2578	794	0	0	0	0	0	0	0	model_project/data_audit/results/per_file_records/protein/Musa_troglodytarum.rga.pro.fa.records.tsv
Nelumbo_nucifera	CDS	Nelumbo_nucifera.rga.cds.fa	downloads/sequences/CDS/Nelumbo_nucifera.rga.cds.fa	1735	3123978	180	1800.5636887608068	1761	407.1	3402.0	5439	2208	0	0	0	0	3	5	0	model_project/data_audit/results/per_file_records/CDS/Nelumbo_nucifera.rga.cds.fa.records.tsv
Nelumbo_nucifera	protein	Nelumbo_nucifera.rga.pro.fa	downloads/sequences/protein/Nelumbo_nucifera.rga.pro.fa	1735	1041326	60	600.1878962536023	587	135.7	1134.0	1813	736	0	0	0	0	0	0	1730	model_project/data_audit/results/per_file_records/protein/Nelumbo_nucifera.rga.pro.fa.records.tsv
Neolamarckia_cadamba	CDS	Neolamarckia_cadamba.rga.cds.fa	downloads/sequences/CDS/Neolamarckia_cadamba.rga.cds.fa	1774	3085131	183	1739.0817361894026	1563.0	511.95	3336.0	5868	2070	0	0	0	18	10	21	0	model_project/data_audit/results/per_file_records/CDS/Neolamarckia_cadamba.rga.cds.fa.records.tsv
Neolamarckia_cadamba	protein	Neolamarckia_cadamba.rga.pro.fa	downloads/sequences/protein/Neolamarckia_cadamba.rga.pro.fa	1774	1026621	60	578.7040586245772	520.0	169.65	1111.0	1955	689	0	0	0	0	0	0	0	model_project/data_audit/results/per_file_records/protein/Neolamarckia_cadamba.rga.pro.fa.records.tsv
Nepeta_cataria	CDS	Nepeta_cataria.rga.cds.fa	downloads/sequences/CDS/Nepeta_cataria.rga.cds.fa	4125	7293279	267	1768.0676363636364	1659	645.0	3227.399999999999	6945	2049	2474	0	0	0	0	0	0	model_project/data_audit/results/per_file_records/CDS/Nepeta_cataria.rga.cds.fa.records.tsv
Nepeta_cataria	protein	Nepeta_cataria.rga.pro.fa	downloads/sequences/protein/Nepeta_cataria.rga.pro.fa	4125	2431093	89	589.3558787878787	553	215.0	1075.7999999999997	2315	683	0	0	0	0	0	0	4125	model_project/data_audit/results/per_file_records/protein/Nepeta_cataria.rga.pro.fa.records.tsv
Nepeta_mussinii	CDS	Nepeta_mussinii.rga.cds.fa	downloads/sequences/CDS/Nepeta_mussinii.rga.cds.fa	2355	4427334	237	1879.971974522293	1800	753.0	3303.899999999999	8352	2151	1685	0	0	0	0	0	0	model_project/data_audit/results/per_file_records/CDS/Nepeta_mussinii.rga.cds.fa.records.tsv
Nepeta_mussinii	protein	Nepeta_mussinii.rga.pro.fa	downloads/sequences/protein/Nepeta_mussinii.rga.pro.fa	2355	1475778	79	626.6573248407643	600	251.0	1101.2999999999997	2784	717	0	0	0	0	0	0	2355	model_project/data_audit/results/per_file_records/protein/Nepeta_mussinii.rga.pro.fa.records.tsv
Nephelium_lappaceum	CDS	Nephelium_lappaceum.rga.cds.fa	downloads/sequences/CDS/Nephelium_lappaceum.rga.cds.fa	4352	8312733	150	1910.0948988970588	1696.5	273.0	4370.699999999999	13209	2742	0	0	0	0	188	160	0	model_project/data_audit/results/per_file_records/CDS/Nephelium_lappaceum.rga.cds.fa.records.tsv
Nephelium_lappaceum	protein	Nephelium_lappaceum.rga.pro.fa	downloads/sequences/protein/Nephelium_lappaceum.rga.pro.fa	4352	2766719	50	635.7350643382352	564.5	90.0	1455.8999999999996	4402	914	0	0	0	0	0	0	0	model_project/data_audit/results/per_file_records/protein/Nephelium_lappaceum.rga.pro.fa.records.tsv
Nicandra_physalodes	CDS	Nicandra_physalodes.rga.cds.fa	downloads/sequences/CDS/Nicandra_physalodes.rga.cds.fa	1427	2998197	216	2101.049053959355	1974	624.0	3965.7000000000007	7791	2496	0	0	0	0	0	0	0	model_project/data_audit/results/per_file_records/CDS/Nicandra_physalodes.rga.cds.fa.records.tsv
Nicandra_physalodes	protein	Nicandra_physalodes.rga.pro.fa	downloads/sequences/protein/Nicandra_physalodes.rga.pro.fa	1427	997972	71	699.3496846531184	657	207.0	1320.9000000000003	2596	831	0	0	0	0	0	0	0	model_project/data_audit/results/per_file_records/protein/Nicandra_physalodes.rga.pro.fa.records.tsv
Nicotiana_attenuata	CDS	Nicotiana_attenuata.rga.cds.fa	downloads/sequences/CDS/Nicotiana_attenuata.rga.cds.fa	1910	3734560	246	1955.2670157068062	1846.5	763.05	3678.5999999999995	6579	2214	0	0	0	1	12	3	0	model_project/data_audit/results/per_file_records/CDS/Nicotiana_attenuata.rga.cds.fa.records.tsv
Nicotiana_attenuata	protein	Nicotiana_attenuata.rga.pro.fa	downloads/sequences/protein/Nicotiana_attenuata.rga.pro.fa	1910	1242982	81	650.7759162303665	614.5	253.35000000000002	1225.1999999999998	2192	737	0	0	0	0	0	0	0	model_project/data_audit/results/per_file_records/protein/Nicotiana_attenuata.rga.pro.fa.records.tsv
Nicotiana_benthamiana	CDS	Nicotiana_benthamiana.rga.cds.fa	downloads/sequences/CDS/Nicotiana_benthamiana.rga.cds.fa	1958	3443244	288	1758.5515832482124	1620.0	566.55	3296.6999999999975	5514	2049	0	0	0	0	234	66	0	model_project/data_audit/results/per_file_records/CDS/Nicotiana_benthamiana.rga.cds.fa.records.tsv
Nicotiana_benthamiana	protein	Nicotiana_benthamiana.rga.pro.fa	downloads/sequences/protein/Nicotiana_benthamiana.rga.pro.fa	1958	1145856	95	585.217568947906	539.0	187.85000000000002	1097.8999999999992	1837	682	0	0	0	0	0	0	0	model_project/data_audit/results/per_file_records/protein/Nicotiana_benthamiana.rga.pro.fa.records.tsv
Nicotiana_longiflora	CDS	Nicotiana_longiflora.rga.cds.fa	downloads/sequences/CDS/Nicotiana_longiflora.rga.cds.fa	1999	3899889	168	1950.91995997999	1881	456.0	3780.2999999999997	7878	2442	0	0	0	0	1	0	0	model_project/data_audit/results/per_file_records/CDS/Nicotiana_longiflora.rga.cds.fa.records.tsv
Nicotiana_longiflora	protein	Nicotiana_longiflora.rga.pro.fa	downloads/sequences/protein/Nicotiana_longiflora.rga.pro.fa	1999	1297964	55	649.3066533266633	626	151.0	1259.1	2625	813	0	0	0	0	0	0	0	model_project/data_audit/results/per_file_records/protein/Nicotiana_longiflora.rga.pro.fa.records.tsv
Nicotiana_sylvestris	CDS	Nicotiana_sylvestris.rga.cds.fa	downloads/sequences/CDS/Nicotiana_sylvestris.rga.cds.fa	2467	5178265	255	2099.0129712201056	2004	729.9000000000001	3888.0	5478	2427	0	0	0	20	33	41	0	model_project/data_audit/results/per_file_records/CDS/Nicotiana_sylvestris.rga.cds.fa.records.tsv
Nicotiana_sylvestris	protein	Nicotiana_sylvestris.rga.pro.fa	downloads/sequences/protein/Nicotiana_sylvestris.rga.pro.fa	2467	1723655	84	698.6846372111877	667	242.3	1295.0	1825	808	0	0	0	0	0	0	0	model_project/data_audit/results/per_file_records/protein/Nicotiana_sylvestris.rga.pro.fa.records.tsv
Nicotiana_tabacum	CDS	Nicotiana_tabacum.rga.cds.fa	downloads/sequences/CDS/Nicotiana_tabacum.rga.cds.fa	1560	2923503	153	1874.0403846153847	1768.5	422.70000000000005	3777.2999999999993	10440	2262	0	0	0	0	130	190	0	model_project/data_audit/results/per_file_records/CDS/Nicotiana_tabacum.rga.cds.fa.records.tsv
Nicotiana_tabacum	protein	Nicotiana_tabacum.rga.pro.fa	downloads/sequences/protein/Nicotiana_tabacum.rga.pro.fa	1560	973131	51	623.8019230769231	588.5	139.95	1259.05	3479	754	0	0	0	0	0	0	0	model_project/data_audit/results/per_file_records/protein/Nicotiana_tabacum.rga.pro.fa.records.tsv
Nicotiana_tomentosiformis	CDS	Nicotiana_tomentosiformis.rga.cds.fa	downloads/sequences/CDS/Nicotiana_tomentosiformis.rga.cds.fa	2950	5489814	300	1860.9538983050847	1764.0	621.0	3687.0	5331	2154	0	0	0	0	0	72	0	model_project/data_audit/results/per_file_records/CDS/Nicotiana_tomentosiformis.rga.cds.fa.records.tsv
Nicotiana_tomentosiformis	protein	Nicotiana_tomentosiformis.rga.pro.fa	downloads/sequences/protein/Nicotiana_tomentosiformis.rga.pro.fa	2950	1827060	99	619.3423728813559	587.0	206.0	1228.0	1776	717	0	0	0	0	0	0	0	model_project/data_audit/results/per_file_records/protein/Nicotiana_tomentosiformis.rga.pro.fa.records.tsv
Nissolia_schottii	CDS	Nissolia_schottii.rga.cds.fa	downloads/sequences/CDS/Nissolia_schottii.rga.cds.fa	1692	3822747	180	2259.3067375886526	1977.0	436.65000000000003	5105.699999999988	13746	2766	0	0	0	0	0	0	0	model_project/data_audit/results/per_file_records/CDS/Nissolia_schottii.rga.cds.fa.records.tsv
Nissolia_schottii	protein	Nissolia_schottii.rga.pro.fa	downloads/sequences/protein/Nissolia_schottii.rga.pro.fa	1692	1272557	59	752.1022458628842	658.0	144.55	1700.899999999996	4581	921	0	0	0	0	0	0	0	model_project/data_audit/results/per_file_records/protein/Nissolia_schottii.rga.pro.fa.records.tsv
Nymphaea_colorata	CDS	Nymphaea_colorata.rga.cds.fa	downloads/sequences/CDS/Nymphaea_colorata.rga.cds.fa	1367	2765841	141	2023.2926115581565	1968	665.7	3719.1000000000004	5547	2376	0	0	0	0	51	79	0	model_project/data_audit/results/per_file_records/CDS/Nymphaea_colorata.rga.cds.fa.records.tsv
Nymphaea_colorata	protein	Nymphaea_colorata.rga.pro.fa	downloads/sequences/protein/Nymphaea_colorata.rga.pro.fa	1367	920659	46	673.4886613021214	655	220.89999999999998	1238.7	1848	791	0	0	0	0	0	0	0	model_project/data_audit/results/per_file_records/protein/Nymphaea_colorata.rga.pro.fa.records.tsv
Nymphoides_indica	CDS	Nymphoides_indica.rga.cds.fa	downloads/sequences/CDS/Nymphoides_indica.rga.cds.fa	1671	2812221	207	1682.9569120287254	1530	370.5	3520.5	6981	2235	0	0	0	95	269	263	0	model_project/data_audit/results/per_file_records/CDS/Nymphoides_indica.rga.cds.fa.records.tsv
Nymphoides_indica	protein	Nymphoides_indica.rga.pro.fa	downloads/sequences/protein/Nymphoides_indica.rga.pro.fa	1671	935952	68	560.1149012567325	509	123.0	1172.5	2326	744	0	0	0	0	0	0	0	model_project/data_audit/results/per_file_records/protein/Nymphoides_indica.rga.pro.fa.records.tsv
Nyssa_sinensis	CDS	Nyssa_sinensis.rga.cds.fa	downloads/sequences/CDS/Nyssa_sinensis.rga.cds.fa	2222	4132990	210	1860.031503150315	1782.0	570.1500000000001	3443.8499999999995	6993	2184	0	0	0	1	0	1	0	model_project/data_audit/results/per_file_records/CDS/Nyssa_sinensis.rga.cds.fa.records.tsv
Nyssa_sinensis	protein	Nyssa_sinensis.rga.pro.fa	downloads/sequences/protein/Nyssa_sinensis.rga.pro.fa	2222	1377663	70	620.0103510351036	594.0	190.05	1147.9499999999998	2331	728	0	0	0	0	0	0	2220	model_project/data_audit/results/per_file_records/protein/Nyssa_sinensis.rga.pro.fa.records.tsv
Nyssa_yunnanensis	CDS	Nyssa_yunnanensis.rga.cds.fa	downloads/sequences/CDS/Nyssa_yunnanensis.rga.cds.fa	2163	3267468	123	1510.6185852981969	1332	378.0	3050.7000000000003	5256	1989	0	0	0	0	0	0	0	model_project/data_audit/results/per_file_records/CDS/Nyssa_yunnanensis.rga.cds.fa.records.tsv
Nyssa_yunnanensis	protein	Nyssa_yunnanensis.rga.pro.fa	downloads/sequences/protein/Nyssa_yunnanensis.rga.pro.fa	2163	1086993	40	502.5395284327323	443	125.0	1015.9000000000001	1751	662	0	0	0	0	0	0	0	model_project/data_audit/results/per_file_records/protein/Nyssa_yunnanensis.rga.pro.fa.records.tsv
Ochroma_pyramidale	CDS	Ochroma_pyramidale.rga.cds.fa	downloads/sequences/CDS/Ochroma_pyramidale.rga.cds.fa	2248	4441488	180	1975.7508896797153	1791.0	623.1	4125.900000000001	9516	2280	0	0	0	0	0	0	0	model_project/data_audit/results/per_file_records/CDS/Ochroma_pyramidale.rga.cds.fa.records.tsv
Ochroma_pyramidale	protein	Ochroma_pyramidale.rga.pro.fa	downloads/sequences/protein/Ochroma_pyramidale.rga.pro.fa	2248	1478248	59	657.5836298932385	596.0	206.70000000000002	1374.3000000000002	3171	760	0	0	0	0	0	0	0	model_project/data_audit/results/per_file_records/protein/Ochroma_pyramidale.rga.pro.fa.records.tsv
Oldenlandia_corymbosa	CDS	Oldenlandia_corymbosa.rga.cds.fa	downloads/sequences/CDS/Oldenlandia_corymbosa.rga.cds.fa	1771	3872623	189	2186.6871823828346	1992	733.5	4108.5	9327	2601	0	0	0	4	3	2	0	model_project/data_audit/results/per_file_records/CDS/Oldenlandia_corymbosa.rga.cds.fa.records.tsv
Oldenlandia_corymbosa	protein	Oldenlandia_corymbosa.rga.pro.fa	downloads/sequences/protein/Oldenlandia_corymbosa.rga.pro.fa	1771	1290873	63	728.8949745906268	664	244.5	1369.5	3109	867	0	0	0	0	0	0	1767	model_project/data_audit/results/per_file_records/protein/Oldenlandia_corymbosa.rga.pro.fa.records.tsv
Olea_europaea	CDS	Olea_europaea.rga.cds.fa	downloads/sequences/CDS/Olea_europaea.rga.cds.fa	2088	3715590	153	1779.4971264367816	1695.0	499.05	3294.8999999999987	6159	2133	0	0	0	0	0	0	0	model_project/data_audit/results/per_file_records/CDS/Olea_europaea.rga.cds.fa.records.tsv
Olea_europaea	protein	Olea_europaea.rga.pro.fa	downloads/sequences/protein/Olea_europaea.rga.pro.fa	2088	1236442	50	592.1657088122605	564.0	165.35000000000002	1097.2999999999997	2052	710	0	0	0	0	0	0	0	model_project/data_audit/results/per_file_records/protein/Olea_europaea.rga.pro.fa.records.tsv
Olyra_latifolia	CDS	Olyra_latifolia.rga.cds.fa	downloads/sequences/CDS/Olyra_latifolia.rga.cds.fa	1903	3718146	195	1953.8339464004205	1908	609.0	3374.3999999999996	8295	2319	0	0	0	0	0	0	0	model_project/data_audit/results/per_file_records/CDS/Olyra_latifolia.rga.cds.fa.records.tsv
Olyra_latifolia	protein	Olyra_latifolia.rga.pro.fa	downloads/sequences/protein/Olyra_latifolia.rga.pro.fa	1903	1237479	64	650.2779821334734	635	202.0	1123.7999999999997	2764	772	0	0	0	0	0	0	0	model_project/data_audit/results/per_file_records/protein/Olyra_latifolia.rga.pro.fa.records.tsv
Ophiorrhiza_pumila	CDS	Ophiorrhiza_pumila.rga.cds.fa	downloads/sequences/CDS/Ophiorrhiza_pumila.rga.cds.fa	1584	3107571	180	1961.8503787878788	1800.0	336.45000000000005	4038.2999999999984	15423	2568	0	0	0	0	44	38	0	model_project/data_audit/results/per_file_records/CDS/Ophiorrhiza_pumila.rga.cds.fa.records.tsv
Ophiorrhiza_pumila	protein	Ophiorrhiza_pumila.rga.pro.fa	downloads/sequences/protein/Ophiorrhiza_pumila.rga.pro.fa	1584	1034311	59	652.9741161616162	599.0	111.15	1345.0999999999995	5140	855	0	0	0	0	0	0	0	model_project/data_audit/results/per_file_records/protein/Ophiorrhiza_pumila.rga.pro.fa.records.tsv
Origanum_majorana	CDS	Origanum_majorana.rga.cds.fa	downloads/sequences/CDS/Origanum_majorana.rga.cds.fa	2211	4107375	225	1857.7001356852104	1767	568.5	3453.0	6069	2217	0	0	0	0	0	0	0	model_project/data_audit/results/per_file_records/CDS/Origanum_majorana.rga.cds.fa.records.tsv
Origanum_majorana	protein	Origanum_majorana.rga.pro.fa	downloads/sequences/protein/Origanum_majorana.rga.pro.fa	2211	1369125	75	619.2333785617368	589	189.5	1151.0	2023	739	0	0	0	0	0	0	2211	model_project/data_audit/results/per_file_records/protein/Origanum_majorana.rga.pro.fa.records.tsv
Origanum_vulgare	CDS	Origanum_vulgare.rga.cds.fa	downloads/sequences/CDS/Origanum_vulgare.rga.cds.fa	2158	4101390	219	1900.551436515292	1857.0	525.0	3378.4500000000003	8361	2337	0	0	0	0	0	0	0	model_project/data_audit/results/per_file_records/CDS/Origanum_vulgare.rga.cds.fa.records.tsv
Origanum_vulgare	protein	Origanum_vulgare.rga.pro.fa	downloads/sequences/protein/Origanum_vulgare.rga.pro.fa	2158	1367130	73	633.5171455050973	619.0	175.0	1126.15	2787	779	0	0	0	0	0	0	2158	model_project/data_audit/results/per_file_records/protein/Origanum_vulgare.rga.pro.fa.records.tsv
Orobanche_aegyptiaca	CDS	Orobanche_aegyptiaca.rga.cds.fa	downloads/sequences/CDS/Orobanche_aegyptiaca.rga.cds.fa	1006	1633470	180	1623.7276341948311	1464.0	384.75	3283.5	10254	2004	0	0	0	0	1	0	0	model_project/data_audit/results/per_file_records/CDS/Orobanche_aegyptiaca.rga.cds.fa.records.tsv
Orobanche_aegyptiaca	protein	Orobanche_aegyptiaca.rga.pro.fa	downloads/sequences/protein/Orobanche_aegyptiaca.rga.pro.fa	1006	543484	59	540.2425447316103	487.0	127.25	1093.5	3417	667	0	0	0	0	0	0	0	model_project/data_audit/results/per_file_records/protein/Orobanche_aegyptiaca.rga.pro.fa.records.tsv
Orobanche_cumana	CDS	Orobanche_cumana.rga.cds.fa	downloads/sequences/CDS/Orobanche_cumana.rga.cds.fa	1005	1722228	174	1713.6597014925374	1581	402.6	3336.0	6810	2031	0	0	0	0	0	0	0	model_project/data_audit/results/per_file_records/CDS/Orobanche_cumana.rga.cds.fa.records.tsv
Orobanche_cumana	protein	Orobanche_cumana.rga.pro.fa	downloads/sequences/protein/Orobanche_cumana.rga.pro.fa	1005	573071	57	570.2199004975124	526	133.2	1111.0	2269	676	0	0	0	0	0	0	0	model_project/data_audit/results/per_file_records/protein/Orobanche_cumana.rga.pro.fa.records.tsv
Oropetium_thomaeum	CDS	Oropetium_thomaeum.rga.cds.fa	downloads/sequences/CDS/Oropetium_thomaeum.rga.cds.fa	861	1149102	51	1334.6132404181185	1227	294	2823	8463	1671	0	0	0	0	40	23	0	model_project/data_audit/results/per_file_records/CDS/Oropetium_thomaeum.rga.cds.fa.records.tsv
Oropetium_thomaeum	protein	Oropetium_thomaeum.rga.pro.fa	downloads/sequences/protein/Oropetium_thomaeum.rga.pro.fa	861	383034	17	444.87108013937285	409	98	941	2821	557	0	0	0	0	0	0	838	model_project/data_audit/results/per_file_records/protein/Oropetium_thomaeum.rga.pro.fa.records.tsv
Orychophragmus_violaceus	CDS	Orychophragmus_violaceus.rga.cds.fa	downloads/sequences/CDS/Orychophragmus_violaceus.rga.cds.fa	2107	4057506	231	1925.7266255339346	1809	651.0	3514.4999999999973	8073	2238	0	0	0	0	0	0	0	model_project/data_audit/results/per_file_records/CDS/Orychophragmus_violaceus.rga.cds.fa.records.tsv
Orychophragmus_violaceus	protein	Orychophragmus_violaceus.rga.pro.fa	downloads/sequences/protein/Orychophragmus_violaceus.rga.pro.fa	2107	1350395	76	640.9088751779782	602	216.0	1170.499999999999	2690	746	0	0	0	0	0	0	0	model_project/data_audit/results/per_file_records/protein/Orychophragmus_violaceus.rga.pro.fa.records.tsv
Oryza_alta	CDS	Oryza_alta.rga.cds.fa	downloads/sequences/CDS/Oryza_alta.rga.cds.fa	4420	7931922	192	1794.552488687783	1692.0	506.85	3306.1500000000005	6426	2148	0	0	0	0	0	0	0	model_project/data_audit/results/per_file_records/CDS/Oryza_alta.rga.cds.fa.records.tsv
Oryza_alta	protein	Oryza_alta.rga.pro.fa	downloads/sequences/protein/Oryza_alta.rga.pro.fa	4420	2643974	64	598.1841628959276	564.0	168.95000000000002	1102.0500000000002	2142	716	0	0	0	0	0	0	4420	model_project/data_audit/results/per_file_records/protein/Oryza_alta.rga.pro.fa.records.tsv
Oryza_barthii	CDS	Oryza_barthii.rga.cds.fa	downloads/sequences/CDS/Oryza_barthii.rga.cds.fa	2000	4730922	159	2365.461	2163.0	740.7	4665.299999999999	15774	2787	0	0	0	0	0	4	0	model_project/data_audit/results/per_file_records/CDS/Oryza_barthii.rga.cds.fa.records.tsv
Oryza_barthii	protein	Oryza_barthii.rga.pro.fa	downloads/sequences/protein/Oryza_barthii.rga.pro.fa	2000	1574978	52	787.489	720.0	245.9	1554.1	5257	928	0	0	0	0	0	0	0	model_project/data_audit/results/per_file_records/protein/Oryza_barthii.rga.pro.fa.records.tsv
Oryza_brachyantha	CDS	Oryza_brachyantha.rga.cds.fa	downloads/sequences/CDS/Oryza_brachyantha.rga.cds.fa	1432	3118380	177	2177.6396648044692	1986.0	691.65	4193.7	18990	2583	0	0	0	0	2	11	0	model_project/data_audit/results/per_file_records/CDS/Oryza_brachyantha.rga.cds.fa.records.tsv
Oryza_brachyantha	protein	Oryza_brachyantha.rga.pro.fa	downloads/sequences/protein/Oryza_brachyantha.rga.pro.fa	1432	1038039	58	724.8875698324023	661.0	229.55	1396.9	6329	860	0	0	0	0	0	0	0	model_project/data_audit/results/per_file_records/protein/Oryza_brachyantha.rga.pro.fa.records.tsv
Oryza_coarctata	CDS	Oryza_coarctata.rga.cds.fa	downloads/sequences/CDS/Oryza_coarctata.rga.cds.fa	3397	5984793	231	1761.7877539005005	1641	702.0	3147.0	5739	2028	0	0	0	0	0	0	0	model_project/data_audit/results/per_file_records/CDS/Oryza_coarctata.rga.cds.fa.records.tsv
Oryza_coarctata	protein	Oryza_coarctata.rga.pro.fa	downloads/sequences/protein/Oryza_coarctata.rga.pro.fa	3397	1991534	76	586.2625846335002	546	233.0	1048.0	1912	675	0	0	0	0	0	0	0	model_project/data_audit/results/per_file_records/protein/Oryza_coarctata.rga.pro.fa.records.tsv
Oryza_glaberrima	CDS	Oryza_glaberrima.rga.cds.fa	downloads/sequences/CDS/Oryza_glaberrima.rga.cds.fa	1746	4117986	180	2358.5257731958764	2125.5	765.75	4697.25	15642	2757	0	0	0	0	0	8	0	model_project/data_audit/results/per_file_records/CDS/Oryza_glaberrima.rga.cds.fa.records.tsv
Oryza_glaberrima	protein	Oryza_glaberrima.rga.pro.fa	downloads/sequences/protein/Oryza_glaberrima.rga.pro.fa	1746	1370924	59	785.1798396334478	707.5	254.25	1564.75	5213	918	0	0	0	0	0	0	0	model_project/data_audit/results/per_file_records/protein/Oryza_glaberrima.rga.pro.fa.records.tsv
Oryza_glumaepatula	CDS	Oryza_glumaepatula.rga.cds.fa	downloads/sequences/CDS/Oryza_glumaepatula.rga.cds.fa	1999	4620717	255	2311.514257128564	2142	815.4000000000001	4338.299999999999	14817	2694	0	0	0	0	0	6	0	model_project/data_audit/results/per_file_records/CDS/Oryza_glumaepatula.rga.cds.fa.records.tsv
Oryza_glumaepatula	protein	Oryza_glumaepatula.rga.pro.fa	downloads/sequences/protein/Oryza_glumaepatula.rga.pro.fa	1999	1538246	84	769.5077538769385	713	270.8	1445.1	4938	897	0	0	0	0	0	0	0	model_project/data_audit/results/per_file_records/protein/Oryza_glumaepatula.rga.pro.fa.records.tsv
Oryza_granulata	CDS	Oryza_granulata.rga.cds.fa	downloads/sequences/CDS/Oryza_granulata.rga.cds.fa	1984	3320002	189	1673.3881048387098	1530.0	432.0	3209.5499999999997	7404	2019	0	0	0	25	20	45	0	model_project/data_audit/results/per_file_records/CDS/Oryza_granulata.rga.cds.fa.records.tsv
Oryza_granulata	protein	Oryza_granulata.rga.pro.fa	downloads/sequences/protein/Oryza_granulata.rga.pro.fa	1984	1104744	62	556.8266129032259	509.0	143.15	1068.85	2467	672	0	0	0	0	0	0	40	model_project/data_audit/results/per_file_records/protein/Oryza_granulata.rga.pro.fa.records.tsv
Oryza_meridionalis	CDS	Oryza_meridionalis.rga.cds.fa	downloads/sequences/CDS/Oryza_meridionalis.rga.cds.fa	1564	3580905	180	2289.5812020460357	2103.0	723.45	4290.749999999998	12885	2625	0	0	0	0	0	1	0	model_project/data_audit/results/per_file_records/CDS/Oryza_meridionalis.rga.cds.fa.records.tsv
Oryza_meridionalis	protein	Oryza_meridionalis.rga.pro.fa	downloads/sequences/protein/Oryza_meridionalis.rga.pro.fa	1564	1192072	59	762.1943734015346	700.0	240.15	1429.2499999999995	4294	874	0	0	0	0	0	0	0	model_project/data_audit/results/per_file_records/protein/Oryza_meridionalis.rga.pro.fa.records.tsv
Oryza_nivara	CDS	Oryza_nivara.rga.cds.fa	downloads/sequences/CDS/Oryza_nivara.rga.cds.fa	2051	4920426	198	2399.0375426621163	2217	784.5	4654.5	15684	2802	0	0	0	0	0	2	0	model_project/data_audit/results/per_file_records/CDS/Oryza_nivara.rga.cds.fa.records.tsv
Oryza_nivara	protein	Oryza_nivara.rga.pro.fa	downloads/sequences/protein/Oryza_nivara.rga.pro.fa	2051	1638093	65	798.680156021453	738	260.5	1550.5	5227	933	0	0	0	0	0	0	0	model_project/data_audit/results/per_file_records/protein/Oryza_nivara.rga.pro.fa.records.tsv
Oryza_punctata	CDS	Oryza_punctata.rga.cds.fa	downloads/sequences/CDS/Oryza_punctata.rga.cds.fa	1789	4151304	87	2320.460592509782	2097	840.0	4616.999999999998	13782	2706	0	0	0	0	0	0	0	model_project/data_audit/results/per_file_records/CDS/Oryza_punctata.rga.cds.fa.records.tsv
Oryza_punctata	protein	Oryza_punctata.rga.pro.fa	downloads/sequences/protein/Oryza_punctata.rga.pro.fa	1789	1381979	28	772.4868641699273	698	279.0	1537.9999999999995	4593	901	0	0	0	0	0	0	0	model_project/data_audit/results/per_file_records/protein/Oryza_punctata.rga.pro.fa.records.tsv
Oryza_rufipogon	CDS	Oryza_rufipogon.rga.cds.fa	downloads/sequences/CDS/Oryza_rufipogon.rga.cds.fa	2056	4951617	39	2408.3740272373543	2191.5	787.5	4831.5	18915	2790	0	0	0	0	1	3	0	model_project/data_audit/results/per_file_records/CDS/Oryza_rufipogon.rga.cds.fa.records.tsv
Oryza_rufipogon	protein	Oryza_rufipogon.rga.pro.fa	downloads/sequences/protein/Oryza_rufipogon.rga.pro.fa	2056	1648486	12	801.7928015564203	729.5	261.5	1609.5	6304	929	0	0	0	0	0	0	0	model_project/data_audit/results/per_file_records/protein/Oryza_rufipogon.rga.pro.fa.records.tsv
Oryza_sativa	CDS	Oryza_sativa.rga.cds.fa	downloads/sequences/CDS/Oryza_sativa.rga.cds.fa	2261	4766433	201	2108.108359133127	2052	768	3603	12789	2445	0	0	0	0	0	0	0	model_project/data_audit/results/per_file_records/CDS/Oryza_sativa.rga.cds.fa.records.tsv
Oryza_sativa	protein	Oryza_sativa.rga.pro.fa	downloads/sequences/protein/Oryza_sativa.rga.pro.fa	2261	1586550	66	701.702786377709	683	255	1200	4262	814	0	0	0	0	0	0	0	model_project/data_audit/results/per_file_records/protein/Oryza_sativa.rga.pro.fa.records.tsv
Ostreococcus_lucimarinus	CDS	Ostreococcus_lucimarinus.rga.cds.fa	downloads/sequences/CDS/Ostreococcus_lucimarinus.rga.cds.fa	165	206481	225	1251.4	1101	478.8	2291.3999999999983	3888	1374	0	0	0	0	38	56	0	model_project/data_audit/results/per_file_records/CDS/Ostreococcus_lucimarinus.rga.cds.fa.records.tsv
Ostreococcus_lucimarinus	protein	Ostreococcus_lucimarinus.rga.pro.fa	downloads/sequences/protein/Ostreococcus_lucimarinus.rga.pro.fa	165	68718	75	416.4727272727273	366	159.4	762.7999999999993	1295	457	0	0	0	0	0	0	0	model_project/data_audit/results/per_file_records/protein/Ostreococcus_lucimarinus.rga.pro.fa.records.tsv
Ostrya_rehderiana	CDS	Ostrya_rehderiana.rga.cds.fa	downloads/sequences/CDS/Ostrya_rehderiana.rga.cds.fa	1276	2144562	159	1680.691222570533	1561.5	339.0	3336.75	5181	2064	0	0	0	0	9	4	0	model_project/data_audit/results/per_file_records/CDS/Ostrya_rehderiana.rga.cds.fa.records.tsv
Ostrya_rehderiana	protein	Ostrya_rehderiana.rga.pro.fa	downloads/sequences/protein/Ostrya_rehderiana.rga.pro.fa	1276	713582	52	559.2335423197492	519.5	112.0	1111.25	1726	689	0	0	0	0	0	0	0	model_project/data_audit/results/per_file_records/protein/Ostrya_rehderiana.rga.pro.fa.records.tsv
Paeonia_ludlowii	CDS	Paeonia_ludlowii.rga.cds.fa	downloads/sequences/CDS/Paeonia_ludlowii.rga.cds.fa	1868	3107714	162	1663.6584582441114	1473.0	376.05000000000007	3444.749999999998	7605	2187	0	0	0	6	5	3	0	model_project/data_audit/results/per_file_records/CDS/Paeonia_ludlowii.rga.cds.fa.records.tsv
Paeonia_ludlowii	protein	Paeonia_ludlowii.rga.pro.fa	downloads/sequences/protein/Paeonia_ludlowii.rga.pro.fa	1868	1035902	54	554.551391862955	491.0	125.35000000000001	1148.2499999999993	2535	729	0	0	0	0	0	0	1865	model_project/data_audit/results/per_file_records/protein/Paeonia_ludlowii.rga.pro.fa.records.tsv
Paeonia_ostii	CDS	Paeonia_ostii.rga.cds.fa	downloads/sequences/CDS/Paeonia_ostii.rga.cds.fa	2060	2711709	129	1316.3635922330097	1053.0	282.0	3069.0	7287	1911	0	0	0	0	98	121	0	model_project/data_audit/results/per_file_records/CDS/Paeonia_ostii.rga.cds.fa.records.tsv
Paeonia_ostii	protein	Paeonia_ostii.rga.pro.fa	downloads/sequences/protein/Paeonia_ostii.rga.pro.fa	2060	901964	42	437.84660194174756	350.0	94.0	1022.0	2428	637	0	0	0	0	0	0	0	model_project/data_audit/results/per_file_records/protein/Paeonia_ostii.rga.pro.fa.records.tsv
Paeonia_suffruticosa	CDS	Paeonia_suffruticosa.rga.cds.fa	downloads/sequences/CDS/Paeonia_suffruticosa.rga.cds.fa	1194	1699344	150	1423.2361809045226	1174.5	364.95000000000005	3229.0499999999997	13254	1836	0	0	0	0	54	64	0	model_project/data_audit/results/per_file_records/CDS/Paeonia_suffruticosa.rga.cds.fa.records.tsv
Paeonia_suffruticosa	protein	Paeonia_suffruticosa.rga.pro.fa	downloads/sequences/protein/Paeonia_suffruticosa.rga.pro.fa	1194	565318	50	473.46566164154103	390.5	120.65	1075.35	4417	611	0	0	0	0	0	0	0	model_project/data_audit/results/per_file_records/protein/Paeonia_suffruticosa.rga.pro.fa.records.tsv
Panax_ginseng	CDS	Panax_ginseng.rga.cds.fa	downloads/sequences/CDS/Panax_ginseng.rga.cds.fa	2816	4965567	201	1763.3405539772727	1659.0	422.25	3375.75	12573	2142	0	0	0	0	0	0	0	model_project/data_audit/results/per_file_records/CDS/Panax_ginseng.rga.cds.fa.records.tsv
Panax_ginseng	protein	Panax_ginseng.rga.pro.fa	downloads/sequences/protein/Panax_ginseng.rga.pro.fa	2816	1652373	66	586.7801846590909	552.0	139.75	1124.25	4190	714	0	0	0	0	0	0	0	model_project/data_audit/results/per_file_records/protein/Panax_ginseng.rga.pro.fa.records.tsv
Panax_japonicus	CDS	Panax_japonicus.rga.cds.fa	downloads/sequences/CDS/Panax_japonicus.rga.cds.fa	2848	4801332	156	1685.8609550561798	1504.5	396.0	3358.800000000001	6909	2061	0	0	0	0	0	0	0	model_project/data_audit/results/per_file_records/CDS/Panax_japonicus.rga.cds.fa.records.tsv
Panax_japonicus	protein	Panax_japonicus.rga.pro.fa	downloads/sequences/protein/Panax_japonicus.rga.pro.fa	2848	1597596	51	560.9536516853933	500.5	131.0	1118.6000000000004	2302	687	0	0	0	0	0	0	0	model_project/data_audit/results/per_file_records/protein/Panax_japonicus.rga.pro.fa.records.tsv
Panax_notoginseng	CDS	Panax_notoginseng.rga.cds.fa	downloads/sequences/CDS/Panax_notoginseng.rga.cds.fa	1660	2518383	177	1517.0981927710843	1353.0	320.85	3258.45	4899	1965	0	0	0	0	22	31	0	model_project/data_audit/results/per_file_records/CDS/Panax_notoginseng.rga.cds.fa.records.tsv
Panax_notoginseng	protein	Panax_notoginseng.rga.pro.fa	downloads/sequences/protein/Panax_notoginseng.rga.pro.fa	1660	837832	59	504.7180722891566	450.0	105.95	1085.1499999999999	1632	655	0	0	0	0	0	0	0	model_project/data_audit/results/per_file_records/protein/Panax_notoginseng.rga.pro.fa.records.tsv
Panax_quinquefolius	CDS	Panax_quinquefolius.rga.cds.fa	downloads/sequences/CDS/Panax_quinquefolius.rga.cds.fa	2385	4396461	168	1843.3798742138365	1794	480.6	3390.0	5460	2181	0	0	0	0	0	0	0	model_project/data_audit/results/per_file_records/CDS/Panax_quinquefolius.rga.cds.fa.records.tsv
Panax_quinquefolius	protein	Panax_quinquefolius.rga.pro.fa	downloads/sequences/protein/Panax_quinquefolius.rga.pro.fa	2385	1463102	55	613.4599580712788	597	159.2	1129.0	1819	726	0	0	0	0	0	0	0	model_project/data_audit/results/per_file_records/protein/Panax_quinquefolius.rga.pro.fa.records.tsv
Panax_stipuleanatus	CDS	Panax_stipuleanatus.rga.cds.fa	downloads/sequences/CDS/Panax_stipuleanatus.rga.cds.fa	1446	2416458	165	1671.1327800829877	1464.0	402.0	3478.5	5793	2058	0	0	0	0	0	0	0	model_project/data_audit/results/per_file_records/CDS/Panax_stipuleanatus.rga.cds.fa.records.tsv
Panax_stipuleanatus	protein	Panax_stipuleanatus.rga.pro.fa	downloads/sequences/protein/Panax_stipuleanatus.rga.pro.fa	1446	804040	54	556.0442600276625	487.0	133.0	1158.5	1930	685	0	0	0	0	0	0	0	model_project/data_audit/results/per_file_records/protein/Panax_stipuleanatus.rga.pro.fa.records.tsv
Panicum_hallii	CDS	Panicum_hallii.rga.cds.fa	downloads/sequences/CDS/Panicum_hallii.rga.cds.fa	1703	3545451	147	2081.885496183206	2034	879.3000000000001	3545.7	5817	2382	0	0	0	0	0	0	0	model_project/data_audit/results/per_file_records/CDS/Panicum_hallii.rga.cds.fa.records.tsv
Panicum_hallii	protein	Panicum_hallii.rga.pro.fa	downloads/sequences/protein/Panicum_hallii.rga.pro.fa	1703	1180114	48	692.9618320610687	677	292.1	1180.8999999999999	1938	793	0	0	0	0	0	0	0	model_project/data_audit/results/per_file_records/protein/Panicum_hallii.rga.pro.fa.records.tsv
Panicum_miliaceum	CDS	Panicum_miliaceum.rga.cds.fa	downloads/sequences/CDS/Panicum_miliaceum.rga.cds.fa	3128	6411561	180	2049.731777493606	1861.5	552.0	4098.899999999998	12075	2421	0	0	0	0	99	186	0	model_project/data_audit/results/per_file_records/CDS/Panicum_miliaceum.rga.cds.fa.records.tsv
Panicum_miliaceum	protein	Panicum_miliaceum.rga.pro.fa	downloads/sequences/protein/Panicum_miliaceum.rga.pro.fa	3128	2134245	59	682.3033887468031	619.5	183.0	1365.2999999999993	4024	806	0	0	0	0	0	0	0	model_project/data_audit/results/per_file_records/protein/Panicum_miliaceum.rga.pro.fa.records.tsv
Panicum_virgatum	CDS	Panicum_virgatum.rga.cds.fa	downloads/sequences/CDS/Panicum_virgatum.rga.cds.fa	4048	8093148	138	1999.2954545454545	1962.0	696.0	3468.899999999998	5739	2361	0	0	0	0	44	54	0	model_project/data_audit/results/per_file_records/CDS/Panicum_virgatum.rga.cds.fa.records.tsv
Panicum_virgatum	protein	Panicum_virgatum.rga.pro.fa	downloads/sequences/protein/Panicum_virgatum.rga.pro.fa	4048	2693722	45	665.4451581027668	653.0	231.0	1155.2999999999993	1912	787	0	0	0	0	0	0	0	model_project/data_audit/results/per_file_records/protein/Panicum_virgatum.rga.pro.fa.records.tsv
Papaver_rhoeas	CDS	Papaver_rhoeas.rga.cds.fa	downloads/sequences/CDS/Papaver_rhoeas.rga.cds.fa	2222	4330206	195	1948.7875787578757	1891.5	441.15000000000003	3653.699999999999	10656	2319	0	0	0	0	67	86	0	model_project/data_audit/results/per_file_records/CDS/Papaver_rhoeas.rga.cds.fa.records.tsv
Papaver_rhoeas	protein	Papaver_rhoeas.rga.pro.fa	downloads/sequences/protein/Papaver_rhoeas.rga.pro.fa	2222	1441266	64	648.6345634563456	629.5	146.05	1216.9499999999998	3551	772	0	0	0	0	0	0	0	model_project/data_audit/results/per_file_records/protein/Papaver_rhoeas.rga.pro.fa.records.tsv
Papaver_setigerum	CDS	Papaver_setigerum.rga.cds.fa	downloads/sequences/CDS/Papaver_setigerum.rga.cds.fa	4171	7304841	27	1751.3404459362264	1644	439.5	3316.5	8808	2118	0	0	0	0	122	187	0	model_project/data_audit/results/per_file_records/CDS/Papaver_setigerum.rga.cds.fa.records.tsv
Papaver_setigerum	protein	Papaver_setigerum.rga.pro.fa	downloads/sequences/protein/Papaver_setigerum.rga.pro.fa	4171	2430963	8	582.8249820187006	547	145.5	1104.5	2935	705	0	0	0	0	0	0	0	model_project/data_audit/results/per_file_records/protein/Papaver_setigerum.rga.pro.fa.records.tsv
Papaver_somniferum	CDS	Papaver_somniferum.rga.cds.fa	downloads/sequences/CDS/Papaver_somniferum.rga.cds.fa	2289	3978906	105	1738.272608125819	1626	408.0	3399.5999999999995	8706	2148	0	0	0	0	71	110	0	model_project/data_audit/results/per_file_records/CDS/Papaver_somniferum.rga.cds.fa.records.tsv
Papaver_somniferum	protein	Papaver_somniferum.rga.pro.fa	downloads/sequences/protein/Papaver_somniferum.rga.pro.fa	2289	1324123	35	578.4722586282219	541	135.0	1132.1999999999998	2901	715	0	0	0	0	0	0	0	model_project/data_audit/results/per_file_records/protein/Papaver_somniferum.rga.pro.fa.records.tsv
Papilionanthehookeriana_xteres	CDS	Papilionanthehookeriana_xteres.rga.cds.fa	downloads/sequences/CDS/Papilionanthehookeriana_xteres.rga.cds.fa	978	2522633	54	2579.3793456032718	2526.5	552.0	4780.75	11493	3042	0	0	0	467	726	687	0	model_project/data_audit/results/per_file_records/CDS/Papilionanthehookeriana_xteres.rga.cds.fa.records.tsv
Papilionanthehookeriana_xteres	protein	Papilionanthehookeriana_xteres.rga.pro.fa	downloads/sequences/protein/Papilionanthehookeriana_xteres.rga.pro.fa	978	568297	17	581.0807770961145	552.5	172.95000000000002	1067.3	1920	672	0	0	0	0	0	0	0	model_project/data_audit/results/per_file_records/protein/Papilionanthehookeriana_xteres.rga.pro.fa.records.tsv
Paspalum_vaginatum	CDS	Paspalum_vaginatum.rga.cds.fa	downloads/sequences/CDS/Paspalum_vaginatum.rga.cds.fa	2140	4666374	201	2180.548598130841	2107.5	899.55	3735.7499999999995	6309	2517	0	0	0	0	17	40	0	model_project/data_audit/results/per_file_records/CDS/Paspalum_vaginatum.rga.cds.fa.records.tsv
Paspalum_vaginatum	protein	Paspalum_vaginatum.rga.pro.fa	downloads/sequences/protein/Paspalum_vaginatum.rga.pro.fa	2140	1553358	66	725.8682242990654	701.5	298.85	1244.2499999999998	2102	839	0	0	0	0	0	0	0	model_project/data_audit/results/per_file_records/protein/Paspalum_vaginatum.rga.pro.fa.records.tsv
Paulownia_fortunei	CDS	Paulownia_fortunei.rga.cds.fa	downloads/sequences/CDS/Paulownia_fortunei.rga.cds.fa	1629	3188685	216	1957.4493554327807	1905	811.2	3359.399999999999	5148	2241	0	0	0	0	18	15	0	model_project/data_audit/results/per_file_records/CDS/Paulownia_fortunei.rga.cds.fa.records.tsv
Paulownia_fortunei	protein	Paulownia_fortunei.rga.pro.fa	downloads/sequences/protein/Paulownia_fortunei.rga.pro.fa	1629	1061281	71	651.4923265807244	634	269.4	1118.7999999999997	1715	748	0	0	0	0	0	0	0	model_project/data_audit/results/per_file_records/protein/Paulownia_fortunei.rga.pro.fa.records.tsv
Penium_margaritaceum	CDS	Penium_margaritaceum.rga.cds.fa	downloads/sequences/CDS/Penium_margaritaceum.rga.cds.fa	1684	2114673	93	1255.7440617577197	948.0	252.0	3458.0999999999995	7401	1713	0	0	0	0	377	386	0	model_project/data_audit/results/per_file_records/CDS/Penium_margaritaceum.rga.cds.fa.records.tsv
Penium_margaritaceum	protein	Penium_margaritaceum.rga.pro.fa	downloads/sequences/protein/Penium_margaritaceum.rga.pro.fa	1684	703593	31	417.8105700712589	315.0	84.0	1151.6999999999998	2466	570	0	0	0	0	0	0	0	model_project/data_audit/results/per_file_records/protein/Penium_margaritaceum.rga.pro.fa.records.tsv
Pennisetum_purpureum	CDS	Pennisetum_purpureum.rga.cds.fa	downloads/sequences/CDS/Pennisetum_purpureum.rga.cds.fa	2954	6303194	228	2133.7826675693973	2071.5	681.0	3723.35	9363	2520	0	0	0	1428	1504	1653	0	model_project/data_audit/results/per_file_records/CDS/Pennisetum_purpureum.rga.cds.fa.records.tsv
Pennisetum_purpureum	protein	Pennisetum_purpureum.rga.pro.fa	downloads/sequences/protein/Pennisetum_purpureum.rga.pro.fa	2954	1692182	55	572.844278943805	541.5	159.0	1083.0	2197	703	0	0	0	0	0	0	0	model_project/data_audit/results/per_file_records/protein/Pennisetum_purpureum.rga.pro.fa.records.tsv
Perilla_frutescens	CDS	Perilla_frutescens.rga.cds.fa	downloads/sequences/CDS/Perilla_frutescens.rga.cds.fa	4428	8079804	147	1824.7073170731708	1791.0	408.0	3298.949999999999	5652	2361	0	0	0	0	0	0	0	model_project/data_audit/results/per_file_records/CDS/Perilla_frutescens.rga.cds.fa.records.tsv
Perilla_frutescens	protein	Perilla_frutescens.rga.pro.fa	downloads/sequences/protein/Perilla_frutescens.rga.pro.fa	4428	2693268	49	608.2357723577236	597.0	136.0	1099.6499999999996	1884	787	0	0	0	0	0	0	4428	model_project/data_audit/results/per_file_records/protein/Perilla_frutescens.rga.pro.fa.records.tsv
Persea_americana	CDS	Persea_americana.rga.cds.fa	downloads/sequences/CDS/Persea_americana.rga.cds.fa	1809	3201565	204	1769.7982310668879	1608	424.20000000000005	3432.0	7554	2166	0	0	0	1	1	1	0	model_project/data_audit/results/per_file_records/CDS/Persea_americana.rga.cds.fa.records.tsv
Persea_americana	protein	Persea_americana.rga.pro.fa	downloads/sequences/protein/Persea_americana.rga.pro.fa	1809	1065380	67	588.9331122166943	535	140.4	1143.0	2517	721	0	0	0	0	0	0	0	model_project/data_audit/results/per_file_records/protein/Persea_americana.rga.pro.fa.records.tsv
Petrea_volubilis	CDS	Petrea_volubilis.rga.cds.fa	downloads/sequences/CDS/Petrea_volubilis.rga.cds.fa	3064	5573451	204	1819.0114229765013	1768.5	531.45	3298.649999999999	6090	2184	0	0	0	0	0	0	0	model_project/data_audit/results/per_file_records/CDS/Petrea_volubilis.rga.cds.fa.records.tsv
Petrea_volubilis	protein	Petrea_volubilis.rga.pro.fa	downloads/sequences/protein/Petrea_volubilis.rga.pro.fa	3064	1857817	68	606.3371409921671	589.5	177.15	1099.5499999999997	2030	728	0	0	0	0	0	0	3064	model_project/data_audit/results/per_file_records/protein/Petrea_volubilis.rga.pro.fa.records.tsv
Petunia_axillaris	CDS	Petunia_axillaris.rga.cds.fa	downloads/sequences/CDS/Petunia_axillaris.rga.cds.fa	1635	3089256	90	1889.4532110091743	1746	466.20000000000005	3779.6999999999994	13386	2259	0	0	0	0	141	257	0	model_project/data_audit/results/per_file_records/CDS/Petunia_axillaris.rga.cds.fa.records.tsv
Petunia_axillaris	protein	Petunia_axillaris.rga.pro.fa	downloads/sequences/protein/Petunia_axillaris.rga.pro.fa	1635	1028343	29	628.9559633027523	581	155.4	1258.1999999999998	4461	752	0	0	0	0	0	0	0	model_project/data_audit/results/per_file_records/protein/Petunia_axillaris.rga.pro.fa.records.tsv
Petunia_inflata	CDS	Petunia_inflata.rga.cds.fa	downloads/sequences/CDS/Petunia_inflata.rga.cds.fa	1967	3903648	165	1984.5693950177936	1794	450.0	3885.0	15036	2445	0	0	0	0	207	349	0	model_project/data_audit/results/per_file_records/CDS/Petunia_inflata.rga.cds.fa.records.tsv
Petunia_inflata	protein	Petunia_inflata.rga.pro.fa	downloads/sequences/protein/Petunia_inflata.rga.pro.fa	1967	1299492	55	660.6466700559228	597	149.0	1294.0	5010	814	0	0	0	0	0	0	0	model_project/data_audit/results/per_file_records/protein/Petunia_inflata.rga.pro.fa.records.tsv
Phalaenopsis_aphrodite	CDS	Phalaenopsis_aphrodite.rga.cds.fa	downloads/sequences/CDS/Phalaenopsis_aphrodite.rga.cds.fa	944	1747728	201	1851.406779661017	1744.5	585.9000000000001	3386.5499999999997	5100	2121	0	0	0	0	18	41	0	model_project/data_audit/results/per_file_records/CDS/Phalaenopsis_aphrodite.rga.cds.fa.records.tsv
Phalaenopsis_aphrodite	protein	Phalaenopsis_aphrodite.rga.pro.fa	downloads/sequences/protein/Phalaenopsis_aphrodite.rga.pro.fa	944	581669	66	616.1747881355932	580.5	194.3	1127.85	1699	707	0	0	0	0	0	0	0	model_project/data_audit/results/per_file_records/protein/Phalaenopsis_aphrodite.rga.pro.fa.records.tsv
Pharus_latifolius	CDS	Pharus_latifolius.rga.cds.fa	downloads/sequences/CDS/Pharus_latifolius.rga.cds.fa	1590	3130331	180	1968.7616352201258	1887.0	643.35	3657.2999999999997	8760	2241	0	0	0	3	5	2	0	model_project/data_audit/results/per_file_records/CDS/Pharus_latifolius.rga.cds.fa.records.tsv
Pharus_latifolius	protein	Pharus_latifolius.rga.pro.fa	downloads/sequences/protein/Pharus_latifolius.rga.pro.fa	1590	1041854	59	655.2540880503145	628.0	213.45	1218.1	2919	746	0	0	0	0	0	0	0	model_project/data_audit/results/per_file_records/protein/Pharus_latifolius.rga.pro.fa.records.tsv
Phaseolus_acutifolius	CDS	Phaseolus_acutifolius.rga.cds.fa	downloads/sequences/CDS/Phaseolus_acutifolius.rga.cds.fa	1747	3539067	204	2025.7967945048654	1932	696.0	3623.399999999998	9435	2334	0	0	0	0	0	0	0	model_project/data_audit/results/per_file_records/CDS/Phaseolus_acutifolius.rga.cds.fa.records.tsv
Phaseolus_acutifolius	protein	Phaseolus_acutifolius.rga.pro.fa	downloads/sequences/protein/Phaseolus_acutifolius.rga.pro.fa	1747	1179689	68	675.2655981682885	644	232.0	1207.7999999999993	3145	778	0	0	0	0	0	0	1747	model_project/data_audit/results/per_file_records/protein/Phaseolus_acutifolius.rga.pro.fa.records.tsv
Phaseolus_lunatus	CDS	Phaseolus_lunatus.rga.cds.fa	downloads/sequences/CDS/Phaseolus_lunatus.rga.cds.fa	1790	3565077	114	1991.66312849162	1912.5	679.3499999999999	3523.95	8493	2331	0	0	0	0	0	15	0	model_project/data_audit/results/per_file_records/CDS/Phaseolus_lunatus.rga.cds.fa.records.tsv
Phaseolus_lunatus	protein	Phaseolus_lunatus.rga.pro.fa	downloads/sequences/protein/Phaseolus_lunatus.rga.pro.fa	1790	1188359	38	663.8877094972067	637.5	226.45	1174.6499999999999	2831	777	0	0	0	0	0	0	1775	model_project/data_audit/results/per_file_records/protein/Phaseolus_lunatus.rga.pro.fa.records.tsv
Phaseolus_vulgaris	CDS	Phaseolus_vulgaris.rga.cds.fa	downloads/sequences/CDS/Phaseolus_vulgaris.rga.cds.fa	2229	4587877	152	2058.2669358456706	1944	715.2	3580.7999999999997	9480	2391	0	0	0	53	166	114	0	model_project/data_audit/results/per_file_records/CDS/Phaseolus_vulgaris.rga.cds.fa.records.tsv
Phaseolus_vulgaris	protein	Phaseolus_vulgaris.rga.pro.fa	downloads/sequences/protein/Phaseolus_vulgaris.rga.pro.fa	2229	1527157	50	685.1310004486317	647	238.0	1193.0	3159	796	0	0	0	0	0	0	0	model_project/data_audit/results/per_file_records/protein/Phaseolus_vulgaris.rga.pro.fa.records.tsv
Phoebe_bournei	CDS	Phoebe_bournei.rga.cds.fa	downloads/sequences/CDS/Phoebe_bournei.rga.cds.fa	2278	4557900	219	2000.8340649692714	1914.0	599.5500000000001	3726.4500000000003	8880	2394	0	0	0	0	14	6	0	model_project/data_audit/results/per_file_records/CDS/Phoebe_bournei.rga.cds.fa.records.tsv
Phoebe_bournei	protein	Phoebe_bournei.rga.pro.fa	downloads/sequences/protein/Phoebe_bournei.rga.pro.fa	2278	1517028	72	665.947322212467	637.0	198.85	1241.15	2959	797	0	0	0	0	0	0	0	model_project/data_audit/results/per_file_records/protein/Phoebe_bournei.rga.pro.fa.records.tsv
Phragmites_australis	CDS	Phragmites_australis.rga.cds.fa	downloads/sequences/CDS/Phragmites_australis.rga.cds.fa	3340	5765394	165	1726.1658682634732	1603.5	519.0	3261.149999999999	6498	2058	0	0	0	0	432	116	0	model_project/data_audit/results/per_file_records/CDS/Phragmites_australis.rga.cds.fa.records.tsv
Phragmites_australis	protein	Phragmites_australis.rga.pro.fa	downloads/sequences/protein/Phragmites_australis.rga.pro.fa	3340	1918574	54	574.4233532934131	533.5	172.0	1086.0499999999997	2165	685	0	0	0	0	0	0	0	model_project/data_audit/results/per_file_records/protein/Phragmites_australis.rga.pro.fa.records.tsv
Phyllostachys_edulis	CDS	Phyllostachys_edulis.rga.cds.fa	downloads/sequences/CDS/Phyllostachys_edulis.rga.cds.fa	3364	5897748	153	1753.1950059453031	1648.5	471.0	3299.5499999999997	6018	2121	0	0	0	42	42	63	0	model_project/data_audit/results/per_file_records/CDS/Phyllostachys_edulis.rga.cds.fa.records.tsv
Phyllostachys_edulis	protein	Phyllostachys_edulis.rga.pro.fa	downloads/sequences/protein/Phyllostachys_edulis.rga.pro.fa	3364	1962603	51	583.4134958382878	548.5	156.0	1098.85	2005	706	0	0	0	0	0	0	0	model_project/data_audit/results/per_file_records/protein/Phyllostachys_edulis.rga.pro.fa.records.tsv
Physalis_angulata	CDS	Physalis_angulata.rga.cds.fa	downloads/sequences/CDS/Physalis_angulata.rga.cds.fa	3080	6497673	165	2109.634090909091	1953.0	435.0	3987.749999999996	20256	2598	0	0	0	0	3	0	0	model_project/data_audit/results/per_file_records/CDS/Physalis_angulata.rga.cds.fa.records.tsv
Physalis_angulata	protein	Physalis_angulata.rga.pro.fa	downloads/sequences/protein/Physalis_angulata.rga.pro.fa	3080	2162811	54	702.2113636363637	650.0	144.0	1328.2499999999986	6751	865	0	0	0	0	0	0	0	model_project/data_audit/results/per_file_records/protein/Physalis_angulata.rga.pro.fa.records.tsv
Physalis_grisea	CDS	Physalis_grisea.rga.cds.fa	downloads/sequences/CDS/Physalis_grisea.rga.cds.fa	1673	3016035	132	1802.7704722056187	1764	336.0	3508.1999999999994	7887	2289	0	0	0	31	391	273	0	model_project/data_audit/results/per_file_records/CDS/Physalis_grisea.rga.cds.fa.records.tsv
Physalis_grisea	protein	Physalis_grisea.rga.pro.fa	downloads/sequences/protein/Physalis_grisea.rga.pro.fa	1673	1003929	43	600.077106993425	587	112.0	1169.0	2628	763	0	0	0	0	0	0	0	model_project/data_audit/results/per_file_records/protein/Physalis_grisea.rga.pro.fa.records.tsv
Physalis_pruinosa	CDS	Physalis_pruinosa.rga.cds.fa	downloads/sequences/CDS/Physalis_pruinosa.rga.cds.fa	1663	2988745	132	1797.2008418520745	1752	324.0	3509.7	7887	2289	0	0	0	30	387	273	0	model_project/data_audit/results/per_file_records/CDS/Physalis_pruinosa.rga.cds.fa.records.tsv
Physalis_pruinosa	protein	Physalis_pruinosa.rga.pro.fa	downloads/sequences/protein/Physalis_pruinosa.rga.pro.fa	1663	994847	43	598.2242934455803	583	107.10000000000001	1169.0	2628	763	0	0	0	0	0	0	0	model_project/data_audit/results/per_file_records/protein/Physalis_pruinosa.rga.pro.fa.records.tsv
Physalis_pubescens	CDS	Physalis_pubescens.rga.cds.fa	downloads/sequences/CDS/Physalis_pubescens.rga.cds.fa	1686	3331407	180	1975.923487544484	1905.0	441.75	3725.25	11097	2463	0	0	0	0	0	0	0	model_project/data_audit/results/per_file_records/CDS/Physalis_pubescens.rga.cds.fa.records.tsv
Physalis_pubescens	protein	Physalis_pubescens.rga.pro.fa	downloads/sequences/protein/Physalis_pubescens.rga.pro.fa	1686	1108783	59	657.641162514828	634.0	146.25	1240.75	3698	820	0	0	0	0	0	0	0	model_project/data_audit/results/per_file_records/protein/Physalis_pubescens.rga.pro.fa.records.tsv
Physcomitrella_patens	CDS	Physcomitrella_patens.rga.cds.fa	downloads/sequences/CDS/Physcomitrella_patens.rga.cds.fa	960	1801275	159	1876.328125	1690.5	641.85	3850.499999999998	9825	2148	0	0	0	0	86	26	0	model_project/data_audit/results/per_file_records/CDS/Physcomitrella_patens.rga.cds.fa.records.tsv
Physcomitrella_patens	protein	Physcomitrella_patens.rga.pro.fa	downloads/sequences/protein/Physcomitrella_patens.rga.pro.fa	960	599491	52	624.4697916666667	562.5	212.95	1282.4999999999995	3274	715	0	0	0	0	0	0	0	model_project/data_audit/results/per_file_records/protein/Physcomitrella_patens.rga.pro.fa.records.tsv
Picrorhiza_kurrooa	CDS	Picrorhiza_kurrooa.rga.cds.fa	downloads/sequences/CDS/Picrorhiza_kurrooa.rga.cds.fa	2452	3422715	180	1395.887030995106	1278.0	342.0	2841.0	4374	1674	0	0	0	70	410	212	0	model_project/data_audit/results/per_file_records/CDS/Picrorhiza_kurrooa.rga.cds.fa.records.tsv
Picrorhiza_kurrooa	protein	Picrorhiza_kurrooa.rga.pro.fa	downloads/sequences/protein/Picrorhiza_kurrooa.rga.pro.fa	2452	1135810	59	463.2177814029364	422.0	113.0	946.0	1457	557	0	0	0	0	0	0	0	model_project/data_audit/results/per_file_records/protein/Picrorhiza_kurrooa.rga.pro.fa.records.tsv
Pistia_stratiotes	CDS	Pistia_stratiotes.rga.cds.fa	downloads/sequences/CDS/Pistia_stratiotes.rga.cds.fa	952	1795756	201	1886.2983193277312	1791.0	561.0	3486.0	8727	2241	0	0	0	1	4	1	0	model_project/data_audit/results/per_file_records/CDS/Pistia_stratiotes.rga.cds.fa.records.tsv
Pistia_stratiotes	protein	Pistia_stratiotes.rga.pro.fa	downloads/sequences/protein/Pistia_stratiotes.rga.pro.fa	952	598585	67	628.765756302521	597.0	187.0	1162.0	2909	747	0	0	0	0	0	0	950	model_project/data_audit/results/per_file_records/protein/Pistia_stratiotes.rga.pro.fa.records.tsv
Pisum_sativum	CDS	Pisum_sativum.rga.cds.fa	downloads/sequences/CDS/Pisum_sativum.rga.cds.fa	1551	2788339	165	1797.7685364281108	1761	508.5	3350.0	6703	2121	0	0	0	46	43	45	0	model_project/data_audit/results/per_file_records/CDS/Pisum_sativum.rga.cds.fa.records.tsv
Pisum_sativum	protein	Pisum_sativum.rga.pro.fa	downloads/sequences/protein/Pisum_sativum.rga.pro.fa	1551	927917	54	598.2701482914249	586	169.0	1116.0	2234	706	0	0	0	0	0	0	0	model_project/data_audit/results/per_file_records/protein/Pisum_sativum.rga.pro.fa.records.tsv
Platycodon_grandiflorus	CDS	Platycodon_grandiflorus.rga.cds.fa	downloads/sequences/CDS/Platycodon_grandiflorus.rga.cds.fa	1670	2869231	60	1718.102395209581	1647.0	390.0	3370.6499999999996	5811	2139	0	0	0	18	26	14	0	model_project/data_audit/results/per_file_records/CDS/Platycodon_grandiflorus.rga.cds.fa.records.tsv
Platycodon_grandiflorus	protein	Platycodon_grandiflorus.rga.pro.fa	downloads/sequences/protein/Platycodon_grandiflorus.rga.pro.fa	1670	954737	19	571.6988023952096	548.0	129.0	1122.55	1936	712	0	0	0	0	0	0	0	model_project/data_audit/results/per_file_records/protein/Platycodon_grandiflorus.rga.pro.fa.records.tsv
Pogostemon_cablin	CDS	Pogostemon_cablin.rga.cds.fa	downloads/sequences/CDS/Pogostemon_cablin.rga.cds.fa	6402	10904019	168	1703.2207122774132	1593.0	402.0	3375.0	8910	2097	0	0	0	0	206	148	0	model_project/data_audit/results/per_file_records/CDS/Pogostemon_cablin.rga.cds.fa.records.tsv
Pogostemon_cablin	protein	Pogostemon_cablin.rga.pro.fa	downloads/sequences/protein/Pogostemon_cablin.rga.pro.fa	6402	3628419	55	566.7633552014995	530.0	133.0	1124.0	2969	699	0	0	0	0	0	0	0	model_project/data_audit/results/per_file_records/protein/Pogostemon_cablin.rga.pro.fa.records.tsv
Polygala_tenuifolia	CDS	Polygala_tenuifolia.rga.cds.fa	downloads/sequences/CDS/Polygala_tenuifolia.rga.cds.fa	1488	2580080	231	1733.9247311827958	1594.5	485.1000000000001	3396.0	9408	2037	0	0	0	3	19	16	0	model_project/data_audit/results/per_file_records/CDS/Polygala_tenuifolia.rga.cds.fa.records.tsv
Polygala_tenuifolia	protein	Polygala_tenuifolia.rga.pro.fa	downloads/sequences/protein/Polygala_tenuifolia.rga.pro.fa	1488	860025	77	577.9737903225806	531.5	161.70000000000002	1132.0	3136	679	0	0	0	0	0	0	1469	model_project/data_audit/results/per_file_records/protein/Polygala_tenuifolia.rga.pro.fa.records.tsv
Polygonum_cuspidatum	CDS	Polygonum_cuspidatum.rga.cds.fa	downloads/sequences/CDS/Polygonum_cuspidatum.rga.cds.fa	1478	2288796	159	1548.576454668471	1401.0	288.0	3201.0	6216	2037	40	0	0	0	137	13	0	model_project/data_audit/results/per_file_records/CDS/Polygonum_cuspidatum.rga.cds.fa.records.tsv
Polygonum_cuspidatum	protein	Polygonum_cuspidatum.rga.pro.fa	downloads/sequences/protein/Polygonum_cuspidatum.rga.pro.fa	1478	761151	52	514.987144790257	466.0	95.0	1065.1499999999999	2071	678	0	0	0	0	0	0	0	model_project/data_audit/results/per_file_records/protein/Polygonum_cuspidatum.rga.pro.fa.records.tsv
Populus_deltoides	CDS	Populus_deltoides.rga.cds.fa	downloads/sequences/CDS/Populus_deltoides.rga.cds.fa	1666	2832072	169	1699.9231692677072	1600.5	417.0	3287.25	7899	2013	0	0	0	53	107	94	0	model_project/data_audit/results/per_file_records/CDS/Populus_deltoides.rga.cds.fa.records.tsv
Populus_deltoides	protein	Populus_deltoides.rga.pro.fa	downloads/sequences/protein/Populus_deltoides.rga.pro.fa	1666	942439	56	565.6896758703481	532.5	138.0	1094.75	2632	670	0	0	0	0	0	0	0	model_project/data_audit/results/per_file_records/protein/Populus_deltoides.rga.pro.fa.records.tsv
Populus_glandulosa	CDS	Populus_glandulosa.rga.cds.fa	downloads/sequences/CDS/Populus_glandulosa.rga.cds.fa	4855	9197688	150	1894.4774459320288	1851	363.0	3510.0	7914	2382	0	0	0	0	0	0	0	model_project/data_audit/results/per_file_records/CDS/Populus_glandulosa.rga.cds.fa.records.tsv
Populus_glandulosa	protein	Populus_glandulosa.rga.pro.fa	downloads/sequences/protein/Populus_glandulosa.rga.pro.fa	4855	3061007	49	630.4854788877446	616	120.0	1169.0	2637	793	0	0	0	0	0	0	0	model_project/data_audit/results/per_file_records/protein/Populus_glandulosa.rga.pro.fa.records.tsv
Populus_glandulosa_x_alba	CDS	Populus_glandulosa_x_alba.rga.cds.fa	downloads/sequences/CDS/Populus_glandulosa_x_alba.rga.cds.fa	4855	9197688	150	1894.4774459320288	1851	363.0	3510.0	7914	2382	0	0	0	0	0	0	0	model_project/data_audit/results/per_file_records/CDS/Populus_glandulosa_x_alba.rga.cds.fa.records.tsv
Populus_glandulosa_x_alba	protein	Populus_glandulosa_x_alba.rga.pro.fa	downloads/sequences/protein/Populus_glandulosa_x_alba.rga.pro.fa	4855	3061041	49	630.4924819773429	616	120.0	1169.0	2637	793	0	0	0	0	0	0	0	model_project/data_audit/results/per_file_records/protein/Populus_glandulosa_x_alba.rga.pro.fa.records.tsv
Populus_ilicifolia	CDS	Populus_ilicifolia.rga.cds.fa	downloads/sequences/CDS/Populus_ilicifolia.rga.cds.fa	1846	3685107	162	1996.2659804983748	1896.0	561.75	3657.75	10254	2370	0	0	0	0	0	0	0	model_project/data_audit/results/per_file_records/CDS/Populus_ilicifolia.rga.cds.fa.records.tsv
Populus_ilicifolia	protein	Populus_ilicifolia.rga.pro.fa	downloads/sequences/protein/Populus_ilicifolia.rga.pro.fa	1846	1226523	53	664.4219934994583	631.0	186.25	1218.25	3417	789	0	0	0	0	0	0	5	model_project/data_audit/results/per_file_records/protein/Populus_ilicifolia.rga.pro.fa.records.tsv
Populus_pruinosa	CDS	Populus_pruinosa.rga.cds.fa	downloads/sequences/CDS/Populus_pruinosa.rga.cds.fa	1947	4089903	162	2100.617873651772	1992	508.80000000000007	3891.0	12624	2475	0	0	0	0	0	0	0	model_project/data_audit/results/per_file_records/CDS/Populus_pruinosa.rga.cds.fa.records.tsv
Populus_pruinosa	protein	Populus_pruinosa.rga.pro.fa	downloads/sequences/protein/Populus_pruinosa.rga.pro.fa	1947	1361278	53	699.1669234720082	663	168.60000000000002	1296.0	4207	824	0	0	0	0	0	0	0	model_project/data_audit/results/per_file_records/protein/Populus_pruinosa.rga.pro.fa.records.tsv
Populus_tremula	CDS	Populus_tremula.rga.cds.fa	downloads/sequences/CDS/Populus_tremula.rga.cds.fa	1615	3144141	180	1946.83653250774	1890	463.4	3635.3	8508	2394	0	0	0	596	793	854	0	model_project/data_audit/results/per_file_records/CDS/Populus_tremula.rga.cds.fa.records.tsv
Populus_tremula	protein	Populus_tremula.rga.pro.fa	downloads/sequences/protein/Populus_tremula.rga.pro.fa	1615	881548	51	545.8501547987617	503	138.5	1060.0999999999997	2829	670	0	0	0	0	0	0	0	model_project/data_audit/results/per_file_records/protein/Populus_tremula.rga.pro.fa.records.tsv
Populus_trichocarpa	CDS	Populus_trichocarpa.rga.cds.fa	downloads/sequences/CDS/Populus_trichocarpa.rga.cds.fa	3002	5837283	126	1944.464690206529	1905.0	438.15000000000003	3614.699999999999	7761	2427	0	0	0	0	81	67	0	model_project/data_audit/results/per_file_records/CDS/Populus_trichocarpa.rga.cds.fa.records.tsv
Populus_trichocarpa	protein	Populus_trichocarpa.rga.pro.fa	downloads/sequences/protein/Populus_trichocarpa.rga.pro.fa	3002	1942826	41	647.1772151898734	634.0	145.05	1203.8999999999996	2586	808	0	0	0	0	0	0	0	model_project/data_audit/results/per_file_records/protein/Populus_trichocarpa.rga.pro.fa.records.tsv
Porphyra_umbilicalis	CDS	Porphyra_umbilicalis.rga.cds.fa	downloads/sequences/CDS/Porphyra_umbilicalis.rga.cds.fa	240	501810	186	2090.875	1605.0	570.3000000000001	5103.15	10182	2700	1	0	0	0	13	19	0	model_project/data_audit/results/per_file_records/CDS/Porphyra_umbilicalis.rga.cds.fa.records.tsv
Porphyra_umbilicalis	protein	Porphyra_umbilicalis.rga.pro.fa	downloads/sequences/protein/Porphyra_umbilicalis.rga.pro.fa	240	167049	62	696.0375	534.0	189.10000000000002	1700.0500000000002	3393	899	0	0	0	0	0	0	0	model_project/data_audit/results/per_file_records/protein/Porphyra_umbilicalis.rga.pro.fa.records.tsv
Portulaca_amilis	CDS	Portulaca_amilis.rga.cds.fa	downloads/sequences/CDS/Portulaca_amilis.rga.cds.fa	2194	3962025	168	1805.84548769371	1720.5	510.0	3371.0999999999995	8553	2112	0	0	0	0	7	8	0	model_project/data_audit/results/per_file_records/CDS/Portulaca_amilis.rga.cds.fa.records.tsv
Portulaca_amilis	protein	Portulaca_amilis.rga.pro.fa	downloads/sequences/protein/Portulaca_amilis.rga.pro.fa	2194	1320675	56	601.9484958979034	573.5	170.0	1123.6999999999998	2851	704	0	0	0	0	0	0	2186	model_project/data_audit/results/per_file_records/protein/Portulaca_amilis.rga.pro.fa.records.tsv
Portulaca_oleracea	CDS	Portulaca_oleracea.rga.cds.fa	downloads/sequences/CDS/Portulaca_oleracea.rga.cds.fa	2193	4061115	210	1851.8536251709986	1794	712.8000000000001	3311.4000000000005	5706	2064	0	0	0	0	0	0	0	model_project/data_audit/results/per_file_records/CDS/Portulaca_oleracea.rga.cds.fa.records.tsv
Portulaca_oleracea	protein	Portulaca_oleracea.rga.pro.fa	downloads/sequences/protein/Portulaca_oleracea.rga.pro.fa	2193	1351512	69	616.2845417236662	597	236.60000000000002	1102.8000000000002	1901	687	0	0	0	0	0	0	0	model_project/data_audit/results/per_file_records/protein/Portulaca_oleracea.rga.pro.fa.records.tsv
Potentilla_anserina	CDS	Potentilla_anserina.rga.cds.fa	downloads/sequences/CDS/Potentilla_anserina.rga.cds.fa	2501	3912610	165	1564.4182327069173	1416	411	3177	5622	1974	0	0	0	4	5	9	0	model_project/data_audit/results/per_file_records/CDS/Potentilla_anserina.rga.cds.fa.records.tsv
Potentilla_anserina	protein	Potentilla_anserina.rga.pro.fa	downloads/sequences/protein/Potentilla_anserina.rga.pro.fa	2501	1301709	54	520.4754098360655	471	136	1058	1873	657	0	0	0	0	0	0	0	model_project/data_audit/results/per_file_records/protein/Potentilla_anserina.rga.pro.fa.records.tsv
Potentilla_micrantha	CDS	Potentilla_micrantha.rga.cds.fa	downloads/sequences/CDS/Potentilla_micrantha.rga.cds.fa	1490	2858524	300	1918.4724832214765	1755.0	492.0	3925.6499999999996	11652	2307	0	0	0	10	15	20	0	model_project/data_audit/results/per_file_records/CDS/Potentilla_micrantha.rga.cds.fa.records.tsv
Potentilla_micrantha	protein	Potentilla_micrantha.rga.pro.fa	downloads/sequences/protein/Potentilla_micrantha.rga.pro.fa	1490	951364	99	638.4993288590604	584.0	163.0	1307.55	3883	768	0	0	0	0	0	0	0	model_project/data_audit/results/per_file_records/protein/Potentilla_micrantha.rga.pro.fa.records.tsv
Prasinoderma_coloniale	CDS	Prasinoderma_coloniale.rga.cds.fa	downloads/sequences/CDS/Prasinoderma_coloniale.rga.cds.fa	206	406749	276	1974.509708737864	1735.5	751.5	4299.75	7395	2199	0	0	0	0	2	2	0	model_project/data_audit/results/per_file_records/CDS/Prasinoderma_coloniale.rga.cds.fa.records.tsv
Prasinoderma_coloniale	protein	Prasinoderma_coloniale.rga.pro.fa	downloads/sequences/protein/Prasinoderma_coloniale.rga.pro.fa	206	135379	91	657.1796116504854	577.5	249.5	1432.25	2464	732	0	0	0	0	0	0	0	model_project/data_audit/results/per_file_records/protein/Prasinoderma_coloniale.rga.pro.fa.records.tsv
Primula_veris	CDS	Primula_veris.rga.cds.fa	downloads/sequences/CDS/Primula_veris.rga.cds.fa	904	1693362	210	1873.1880530973451	1744.5	786.0	3383.5499999999997	8037	2079	614	0	0	109	198	117	0	model_project/data_audit/results/per_file_records/CDS/Primula_veris.rga.cds.fa.records.tsv
Primula_veris	protein	Primula_veris.rga.pro.fa	downloads/sequences/protein/Primula_veris.rga.pro.fa	904	552803	69	611.5077433628319	570.0	249.0	1116.2499999999995	2678	683	0	0	0	0	0	0	0	model_project/data_audit/results/per_file_records/protein/Primula_veris.rga.pro.fa.records.tsv
Prinsepia_uniflora	CDS	Prinsepia_uniflora.rga.cds.fa	downloads/sequences/CDS/Prinsepia_uniflora.rga.cds.fa	2000	4128934	231	2064.467	1924.5	639.0	3996.2999999999997	9462	2376	0	0	0	2	0	0	0	model_project/data_audit/results/per_file_records/CDS/Prinsepia_uniflora.rga.cds.fa.records.tsv
Prinsepia_uniflora	protein	Prinsepia_uniflora.rga.pro.fa	downloads/sequences/protein/Prinsepia_uniflora.rga.pro.fa	2000	1376310	77	688.155	641.5	213.0	1332.1	3154	792	0	0	0	0	0	0	1998	model_project/data_audit/results/per_file_records/protein/Prinsepia_uniflora.rga.pro.fa.records.tsv
Prosopis_alba	CDS	Prosopis_alba.rga.cds.fa	downloads/sequences/CDS/Prosopis_alba.rga.cds.fa	4409	8581712	225	1946.4078022227263	1857	553.2	3736.7999999999984	9219	2310	0	0	0	11	48	54	0	model_project/data_audit/results/per_file_records/CDS/Prosopis_alba.rga.cds.fa.records.tsv
Prosopis_alba	protein	Prosopis_alba.rga.pro.fa	downloads/sequences/protein/Prosopis_alba.rga.pro.fa	4409	2856391	74	647.8546155590836	618	183.4	1244.5999999999995	3072	769	0	0	0	0	0	0	0	model_project/data_audit/results/per_file_records/protein/Prosopis_alba.rga.pro.fa.records.tsv
Prosopis_cineraria	CDS	Prosopis_cineraria.rga.cds.fa	downloads/sequences/CDS/Prosopis_cineraria.rga.cds.fa	3368	6497291	225	1929.124406175772	1827.0	567.0	3711.899999999998	7113	2241	0	0	0	11	16	18	0	model_project/data_audit/results/per_file_records/CDS/Prosopis_cineraria.rga.cds.fa.records.tsv
Prosopis_cineraria	protein	Prosopis_cineraria.rga.pro.fa	downloads/sequences/protein/Prosopis_cineraria.rga.pro.fa	3368	2162759	74	642.1493467933492	608.0	188.0	1236.2999999999993	2370	747	0	0	0	0	0	0	0	model_project/data_audit/results/per_file_records/protein/Prosopis_cineraria.rga.pro.fa.records.tsv
Protea_cynaroides	CDS	Protea_cynaroides.rga.cds.fa	downloads/sequences/CDS/Protea_cynaroides.rga.cds.fa	1519	2795400	255	1840.2896642527978	1749	483.0	3663.299999999997	6870	2274	0	0	0	0	2	2	0	model_project/data_audit/results/per_file_records/CDS/Protea_cynaroides.rga.cds.fa.records.tsv
Protea_cynaroides	protein	Protea_cynaroides.rga.pro.fa	downloads/sequences/protein/Protea_cynaroides.rga.pro.fa	1519	930283	84	612.4312047399605	582	160.0	1220.099999999999	2289	757	0	0	0	0	0	0	0	model_project/data_audit/results/per_file_records/protein/Protea_cynaroides.rga.pro.fa.records.tsv
Prunus_armeniaca	CDS	Prunus_armeniaca.rga.cds.fa	downloads/sequences/CDS/Prunus_armeniaca.rga.cds.fa	2168	4559115	306	2102.912822878229	2041.5	549.0	3924.0	7566	2529	0	0	0	0	126	0	0	model_project/data_audit/results/per_file_records/CDS/Prunus_armeniaca.rga.cds.fa.records.tsv
Prunus_armeniaca	protein	Prunus_armeniaca.rga.pro.fa	downloads/sequences/protein/Prunus_armeniaca.rga.pro.fa	2168	1517537	101	699.9709409594096	679.5	182.0	1307.0	2521	842	0	0	0	0	0	0	0	model_project/data_audit/results/per_file_records/protein/Prunus_armeniaca.rga.pro.fa.records.tsv
Prunus_avium	CDS	Prunus_avium.rga.cds.fa	downloads/sequences/CDS/Prunus_avium.rga.cds.fa	2116	3993106	198	1887.101134215501	1842.0	510.0	3606.75	7083	2286	0	0	0	9	6	8	0	model_project/data_audit/results/per_file_records/CDS/Prunus_avium.rga.cds.fa.records.tsv
Prunus_avium	protein	Prunus_avium.rga.pro.fa	downloads/sequences/protein/Prunus_avium.rga.pro.fa	2116	1328924	65	628.0359168241966	613.0	169.0	1201.25	2360	761	0	0	0	0	0	0	0	model_project/data_audit/results/per_file_records/protein/Prunus_avium.rga.pro.fa.records.tsv
Prunus_campanulata	CDS	Prunus_campanulata.rga.cds.fa	downloads/sequences/CDS/Prunus_campanulata.rga.cds.fa	1937	4066557	192	2099.4099122354155	2052	585.0	3727.199999999999	6138	2484	0	0	0	0	0	1	0	model_project/data_audit/results/per_file_records/CDS/Prunus_campanulata.rga.cds.fa.records.tsv
Prunus_campanulata	protein	Prunus_campanulata.rga.pro.fa	downloads/sequences/protein/Prunus_campanulata.rga.pro.fa	1937	1353583	63	698.8038203407331	683	194.0	1241.3999999999996	2045	827	0	0	0	0	0	0	0	model_project/data_audit/results/per_file_records/protein/Prunus_campanulata.rga.pro.fa.records.tsv
Prunus_domestica	CDS	Prunus_domestica.rga.cds.fa	downloads/sequences/CDS/Prunus_domestica.rga.cds.fa	6243	10022398	201	1605.3817075124139	1470	390.0	3273.0	9048	1950	0	0	0	14	8	19	0	model_project/data_audit/results/per_file_records/CDS/Prunus_domestica.rga.cds.fa.records.tsv
Prunus_domestica	protein	Prunus_domestica.rga.pro.fa	downloads/sequences/protein/Prunus_domestica.rga.pro.fa	6243	3331508	66	533.638955630306	489	129.0	1090.0	3015	649	0	0	0	0	0	0	0	model_project/data_audit/results/per_file_records/protein/Prunus_domestica.rga.pro.fa.records.tsv
Prunus_dulcis	CDS	Prunus_dulcis.rga.cds.fa	downloads/sequences/CDS/Prunus_dulcis.rga.cds.fa	2130	4126459	180	1937.3046948356807	1894.5	528.0	3580.3999999999996	6087	2373	0	0	0	52	46	63	0	model_project/data_audit/results/per_file_records/CDS/Prunus_dulcis.rga.cds.fa.records.tsv
Prunus_dulcis	protein	Prunus_dulcis.rga.pro.fa	downloads/sequences/protein/Prunus_dulcis.rga.pro.fa	2130	1373400	60	644.7887323943662	630.5	175.0	1192.6499999999999	2028	790	0	0	0	0	0	0	0	model_project/data_audit/results/per_file_records/protein/Prunus_dulcis.rga.pro.fa.records.tsv
Prunus_fruticosa	CDS	Prunus_fruticosa.rga.cds.fa	downloads/sequences/CDS/Prunus_fruticosa.rga.cds.fa	7550	13826448	180	1831.3176158940398	1779.0	390.0	3559.649999999998	9807	2295	0	0	0	0	212	9	0	model_project/data_audit/results/per_file_records/CDS/Prunus_fruticosa.rga.cds.fa.records.tsv
Prunus_fruticosa	protein	Prunus_fruticosa.rga.pro.fa	downloads/sequences/protein/Prunus_fruticosa.rga.pro.fa	7550	4601275	59	609.4403973509934	592.0	129.0	1185.5499999999993	3268	765	0	0	0	0	0	0	0	model_project/data_audit/results/per_file_records/protein/Prunus_fruticosa.rga.pro.fa.records.tsv
Prunus_hongpingensis	CDS	Prunus_hongpingensis.rga.cds.fa	downloads/sequences/CDS/Prunus_hongpingensis.rga.cds.fa	1568	2576091	216	1642.9151785714287	1452.0	412.2000000000001	3162.8999999999987	6486	2046	0	0	0	0	0	0	0	model_project/data_audit/results/per_file_records/CDS/Prunus_hongpingensis.rga.cds.fa.records.tsv
Prunus_hongpingensis	protein	Prunus_hongpingensis.rga.pro.fa	downloads/sequences/protein/Prunus_hongpingensis.rga.pro.fa	1568	857129	71	546.6383928571429	483.0	136.40000000000003	1053.2999999999997	2161	682	0	0	0	0	0	0	0	model_project/data_audit/results/per_file_records/protein/Prunus_hongpingensis.rga.pro.fa.records.tsv
Prunus_mandshurica	CDS	Prunus_mandshurica.rga.cds.fa	downloads/sequences/CDS/Prunus_mandshurica.rga.cds.fa	2425	5057136	300	2085.416907216495	2025	528.0	3934.7999999999984	8772	2526	0	0	0	0	134	1	0	model_project/data_audit/results/per_file_records/CDS/Prunus_mandshurica.rga.cds.fa.records.tsv
Prunus_mandshurica	protein	Prunus_mandshurica.rga.pro.fa	downloads/sequences/protein/Prunus_mandshurica.rga.pro.fa	2425	1683278	99	694.1352577319587	674	175.0	1310.5999999999995	2923	841	0	0	0	0	0	0	0	model_project/data_audit/results/per_file_records/protein/Prunus_mandshurica.rga.pro.fa.records.tsv
Prunus_mongolica	CDS	Prunus_mongolica.rga.cds.fa	downloads/sequences/CDS/Prunus_mongolica.rga.cds.fa	1593	3531732	285	2217.0320150659136	2139	933.6	3795.5999999999985	6609	2547	0	0	0	0	0	0	0	model_project/data_audit/results/per_file_records/CDS/Prunus_mongolica.rga.cds.fa.records.tsv
Prunus_mongolica	protein	Prunus_mongolica.rga.pro.fa	downloads/sequences/protein/Prunus_mongolica.rga.pro.fa	1593	1175651	94	738.0106716886378	712	310.2	1264.1999999999996	2202	848	0	0	0	0	0	0	0	model_project/data_audit/results/per_file_records/protein/Prunus_mongolica.rga.pro.fa.records.tsv
Prunus_mume	CDS	Prunus_mume.rga.cds.fa	downloads/sequences/CDS/Prunus_mume.rga.cds.fa	1827	4016732	162	2198.5396825396824	2067	660.0	4132.199999999999	12849	2526	0	0	0	1	1	3	0	model_project/data_audit/results/per_file_records/CDS/Prunus_mume.rga.cds.fa.records.tsv
Prunus_mume	protein	Prunus_mume.rga.pro.fa	downloads/sequences/protein/Prunus_mume.rga.pro.fa	1827	1337086	53	731.847837985769	688	219.0	1376.3999999999996	4282	841	0	0	0	0	0	0	0	model_project/data_audit/results/per_file_records/protein/Prunus_mume.rga.pro.fa.records.tsv
Prunus_salicina	CDS	Prunus_salicina.rga.cds.fa	downloads/sequences/CDS/Prunus_salicina.rga.cds.fa	1115	653730	69	586.3049327354261	548	153.0	1146.6	1718	706	1115	0	0	764	1115	1115	0	model_project/data_audit/results/per_file_records/CDS/Prunus_salicina.rga.cds.fa.records.tsv
Prunus_salicina	protein	Prunus_salicina.rga.pro.fa	downloads/sequences/protein/Prunus_salicina.rga.pro.fa	1115	653730	69	586.3049327354261	548	153.0	1146.6	1718	706	0	0	0	0	0	0	0	model_project/data_audit/results/per_file_records/protein/Prunus_salicina.rga.pro.fa.records.tsv
Prunus_sibirica	CDS	Prunus_sibirica.rga.cds.fa	downloads/sequences/CDS/Prunus_sibirica.rga.cds.fa	2739	5411859	300	1975.8521358159912	1899	492.0	3813.5999999999995	10719	2442	0	0	0	0	146	1	0	model_project/data_audit/results/per_file_records/CDS/Prunus_sibirica.rga.cds.fa.records.tsv
Prunus_sibirica	protein	Prunus_sibirica.rga.pro.fa	downloads/sequences/protein/Prunus_sibirica.rga.pro.fa	2739	1801181	99	657.6053304125593	632	163.0	1270.1999999999998	3572	813	0	0	0	0	0	0	0	model_project/data_audit/results/per_file_records/protein/Prunus_sibirica.rga.pro.fa.records.tsv
Prunus_x_kanzakura	CDS	Prunus_x_kanzakura.rga.cds.fa	downloads/sequences/CDS/Prunus_x_kanzakura.rga.cds.fa	4141	9065868	300	2189.294373339773	1971	444	4566	14340	2826	0	0	0	0	192	226	0	model_project/data_audit/results/per_file_records/CDS/Prunus_x_kanzakura.rga.cds.fa.records.tsv
Prunus_x_kanzakura	protein	Prunus_x_kanzakura.rga.pro.fa	downloads/sequences/protein/Prunus_x_kanzakura.rga.pro.fa	4141	3018041	100	728.8193673025839	656	147	1521	4779	941	0	0	0	0	0	0	0	model_project/data_audit/results/per_file_records/protein/Prunus_x_kanzakura.rga.pro.fa.records.tsv
Prunus_yedoensis	CDS	Prunus_yedoensis.rga.cds.fa	downloads/sequences/CDS/Prunus_yedoensis.rga.cds.fa	2434	3484326	153	1431.5225965488908	1290.0	321.0	2949.0	5196	1905	0	0	0	0	0	0	0	model_project/data_audit/results/per_file_records/CDS/Prunus_yedoensis.rga.cds.fa.records.tsv
Prunus_yedoensis	protein	Prunus_yedoensis.rga.pro.fa	downloads/sequences/protein/Prunus_yedoensis.rga.pro.fa	2434	1159008	50	476.1741988496302	429.0	106.0	982.0	1731	635	0	0	0	0	0	0	0	model_project/data_audit/results/per_file_records/protein/Prunus_yedoensis.rga.pro.fa.records.tsv
Prunus_zhengheensis	CDS	Prunus_zhengheensis.rga.cds.fa	downloads/sequences/CDS/Prunus_zhengheensis.rga.cds.fa	1467	2392770	201	1631.0633946830267	1482	357.0	3381.6000000000013	7656	2049	0	0	0	0	0	0	0	model_project/data_audit/results/per_file_records/CDS/Prunus_zhengheensis.rga.cds.fa.records.tsv
Prunus_zhengheensis	protein	Prunus_zhengheensis.rga.pro.fa	downloads/sequences/protein/Prunus_zhengheensis.rga.pro.fa	1467	796123	66	542.6877982276756	493	118.0	1126.2000000000003	2551	682	0	0	0	0	0	0	0	model_project/data_audit/results/per_file_records/protein/Prunus_zhengheensis.rga.pro.fa.records.tsv
Pterocarpus_macrocarpus	CDS	Pterocarpus_macrocarpus.rga.cds.fa	downloads/sequences/CDS/Pterocarpus_macrocarpus.rga.cds.fa	1840	3242223	303	1762.0777173913043	1617.0	467.55	3354.2999999999997	12465	2100	0	0	0	0	0	1	0	model_project/data_audit/results/per_file_records/CDS/Pterocarpus_macrocarpus.rga.cds.fa.records.tsv
Pterocarpus_macrocarpus	protein	Pterocarpus_macrocarpus.rga.pro.fa	downloads/sequences/protein/Pterocarpus_macrocarpus.rga.pro.fa	1840	1078902	100	586.3597826086957	538.0	154.85000000000002	1117.1	4154	699	0	0	0	0	0	0	0	model_project/data_audit/results/per_file_records/protein/Pterocarpus_macrocarpus.rga.pro.fa.records.tsv
Pterocarpus_santalinus	CDS	Pterocarpus_santalinus.rga.cds.fa	downloads/sequences/CDS/Pterocarpus_santalinus.rga.cds.fa	2012	3480069	303	1729.6565606361828	1635.0	435.0	3343.3499999999995	10614	2070	0	0	0	0	0	0	0	model_project/data_audit/results/per_file_records/CDS/Pterocarpus_santalinus.rga.cds.fa.records.tsv
Pterocarpus_santalinus	protein	Pterocarpus_santalinus.rga.pro.fa	downloads/sequences/protein/Pterocarpus_santalinus.rga.pro.fa	2012	1158011	100	575.5521868787276	544.0	144.0	1113.4499999999998	3537	689	0	0	0	0	0	0	0	model_project/data_audit/results/per_file_records/protein/Pterocarpus_santalinus.rga.pro.fa.records.tsv
Punica_granatum	CDS	Punica_granatum.rga.cds.fa	downloads/sequences/CDS/Punica_granatum.rga.cds.fa	1593	3358459	273	2108.2605147520403	1989	658.8	3826.2	12549	2484	0	0	0	1	6	1	0	model_project/data_audit/results/per_file_records/CDS/Punica_granatum.rga.cds.fa.records.tsv
Punica_granatum	protein	Punica_granatum.rga.pro.fa	downloads/sequences/protein/Punica_granatum.rga.pro.fa	1593	1117894	90	701.7539234149403	662	218.6	1274.3999999999999	4182	827	0	0	0	0	0	0	3	model_project/data_audit/results/per_file_records/protein/Punica_granatum.rga.pro.fa.records.tsv
Pyrus_betulifolia	CDS	Pyrus_betulifolia.rga.cds.fa	downloads/sequences/CDS/Pyrus_betulifolia.rga.cds.fa	2958	2107877	71	712.6020960108182	669.0	216.0	1348.0	2827	848	2958	0	0	1938	2958	2954	0	model_project/data_audit/results/per_file_records/CDS/Pyrus_betulifolia.rga.cds.fa.records.tsv
Pyrus_betulifolia	protein	Pyrus_betulifolia.rga.pro.fa	downloads/sequences/protein/Pyrus_betulifolia.rga.pro.fa	2958	2107877	71	712.6020960108182	669.0	216.0	1348.0	2827	848	0	0	0	0	0	0	0	model_project/data_audit/results/per_file_records/protein/Pyrus_betulifolia.rga.pro.fa.records.tsv
Pyrus_bretschneideri	CDS	Pyrus_bretschneideri.rga.cds.fa	downloads/sequences/CDS/Pyrus_bretschneideri.rga.cds.fa	2538	5315500	231	2094.3656422379827	2019.0	722.1000000000001	3777.4500000000003	6162	2466	0	0	0	14	26	49	0	model_project/data_audit/results/per_file_records/CDS/Pyrus_bretschneideri.rga.cds.fa.records.tsv
Pyrus_bretschneideri	protein	Pyrus_bretschneideri.rga.pro.fa	downloads/sequences/protein/Pyrus_bretschneideri.rga.pro.fa	2538	1769338	76	697.1386918833728	672.0	239.70000000000002	1258.15	2053	821	0	0	0	0	0	0	0	model_project/data_audit/results/per_file_records/protein/Pyrus_bretschneideri.rga.pro.fa.records.tsv
Pyrus_communis	CDS	Pyrus_communis.rga.cds.fa	downloads/sequences/CDS/Pyrus_communis.rga.cds.fa	2329	4058172	186	1742.4525547445255	1599	396.0	3520.7999999999997	9144	2220	0	0	0	0	0	1	0	model_project/data_audit/results/per_file_records/CDS/Pyrus_communis.rga.cds.fa.records.tsv
Pyrus_communis	protein	Pyrus_communis.rga.pro.fa	downloads/sequences/protein/Pyrus_communis.rga.pro.fa	2329	1350396	61	579.817947617003	532	131.0	1172.6	3047	740	0	0	0	0	0	0	0	model_project/data_audit/results/per_file_records/protein/Pyrus_communis.rga.pro.fa.records.tsv
Pyrus_pyrifolia	CDS	Pyrus_pyrifolia.rga.cds.fa	downloads/sequences/CDS/Pyrus_pyrifolia.rga.cds.fa	2653	5670225	255	2137.2879758763665	2046	735.5999999999999	3803.4000000000005	7101	2496	0	0	0	0	0	0	0	model_project/data_audit/results/per_file_records/CDS/Pyrus_pyrifolia.rga.cds.fa.records.tsv
Pyrus_pyrifolia	protein	Pyrus_pyrifolia.rga.pro.fa	downloads/sequences/protein/Pyrus_pyrifolia.rga.pro.fa	2653	1887422	84	711.4293252921221	681	244.2	1266.8000000000002	2366	831	0	0	0	0	0	0	0	model_project/data_audit/results/per_file_records/protein/Pyrus_pyrifolia.rga.pro.fa.records.tsv
Quercus_acutissima	CDS	Quercus_acutissima.rga.cds.fa	downloads/sequences/CDS/Quercus_acutissima.rga.cds.fa	1794	3162835	177	1763.0072463768115	1599.0	381.0	3573.149999999999	8292	2226	0	0	0	3	6	4	0	model_project/data_audit/results/per_file_records/CDS/Quercus_acutissima.rga.cds.fa.records.tsv
Quercus_acutissima	protein	Quercus_acutissima.rga.pro.fa	downloads/sequences/protein/Quercus_acutissima.rga.pro.fa	1794	1052486	58	586.670011148272	532.0	126.0	1190.0499999999997	2763	741	0	0	0	0	0	0	0	model_project/data_audit/results/per_file_records/protein/Quercus_acutissima.rga.pro.fa.records.tsv
Quercus_dentata	CDS	Quercus_dentata.rga.cds.fa	downloads/sequences/CDS/Quercus_dentata.rga.cds.fa	3482	6958695	309	1998.4764503159104	1894.5	654.1500000000001	3642.0	8052	2280	0	0	0	0	5	0	0	model_project/data_audit/results/per_file_records/CDS/Quercus_dentata.rga.cds.fa.records.tsv
Quercus_dentata	protein	Quercus_dentata.rga.pro.fa	downloads/sequences/protein/Quercus_dentata.rga.pro.fa	3482	2319565	103	666.1588167719701	631.5	218.05	1214.0	2684	760	0	0	0	0	0	0	3482	model_project/data_audit/results/per_file_records/protein/Quercus_dentata.rga.pro.fa.records.tsv
Quercus_mongolica	CDS	Quercus_mongolica.rga.cds.fa	downloads/sequences/CDS/Quercus_mongolica.rga.cds.fa	1878	3467181	150	1846.2092651757189	1752.0	449.55000000000007	3571.3499999999985	7836	2325	0	0	0	0	0	0	0	model_project/data_audit/results/per_file_records/CDS/Quercus_mongolica.rga.cds.fa.records.tsv
Quercus_mongolica	protein	Quercus_mongolica.rga.pro.fa	downloads/sequences/protein/Quercus_mongolica.rga.pro.fa	1878	1153849	49	614.4030883919063	583.0	148.85000000000002	1189.4499999999996	2611	774	0	0	0	0	0	0	0	model_project/data_audit/results/per_file_records/protein/Quercus_mongolica.rga.pro.fa.records.tsv
Quercus_robur	CDS	Quercus_robur.rga.cds.fa	downloads/sequences/CDS/Quercus_robur.rga.cds.fa	3266	6325710	228	1936.837109614207	1848.0	519.0	3697.5	7290	2595	0	0	0	0	0	0	0	model_project/data_audit/results/per_file_records/CDS/Quercus_robur.rga.cds.fa.records.tsv
Quercus_robur	protein	Quercus_robur.rga.pro.fa	downloads/sequences/protein/Quercus_robur.rga.pro.fa	3266	2105083	75	644.5447030006123	615.0	172.0	1231.5	2429	864	0	0	0	0	0	0	0	model_project/data_audit/results/per_file_records/protein/Quercus_robur.rga.pro.fa.records.tsv
Quercus_suber	CDS	Quercus_suber.rga.cds.fa	downloads/sequences/CDS/Quercus_suber.rga.cds.fa	4957	10468681	231	2111.898527335082	2037	592.6	3753.0	9279	2541	0	0	0	134	100	147	0	model_project/data_audit/results/per_file_records/CDS/Quercus_suber.rga.cds.fa.records.tsv
Quercus_suber	protein	Quercus_suber.rga.pro.fa	downloads/sequences/protein/Quercus_suber.rga.pro.fa	4957	3489275	76	703.9086140810974	678	198.0	1250.999999999999	3092	846	0	0	0	0	0	0	0	model_project/data_audit/results/per_file_records/protein/Quercus_suber.rga.pro.fa.records.tsv
Quercus_variabilis	CDS	Quercus_variabilis.rga.cds.fa	downloads/sequences/CDS/Quercus_variabilis.rga.cds.fa	1787	3257931	174	1823.128707330722	1728	378.0	3710.0999999999995	12153	2271	0	0	0	0	139	70	0	model_project/data_audit/results/per_file_records/CDS/Quercus_variabilis.rga.cds.fa.records.tsv
Quercus_variabilis	protein	Quercus_variabilis.rga.pro.fa	downloads/sequences/protein/Quercus_variabilis.rga.pro.fa	1787	1084260	57	606.7487409065473	575	125.0	1235.6999999999998	4050	757	0	0	0	0	0	0	0	model_project/data_audit/results/per_file_records/protein/Quercus_variabilis.rga.pro.fa.records.tsv
Raddia_distichophylla	CDS	Raddia_distichophylla.rga.cds.fa	downloads/sequences/CDS/Raddia_distichophylla.rga.cds.fa	1317	2387625	180	1812.9271070615034	1632	440.4	3547.2000000000007	8805	2160	0	0	0	0	0	0	0	model_project/data_audit/results/per_file_records/CDS/Raddia_distichophylla.rga.cds.fa.records.tsv
Raddia_distichophylla	protein	Raddia_distichophylla.rga.pro.fa	downloads/sequences/protein/Raddia_distichophylla.rga.pro.fa	1317	794558	59	603.3090356871678	543	145.8	1181.4000000000003	2934	719	0	0	0	0	0	0	0	model_project/data_audit/results/per_file_records/protein/Raddia_distichophylla.rga.pro.fa.records.tsv
Raddia_guianensis	CDS	Raddia_guianensis.rga.cds.fa	downloads/sequences/CDS/Raddia_guianensis.rga.cds.fa	1525	2535933	168	1662.9068852459015	1494	403.20000000000005	3262.2	6294	2067	0	0	0	0	155	137	0	model_project/data_audit/results/per_file_records/CDS/Raddia_guianensis.rga.cds.fa.records.tsv
Raddia_guianensis	protein	Raddia_guianensis.rga.pro.fa	downloads/sequences/protein/Raddia_guianensis.rga.pro.fa	1525	843923	56	553.392131147541	497	134.4	1086.3999999999999	2097	688	0	0	0	0	0	0	0	model_project/data_audit/results/per_file_records/protein/Raddia_guianensis.rga.pro.fa.records.tsv
Raphanus_sativus	CDS	Raphanus_sativus.rga.cds.fa	downloads/sequences/CDS/Raphanus_sativus.rga.cds.fa	1876	3822636	177	2037.6524520255864	1906.5	744.75	3744.0	9357	2358	0	0	0	0	0	0	0	model_project/data_audit/results/per_file_records/CDS/Raphanus_sativus.rga.cds.fa.records.tsv
Raphanus_sativus	protein	Raphanus_sativus.rga.pro.fa	downloads/sequences/protein/Raphanus_sativus.rga.pro.fa	1876	1272336	58	678.2174840085288	634.5	247.25	1247.0	3118	785	0	0	0	0	0	0	0	model_project/data_audit/results/per_file_records/protein/Raphanus_sativus.rga.pro.fa.records.tsv
Rhamphospermum_arvense	CDS	Rhamphospermum_arvense.rga.cds.fa	downloads/sequences/CDS/Rhamphospermum_arvense.rga.cds.fa	2446	4747315	150	1940.8483237939492	1867.5	603.75	3575.25	9105	2295	0	0	0	1	0	2	0	model_project/data_audit/results/per_file_records/CDS/Rhamphospermum_arvense.rga.cds.fa.records.tsv
Rhamphospermum_arvense	protein	Rhamphospermum_arvense.rga.pro.fa	downloads/sequences/protein/Rhamphospermum_arvense.rga.pro.fa	2446	1579967	49	645.9390842191333	621.5	200.25	1190.75	3034	764	0	0	0	0	0	0	0	model_project/data_audit/results/per_file_records/protein/Rhamphospermum_arvense.rga.pro.fa.records.tsv
Rheum_tanguticum	CDS	Rheum_tanguticum.rga.cds.fa	downloads/sequences/CDS/Rheum_tanguticum.rga.cds.fa	1584	2656284	168	1676.9469696969697	1578.0	384.0	3212.5499999999997	10038	2022	0	0	0	2	9	5	0	model_project/data_audit/results/per_file_records/CDS/Rheum_tanguticum.rga.cds.fa.records.tsv
Rheum_tanguticum	protein	Rheum_tanguticum.rga.pro.fa	downloads/sequences/protein/Rheum_tanguticum.rga.pro.fa	1584	883848	55	557.9848484848485	525.0	127.0	1069.85	3345	673	0	0	0	0	0	0	0	model_project/data_audit/results/per_file_records/protein/Rheum_tanguticum.rga.pro.fa.records.tsv
Rhodiola_crenulata	CDS	Rhodiola_crenulata.rga.cds.fa	downloads/sequences/CDS/Rhodiola_crenulata.rga.cds.fa	1264	2227590	102	1762.3338607594937	1681.5	448.35	3324.0	9705	2055	0	0	0	0	5	0	0	model_project/data_audit/results/per_file_records/CDS/Rhodiola_crenulata.rga.cds.fa.records.tsv
Rhodiola_crenulata	protein	Rhodiola_crenulata.rga.pro.fa	downloads/sequences/protein/Rhodiola_crenulata.rga.pro.fa	1264	741257	33	586.4375	559.5	148.45000000000002	1107.0	3234	684	0	0	0	0	0	0	0	model_project/data_audit/results/per_file_records/protein/Rhodiola_crenulata.rga.pro.fa.records.tsv
Rhododendron_delavayi	CDS	Rhododendron_delavayi.rga.cds.fa	downloads/sequences/CDS/Rhododendron_delavayi.rga.cds.fa	1958	3702273	153	1890.844228804903	1752.0	456.0	3598.349999999999	34107	2340	0	0	0	0	20	0	0	model_project/data_audit/results/per_file_records/CDS/Rhododendron_delavayi.rga.cds.fa.records.tsv
Rhododendron_delavayi	protein	Rhododendron_delavayi.rga.pro.fa	downloads/sequences/protein/Rhododendron_delavayi.rga.pro.fa	1958	1207924	50	616.9172625127682	580.5	151.0	1184.1499999999999	3592	770	0	0	0	0	0	0	0	model_project/data_audit/results/per_file_records/protein/Rhododendron_delavayi.rga.pro.fa.records.tsv
Rhododendron_griersonianum	CDS	Rhododendron_griersonianum.rga.cds.fa	downloads/sequences/CDS/Rhododendron_griersonianum.rga.cds.fa	1517	3024648	156	1993.8352010547133	1800	432.0	4107.000000000002	11943	2469	0	0	0	0	80	0	0	model_project/data_audit/results/per_file_records/CDS/Rhododendron_griersonianum.rga.cds.fa.records.tsv
Rhododendron_griersonianum	protein	Rhododendron_griersonianum.rga.pro.fa	downloads/sequences/protein/Rhododendron_griersonianum.rga.pro.fa	1517	1006699	51	663.6117336849044	599	143.0	1368.0000000000005	3980	822	0	0	0	0	0	0	0	model_project/data_audit/results/per_file_records/protein/Rhododendron_griersonianum.rga.pro.fa.records.tsv
Rhododendron_henanense	CDS	Rhododendron_henanense.rga.cds.fa	downloads/sequences/CDS/Rhododendron_henanense.rga.cds.fa	1493	3747968	198	2510.3603482920294	2394	740.2	4594.199999999995	8353	2904	0	0	0	609	857	876	0	model_project/data_audit/results/per_file_records/CDS/Rhododendron_henanense.rga.cds.fa.records.tsv
Rhododendron_henanense	protein	Rhododendron_henanense.rga.pro.fa	downloads/sequences/protein/Rhododendron_henanense.rga.pro.fa	1493	1032981	63	691.8827863362358	661	220.40000000000003	1251.7999999999997	2263	829	0	0	0	0	0	0	0	model_project/data_audit/results/per_file_records/protein/Rhododendron_henanense.rga.pro.fa.records.tsv
Rhododendron_molle	CDS	Rhododendron_molle.rga.cds.fa	downloads/sequences/CDS/Rhododendron_molle.rga.cds.fa	1949	3668241	153	1882.114417650077	1782	381.0	3789.5999999999995	9360	2358	0	0	0	0	77	0	0	model_project/data_audit/results/per_file_records/CDS/Rhododendron_molle.rga.cds.fa.records.tsv
Rhododendron_molle	protein	Rhododendron_molle.rga.pro.fa	downloads/sequences/protein/Rhododendron_molle.rga.pro.fa	1949	1220798	50	626.3714725500256	593	126.0	1262.1999999999998	3119	785	0	0	0	0	0	0	0	model_project/data_audit/results/per_file_records/protein/Rhododendron_molle.rga.pro.fa.records.tsv
Rhododendron_ovatum	CDS	Rhododendron_ovatum.rga.cds.fa	downloads/sequences/CDS/Rhododendron_ovatum.rga.cds.fa	2899	5952958	156	2053.4522249051397	2019	444.0	3816.0	7269	2592	0	0	0	93	101	94	0	model_project/data_audit/results/per_file_records/CDS/Rhododendron_ovatum.rga.cds.fa.records.tsv
Rhododendron_ovatum	protein	Rhododendron_ovatum.rga.pro.fa	downloads/sequences/protein/Rhododendron_ovatum.rga.pro.fa	2899	1981486	52	683.506726457399	672	147.0	1271.0	2423	863	0	0	0	0	0	0	0	model_project/data_audit/results/per_file_records/protein/Rhododendron_ovatum.rga.pro.fa.records.tsv
Rhododendron_prattii	CDS	Rhododendron_prattii.rga.cds.fa	downloads/sequences/CDS/Rhododendron_prattii.rga.cds.fa	2558	5342790	189	2088.6591086786552	1990.5	531.0	3942.4500000000003	7434	2529	0	0	0	0	0	0	0	model_project/data_audit/results/per_file_records/CDS/Rhododendron_prattii.rga.cds.fa.records.tsv
Rhododendron_prattii	protein	Rhododendron_prattii.rga.pro.fa	downloads/sequences/protein/Rhododendron_prattii.rga.pro.fa	2558	1778372	62	695.219702892885	662.5	176.0	1313.15	2477	843	0	0	0	0	0	0	0	model_project/data_audit/results/per_file_records/protein/Rhododendron_prattii.rga.pro.fa.records.tsv
Rhododendron_ripense	CDS	Rhododendron_ripense.rga.cds.fa	downloads/sequences/CDS/Rhododendron_ripense.rga.cds.fa	2105	4282989	303	2034.674109263658	1887	468.0	4143.599999999999	18105	2505	0	0	0	0	115	165	0	model_project/data_audit/results/per_file_records/CDS/Rhododendron_ripense.rga.cds.fa.records.tsv
Rhododendron_ripense	protein	Rhododendron_ripense.rga.pro.fa	downloads/sequences/protein/Rhododendron_ripense.rga.pro.fa	2105	1425723	100	677.3030878859857	628	155.2	1380.1999999999998	6035	834	0	0	0	0	0	0	0	model_project/data_audit/results/per_file_records/protein/Rhododendron_ripense.rga.pro.fa.records.tsv
Rhododendron_simsii	CDS	Rhododendron_simsii.rga.cds.fa	downloads/sequences/CDS/Rhododendron_simsii.rga.cds.fa	2057	4068795	234	1978.0238210986874	1815	585.0	3909.5999999999995	9450	2343	0	0	0	0	49	0	0	model_project/data_audit/results/per_file_records/CDS/Rhododendron_simsii.rga.cds.fa.records.tsv
Rhododendron_simsii	protein	Rhododendron_simsii.rga.pro.fa	downloads/sequences/protein/Rhododendron_simsii.rga.pro.fa	2057	1354208	77	658.3412736995625	604	194.0	1302.1999999999998	3149	780	0	0	0	0	0	0	0	model_project/data_audit/results/per_file_records/protein/Rhododendron_simsii.rga.pro.fa.records.tsv
Rhododendron_vialii	CDS	Rhododendron_vialii.rga.cds.fa	downloads/sequences/CDS/Rhododendron_vialii.rga.cds.fa	4653	9359643	165	2011.5286911669891	1947	537.0	3682.199999999999	9408	2478	0	0	0	0	2	0	0	model_project/data_audit/results/per_file_records/CDS/Rhododendron_vialii.rga.cds.fa.records.tsv
Rhododendron_vialii	protein	Rhododendron_vialii.rga.pro.fa	downloads/sequences/protein/Rhododendron_vialii.rga.pro.fa	4653	3119881	55	670.5095637223296	649	179.0	1227.3999999999996	3136	826	0	0	0	0	0	0	4653	model_project/data_audit/results/per_file_records/protein/Rhododendron_vialii.rga.pro.fa.records.tsv
Rhododendron_williamsianum	CDS	Rhododendron_williamsianum.rga.cds.fa	downloads/sequences/CDS/Rhododendron_williamsianum.rga.cds.fa	1243	2009370	201	1616.5486725663716	1482	495.3	3128.6999999999994	5136	1932	520	0	0	0	116	74	0	model_project/data_audit/results/per_file_records/CDS/Rhododendron_williamsianum.rga.cds.fa.records.tsv
Rhododendron_williamsianum	protein	Rhododendron_williamsianum.rga.pro.fa	downloads/sequences/protein/Rhododendron_williamsianum.rga.pro.fa	1243	668621	66	537.9090909090909	493	164.1	1041.8999999999999	1711	643	0	0	0	0	0	0	0	model_project/data_audit/results/per_file_records/protein/Rhododendron_williamsianum.rga.pro.fa.records.tsv
Rhynchospora_breviuscula	CDS	Rhynchospora_breviuscula.rga.cds.fa	downloads/sequences/CDS/Rhynchospora_breviuscula.rga.cds.fa	1361	2673591	303	1964.4313005143276	1926	786	3474	6777	2250	0	0	0	0	0	0	0	model_project/data_audit/results/per_file_records/CDS/Rhynchospora_breviuscula.rga.cds.fa.records.tsv
Rhynchospora_breviuscula	protein	Rhynchospora_breviuscula.rga.pro.fa	downloads/sequences/protein/Rhynchospora_breviuscula.rga.pro.fa	1361	889836	100	653.8104335047759	641	261	1157	2258	749	0	0	0	0	0	0	0	model_project/data_audit/results/per_file_records/protein/Rhynchospora_breviuscula.rga.pro.fa.records.tsv
Rhynchospora_pubera	CDS	Rhynchospora_pubera.rga.cds.fa	downloads/sequences/CDS/Rhynchospora_pubera.rga.cds.fa	4927	9379920	270	1903.7791759691495	1872	744.0	3336.0	6780	2202	0	0	0	0	2	2	0	model_project/data_audit/results/per_file_records/CDS/Rhynchospora_pubera.rga.cds.fa.records.tsv
Rhynchospora_pubera	protein	Rhynchospora_pubera.rga.pro.fa	downloads/sequences/protein/Rhynchospora_pubera.rga.pro.fa	4927	3121715	89	633.5934645829105	623	247.0	1111.0	2259	733	0	0	0	0	0	0	0	model_project/data_audit/results/per_file_records/protein/Rhynchospora_pubera.rga.pro.fa.records.tsv
Rhynchospora_tenuis	CDS	Rhynchospora_tenuis.rga.cds.fa	downloads/sequences/CDS/Rhynchospora_tenuis.rga.cds.fa	1536	2914410	291	1897.40234375	1863.0	693.0	3417.0	5058	2199	0	0	0	0	0	0	0	model_project/data_audit/results/per_file_records/CDS/Rhynchospora_tenuis.rga.cds.fa.records.tsv
Rhynchospora_tenuis	protein	Rhynchospora_tenuis.rga.pro.fa	downloads/sequences/protein/Rhynchospora_tenuis.rga.pro.fa	1536	969934	96	631.4674479166666	620.0	230.0	1138.0	1685	732	0	0	0	0	0	0	0	model_project/data_audit/results/per_file_records/protein/Rhynchospora_tenuis.rga.pro.fa.records.tsv
Ricinus_communis	CDS	Ricinus_communis.rga.cds.fa	downloads/sequences/CDS/Ricinus_communis.rga.cds.fa	1341	2443046	153	1821.8090976882922	1755	408	3423	8382	2166	0	0	0	17	10	22	0	model_project/data_audit/results/per_file_records/CDS/Ricinus_communis.rga.cds.fa.records.tsv
Ricinus_communis	protein	Ricinus_communis.rga.pro.fa	downloads/sequences/protein/Ricinus_communis.rga.pro.fa	1341	813019	50	606.2781506338554	584	135	1140	2793	722	0	0	0	0	0	0	0	model_project/data_audit/results/per_file_records/protein/Ricinus_communis.rga.pro.fa.records.tsv
Robinia_pseudoacacia	CDS	Robinia_pseudoacacia.rga.cds.fa	downloads/sequences/CDS/Robinia_pseudoacacia.rga.cds.fa	2116	3830229	207	1810.1271266540643	1693.5	435.0	3521.25	8349	2241	0	0	0	0	0	0	0	model_project/data_audit/results/per_file_records/CDS/Robinia_pseudoacacia.rga.cds.fa.records.tsv
Robinia_pseudoacacia	protein	Robinia_pseudoacacia.rga.pro.fa	downloads/sequences/protein/Robinia_pseudoacacia.rga.pro.fa	2116	1276743	69	603.375708884688	564.5	145.0	1173.75	2783	747	0	0	0	0	0	0	2116	model_project/data_audit/results/per_file_records/protein/Robinia_pseudoacacia.rga.pro.fa.records.tsv
Roridula_gorgonias	CDS	Roridula_gorgonias.rga.cds.fa	downloads/sequences/CDS/Roridula_gorgonias.rga.cds.fa	1178	1999335	192	1697.2283531409169	1507.5	435.30000000000007	3348.1499999999974	9717	2037	0	0	0	0	152	276	0	model_project/data_audit/results/per_file_records/CDS/Roridula_gorgonias.rga.cds.fa.records.tsv
Roridula_gorgonias	protein	Roridula_gorgonias.rga.pro.fa	downloads/sequences/protein/Roridula_gorgonias.rga.pro.fa	1178	665471	63	564.9159592529711	501.5	144.25	1115.049999999999	3238	678	0	0	0	0	0	0	0	model_project/data_audit/results/per_file_records/protein/Roridula_gorgonias.rga.pro.fa.records.tsv
Rosa_chinensis	CDS	Rosa_chinensis.rga.cds.fa	downloads/sequences/CDS/Rosa_chinensis.rga.cds.fa	3531	6166941	126	1746.5140186915887	1617	321.0	3529.5	10296	2415	0	0	0	0	0	0	0	model_project/data_audit/results/per_file_records/CDS/Rosa_chinensis.rga.cds.fa.records.tsv
Rosa_chinensis	protein	Rosa_chinensis.rga.pro.fa	downloads/sequences/protein/Rosa_chinensis.rga.pro.fa	3531	2052116	41	581.171339563863	538	106.0	1175.5	3431	804	0	0	0	0	0	0	0	model_project/data_audit/results/per_file_records/protein/Rosa_chinensis.rga.pro.fa.records.tsv
Rosa_multiflora	CDS	Rosa_multiflora.rga.cds.fa	downloads/sequences/CDS/Rosa_multiflora.rga.cds.fa	4921	8665947	155	1761.0134119081488	1502	369	3831	12138	2478	0	0	0	453	351	468	0	model_project/data_audit/results/per_file_records/CDS/Rosa_multiflora.rga.cds.fa.records.tsv
Rosa_multiflora	protein	Rosa_multiflora.rga.pro.fa	downloads/sequences/protein/Rosa_multiflora.rga.pro.fa	4921	2884048	52	586.0694980694981	501	122	1276	4045	825	0	0	0	0	0	0	0	model_project/data_audit/results/per_file_records/protein/Rosa_multiflora.rga.pro.fa.records.tsv
Rosa_roxburghii	CDS	Rosa_roxburghii.rga.cds.fa	downloads/sequences/CDS/Rosa_roxburghii.rga.cds.fa	2459	5566785	162	2263.8409922732817	2067	378.0	4711.499999999998	14952	2832	0	0	0	0	133	0	0	model_project/data_audit/results/per_file_records/CDS/Rosa_roxburghii.rga.cds.fa.records.tsv
Rosa_roxburghii	protein	Rosa_roxburghii.rga.pro.fa	downloads/sequences/protein/Rosa_roxburghii.rga.pro.fa	2459	1853136	53	753.6136640910939	688	125.0	1569.4999999999995	4983	943	0	0	0	0	0	0	0	model_project/data_audit/results/per_file_records/protein/Rosa_roxburghii.rga.pro.fa.records.tsv
Rosa_rugosa	CDS	Rosa_rugosa.rga.cds.fa	downloads/sequences/CDS/Rosa_rugosa.rga.cds.fa	2417	5646931	165	2336.338849813819	2307	681.0	4095.0	8964	2814	0	0	0	1	1	1	0	model_project/data_audit/results/per_file_records/CDS/Rosa_rugosa.rga.cds.fa.records.tsv
Rosa_rugosa	protein	Rosa_rugosa.rga.pro.fa	downloads/sequences/protein/Rosa_rugosa.rga.pro.fa	2417	1879894	54	777.7798924286305	768	226.0	1364.0	2987	938	0	0	0	0	0	0	0	model_project/data_audit/results/per_file_records/protein/Rosa_rugosa.rga.pro.fa.records.tsv
Rosa_wichuraiana	CDS	Rosa_wichuraiana.rga.cds.fa	downloads/sequences/CDS/Rosa_wichuraiana.rga.cds.fa	2587	5829780	210	2253.4905295709314	2205	735.0	3932.399999999998	9315	2694	0	0	0	0	5	11	0	model_project/data_audit/results/per_file_records/CDS/Rosa_wichuraiana.rga.cds.fa.records.tsv
Rosa_wichuraiana	protein	Rosa_wichuraiana.rga.pro.fa	downloads/sequences/protein/Rosa_wichuraiana.rga.pro.fa	2587	1940684	69	750.1677618863548	734	244.0	1309.7999999999993	3104	897	0	0	0	0	0	0	0	model_project/data_audit/results/per_file_records/protein/Rosa_wichuraiana.rga.pro.fa.records.tsv
Rubus_argutus	CDS	Rubus_argutus.rga.cds.fa	downloads/sequences/CDS/Rubus_argutus.rga.cds.fa	2071	3647887	204	1761.4133268952196	1686	436.5	3393.0	8403	2205	0	0	0	1	0	1	0	model_project/data_audit/results/per_file_records/CDS/Rubus_argutus.rga.cds.fa.records.tsv
Rubus_argutus	protein	Rubus_argutus.rga.pro.fa	downloads/sequences/protein/Rubus_argutus.rga.pro.fa	2071	1213892	67	586.1380975374216	561	144.5	1130.0	2800	735	0	0	0	0	0	0	0	model_project/data_audit/results/per_file_records/protein/Rubus_argutus.rga.pro.fa.records.tsv
Rubus_chingii	CDS	Rubus_chingii.rga.cds.fa	downloads/sequences/CDS/Rubus_chingii.rga.cds.fa	2556	4379625	96	1713.468309859155	1603.5	405.0	3357.75	8226	2214	0	0	0	0	180	86	0	model_project/data_audit/results/per_file_records/CDS/Rubus_chingii.rga.cds.fa.records.tsv
Rubus_chingii	protein	Rubus_chingii.rga.pro.fa	downloads/sequences/protein/Rubus_chingii.rga.pro.fa	2556	1457405	32	570.1897496087637	533.5	134.0	1118.25	2741	737	0	0	0	0	0	0	0	model_project/data_audit/results/per_file_records/protein/Rubus_chingii.rga.pro.fa.records.tsv
Rubus_corchorifolius	CDS	Rubus_corchorifolius.rga.cds.fa	downloads/sequences/CDS/Rubus_corchorifolius.rga.cds.fa	1426	2565810	168	1799.3057503506311	1710.0	537.0	3432.0	9432	2070	0	0	0	0	0	0	0	model_project/data_audit/results/per_file_records/CDS/Rubus_corchorifolius.rga.cds.fa.records.tsv
Rubus_corchorifolius	protein	Rubus_corchorifolius.rga.pro.fa	downloads/sequences/protein/Rubus_corchorifolius.rga.pro.fa	1426	853844	55	598.7685834502104	569.0	178.0	1143.0	3143	689	0	0	0	0	0	0	0	model_project/data_audit/results/per_file_records/protein/Rubus_corchorifolius.rga.pro.fa.records.tsv
Rubus_occidentalis	CDS	Rubus_occidentalis.rga.cds.fa	downloads/sequences/CDS/Rubus_occidentalis.rga.cds.fa	1828	3719190	114	2034.5678336980307	1821.0	405.0	4646.699999999997	12120	2487	0	0	0	0	123	216	0	model_project/data_audit/results/per_file_records/CDS/Rubus_occidentalis.rga.cds.fa.records.tsv
Rubus_occidentalis	protein	Rubus_occidentalis.rga.pro.fa	downloads/sequences/protein/Rubus_occidentalis.rga.pro.fa	1828	1238118	37	677.3074398249453	606.0	135.0	1547.8999999999992	4039	829	0	0	0	0	0	0	0	model_project/data_audit/results/per_file_records/protein/Rubus_occidentalis.rga.pro.fa.records.tsv
Rumex_hastatulus	CDS	Rumex_hastatulus.rga.cds.fa	downloads/sequences/CDS/Rumex_hastatulus.rga.cds.fa	460	631863	210	1373.6152173913044	1219.5	353.7	2862.1499999999996	5286	1743	0	0	0	0	0	0	0	model_project/data_audit/results/per_file_records/CDS/Rumex_hastatulus.rga.cds.fa.records.tsv
Rumex_hastatulus	protein	Rumex_hastatulus.rga.pro.fa	downloads/sequences/protein/Rumex_hastatulus.rga.pro.fa	460	210621	70	457.8717391304348	406.5	117.9	954.05	1762	581	0	0	0	0	0	0	460	model_project/data_audit/results/per_file_records/protein/Rumex_hastatulus.rga.pro.fa.records.tsv
Saccharum_hybrid	CDS	Saccharum_hybrid.rga.cds.fa	downloads/sequences/CDS/Saccharum_hybrid.rga.cds.fa	693	1187319	138	1713.3030303030303	1587	363.6	3295.2	4683	2139	0	0	0	0	0	3	0	model_project/data_audit/results/per_file_records/CDS/Saccharum_hybrid.rga.cds.fa.records.tsv
Saccharum_hybrid	protein	Saccharum_hybrid.rga.pro.fa	downloads/sequences/protein/Saccharum_hybrid.rga.pro.fa	693	395083	45	570.1053391053391	528	120.19999999999999	1097.4	1560	712	0	0	0	0	0	0	0	model_project/data_audit/results/per_file_records/protein/Saccharum_hybrid.rga.pro.fa.records.tsv
Saccharum_spontaneum	CDS	Saccharum_spontaneum.rga.cds.fa	downloads/sequences/CDS/Saccharum_spontaneum.rga.cds.fa	4997	9874005	174	1975.986591955173	1818	657.0	3738.5999999999995	18513	2247	0	0	0	0	307	1413	0	model_project/data_audit/results/per_file_records/CDS/Saccharum_spontaneum.rga.cds.fa.records.tsv
Saccharum_spontaneum	protein	Saccharum_spontaneum.rga.pro.fa	downloads/sequences/protein/Saccharum_spontaneum.rga.pro.fa	4997	3287717	58	657.9381628977386	605	218.0	1246.1999999999998	6171	748	0	0	0	0	0	0	0	model_project/data_audit/results/per_file_records/protein/Saccharum_spontaneum.rga.pro.fa.records.tsv
Salix_arbutifolia	CDS	Salix_arbutifolia.rga.cds.fa	downloads/sequences/CDS/Salix_arbutifolia.rga.cds.fa	1683	3039396	213	1805.939393939394	1677	576.3000000000001	3386.7	7365	2079	0	0	0	0	0	0	0	model_project/data_audit/results/per_file_records/CDS/Salix_arbutifolia.rga.cds.fa.records.tsv
Salix_arbutifolia	protein	Salix_arbutifolia.rga.pro.fa	downloads/sequences/protein/Salix_arbutifolia.rga.pro.fa	1683	1011449	70	600.979797979798	558	191.10000000000002	1127.8999999999999	2454	692	0	0	0	0	0	0	0	model_project/data_audit/results/per_file_records/protein/Salix_arbutifolia.rga.pro.fa.records.tsv
Salix_brachista	CDS	Salix_brachista.rga.cds.fa	downloads/sequences/CDS/Salix_brachista.rga.cds.fa	1849	3354969	201	1814.4775554353705	1710	450.0	3432.0	9996	2139	0	0	0	0	8	0	0	model_project/data_audit/results/per_file_records/CDS/Salix_brachista.rga.cds.fa.records.tsv
Salix_brachista	protein	Salix_brachista.rga.pro.fa	downloads/sequences/protein/Salix_brachista.rga.pro.fa	1849	1116474	66	603.8258518117901	569	149.0	1143.0	3331	712	0	0	0	0	0	0	0	model_project/data_audit/results/per_file_records/protein/Salix_brachista.rga.pro.fa.records.tsv
Salix_chaenomeloides	CDS	Salix_chaenomeloides.rga.cds.fa	downloads/sequences/CDS/Salix_chaenomeloides.rga.cds.fa	1672	4104709	252	2454.9694976076553	2395.0	763.95	4301.699999999999	7626	2790	0	0	0	570	758	787	0	model_project/data_audit/results/per_file_records/CDS/Salix_chaenomeloides.rga.cds.fa.records.tsv
Salix_chaenomeloides	protein	Salix_chaenomeloides.rga.pro.fa	downloads/sequences/protein/Salix_chaenomeloides.rga.pro.fa	1672	1144783	80	684.6788277511962	654.5	229.20000000000005	1223.249999999999	2541	799	0	0	0	0	0	0	0	model_project/data_audit/results/per_file_records/protein/Salix_chaenomeloides.rga.pro.fa.records.tsv
Salix_integra	CDS	Salix_integra.rga.cds.fa	downloads/sequences/CDS/Salix_integra.rga.cds.fa	1634	2369051	156	1449.8476132190942	1360.5	355.3	2870.0999999999995	5808	1797	0	0	0	23	0	30	0	model_project/data_audit/results/per_file_records/CDS/Salix_integra.rga.cds.fa.records.tsv
Salix_integra	protein	Salix_integra.rga.pro.fa	downloads/sequences/protein/Salix_integra.rga.pro.fa	1634	788072	51	482.29620563035496	452.5	117.65	955.6999999999998	1935	598	0	0	0	0	0	0	0	model_project/data_audit/results/per_file_records/protein/Salix_integra.rga.pro.fa.records.tsv
Salix_koriyanagi	CDS	Salix_koriyanagi.rga.cds.fa	downloads/sequences/CDS/Salix_koriyanagi.rga.cds.fa	1461	2137685	168	1463.1656399726214	1341	366	2874	6792	1806	0	0	0	20	0	42	0	model_project/data_audit/results/per_file_records/CDS/Salix_koriyanagi.rga.cds.fa.records.tsv
Salix_koriyanagi	protein	Salix_koriyanagi.rga.pro.fa	downloads/sequences/protein/Salix_koriyanagi.rga.pro.fa	1461	711140	55	486.7488021902806	446	121	957	2263	601	0	0	0	0	0	0	0	model_project/data_audit/results/per_file_records/protein/Salix_koriyanagi.rga.pro.fa.records.tsv
Salix_purpurea	CDS	Salix_purpurea.rga.cds.fa	downloads/sequences/CDS/Salix_purpurea.rga.cds.fa	1634	2369051	156	1449.8476132190942	1360.5	355.3	2870.0999999999995	5808	1797	0	0	0	23	0	30	0	model_project/data_audit/results/per_file_records/CDS/Salix_purpurea.rga.cds.fa.records.tsv
Salix_purpurea	protein	Salix_purpurea.rga.pro.fa	downloads/sequences/protein/Salix_purpurea.rga.pro.fa	1634	788072	51	482.29620563035496	452.5	117.65	955.6999999999998	1935	598	0	0	0	0	0	0	0	model_project/data_audit/results/per_file_records/protein/Salix_purpurea.rga.pro.fa.records.tsv
Salix_suchowensis	CDS	Salix_suchowensis.rga.cds.fa	downloads/sequences/CDS/Salix_suchowensis.rga.cds.fa	2297	4732518	246	2060.303874619068	1986	803.4000000000001	3522.5999999999995	6828	2388	0	0	0	0	0	0	0	model_project/data_audit/results/per_file_records/CDS/Salix_suchowensis.rga.cds.fa.records.tsv
Salix_suchowensis	protein	Salix_suchowensis.rga.pro.fa	downloads/sequences/protein/Salix_suchowensis.rga.pro.fa	2297	1575209	81	685.7679582063561	661	266.8	1173.1999999999998	2275	795	0	0	0	0	0	0	0	model_project/data_audit/results/per_file_records/protein/Salix_suchowensis.rga.pro.fa.records.tsv
Salvia_bowleyana	CDS	Salvia_bowleyana.rga.cds.fa	downloads/sequences/CDS/Salvia_bowleyana.rga.cds.fa	2179	4224837	180	1938.8880220284534	1950	524.7	3366.2999999999997	8082	2436	0	0	0	0	6	0	0	model_project/data_audit/results/per_file_records/CDS/Salvia_bowleyana.rga.cds.fa.records.tsv
Salvia_bowleyana	protein	Salvia_bowleyana.rga.pro.fa	downloads/sequences/protein/Salvia_bowleyana.rga.pro.fa	2179	1406100	59	645.2960073428178	649	173.9	1121.1	2693	811	0	0	0	0	0	0	1	model_project/data_audit/results/per_file_records/protein/Salvia_bowleyana.rga.pro.fa.records.tsv
Salvia_hispanica	CDS	Salvia_hispanica.rga.cds.fa	downloads/sequences/CDS/Salvia_hispanica.rga.cds.fa	1427	2288097	162	1603.4316748423266	1494	378.9	3228.900000000001	7209	1941	0	0	0	0	89	75	0	model_project/data_audit/results/per_file_records/CDS/Salvia_hispanica.rga.cds.fa.records.tsv
Salvia_hispanica	protein	Salvia_hispanica.rga.pro.fa	downloads/sequences/protein/Salvia_hispanica.rga.pro.fa	1427	761347	54	533.5297827610372	497	125.3	1075.3000000000004	2402	646	0	0	0	0	0	0	0	model_project/data_audit/results/per_file_records/protein/Salvia_hispanica.rga.pro.fa.records.tsv
Salvia_rosmarinus	CDS	Salvia_rosmarinus.rga.cds.fa	downloads/sequences/CDS/Salvia_rosmarinus.rga.cds.fa	2128	3689933	198	1733.9910714285713	1614.0	456.0	3306.0	7071	2058	0	0	0	10	40	12	0	model_project/data_audit/results/per_file_records/CDS/Salvia_rosmarinus.rga.cds.fa.records.tsv
Salvia_rosmarinus	protein	Salvia_rosmarinus.rga.pro.fa	downloads/sequences/protein/Salvia_rosmarinus.rga.pro.fa	2128	1227856	65	577	537.0	151.0	1101.0	2356	685	0	0	0	0	0	0	0	model_project/data_audit/results/per_file_records/protein/Salvia_rosmarinus.rga.pro.fa.records.tsv
Salvinia_cucullata	CDS	Salvinia_cucullata.rga.cds.fa	downloads/sequences/CDS/Salvinia_cucullata.rga.cds.fa	761	1433655	213	1883.909329829172	1707	525	3681	8424	2199	0	0	0	0	21	15	0	model_project/data_audit/results/per_file_records/CDS/Salvinia_cucullata.rga.cds.fa.records.tsv
Salvinia_cucullata	protein	Salvinia_cucullata.rga.pro.fa	downloads/sequences/protein/Salvinia_cucullata.rga.pro.fa	761	477139	70	626.9894875164258	568	174	1226	2807	737	0	0	0	0	0	0	0	model_project/data_audit/results/per_file_records/protein/Salvinia_cucullata.rga.pro.fa.records.tsv
Santalum_album	CDS	Santalum_album.rga.cds.fa	downloads/sequences/CDS/Santalum_album.rga.cds.fa	1110	2709807	330	2441.2675675675678	2145.0	783.75	5108.249999999999	16323	2805	0	0	0	0	0	0	0	model_project/data_audit/results/per_file_records/CDS/Santalum_album.rga.cds.fa.records.tsv
Santalum_album	protein	Santalum_album.rga.pro.fa	downloads/sequences/protein/Santalum_album.rga.pro.fa	1110	902159	109	812.7558558558559	714.0	260.25	1701.7499999999998	5440	934	0	0	0	0	0	0	0	model_project/data_audit/results/per_file_records/protein/Santalum_album.rga.pro.fa.records.tsv
Santalum_yasi	CDS	Santalum_yasi.rga.cds.fa	downloads/sequences/CDS/Santalum_yasi.rga.cds.fa	1094	2133279	228	1949.9808043875685	1845.0	582.9	3738.0	8604	2256	0	0	0	0	0	0	0	model_project/data_audit/results/per_file_records/CDS/Santalum_yasi.rga.cds.fa.records.tsv
Santalum_yasi	protein	Santalum_yasi.rga.pro.fa	downloads/sequences/protein/Santalum_yasi.rga.pro.fa	1094	709999	75	648.9936014625229	614.0	193.3	1245.0	2867	751	0	0	0	0	0	0	0	model_project/data_audit/results/per_file_records/protein/Santalum_yasi.rga.pro.fa.records.tsv
Sapindus_mukorossi	CDS	Sapindus_mukorossi.rga.cds.fa	downloads/sequences/CDS/Sapindus_mukorossi.rga.cds.fa	1504	2925654	162	1945.248670212766	1876.5	495.0	3602.5499999999997	9816	2328	0	0	0	0	2	0	0	model_project/data_audit/results/per_file_records/CDS/Sapindus_mukorossi.rga.cds.fa.records.tsv
Sapindus_mukorossi	protein	Sapindus_mukorossi.rga.pro.fa	downloads/sequences/protein/Sapindus_mukorossi.rga.pro.fa	1504	973507	53	647.2785904255319	624.5	164.0	1199.85	3271	775	0	0	0	0	0	0	0	model_project/data_audit/results/per_file_records/protein/Sapindus_mukorossi.rga.pro.fa.records.tsv
Saururus_chinensis	CDS	Saururus_chinensis.rga.cds.fa	downloads/sequences/CDS/Saururus_chinensis.rga.cds.fa	1402	2438919	192	1739.5998573466477	1678.5	387.15	3308.85	5151	2139	0	0	0	0	0	0	0	model_project/data_audit/results/per_file_records/CDS/Saururus_chinensis.rga.cds.fa.records.tsv
Saururus_chinensis	protein	Saururus_chinensis.rga.pro.fa	downloads/sequences/protein/Saururus_chinensis.rga.pro.fa	1402	811571	63	578.8666191155493	558.5	128.05	1101.95	1716	712	0	0	0	0	0	0	0	model_project/data_audit/results/per_file_records/protein/Saururus_chinensis.rga.pro.fa.records.tsv
Schrenkiella_parvula	CDS	Schrenkiella_parvula.rga.cds.fa	downloads/sequences/CDS/Schrenkiella_parvula.rga.cds.fa	1359	2666361	183	1962.0022075055188	1839	818.4000000000001	3585.2999999999997	9903	2211	0	0	0	0	13	11	0	model_project/data_audit/results/per_file_records/CDS/Schrenkiella_parvula.rga.cds.fa.records.tsv
Schrenkiella_parvula	protein	Schrenkiella_parvula.rga.pro.fa	downloads/sequences/protein/Schrenkiella_parvula.rga.pro.fa	1359	887439	60	653.008830022075	612	271.8	1194.1	3300	736	0	0	0	0	0	0	0	model_project/data_audit/results/per_file_records/protein/Schrenkiella_parvula.rga.pro.fa.records.tsv
Sclerocarya_birrea	CDS	Sclerocarya_birrea.rga.cds.fa	downloads/sequences/CDS/Sclerocarya_birrea.rga.cds.fa	1432	2852520	171	1991.9832402234638	1828.5	412.65	4170.1500000000015	13806	2484	0	0	0	0	0	0	0	model_project/data_audit/results/per_file_records/CDS/Sclerocarya_birrea.rga.cds.fa.records.tsv
Sclerocarya_birrea	protein	Sclerocarya_birrea.rga.pro.fa	downloads/sequences/protein/Sclerocarya_birrea.rga.pro.fa	1432	949393	56	662.983938547486	608.0	136.55	1388.5000000000005	4600	827	0	0	0	0	0	0	0	model_project/data_audit/results/per_file_records/protein/Sclerocarya_birrea.rga.pro.fa.records.tsv
Scurrula_parasitica	CDS	Scurrula_parasitica.rga.cds.fa	downloads/sequences/CDS/Scurrula_parasitica.rga.cds.fa	853	1891251	183	2217.175849941383	1986	695.4000000000001	4436.4	9081	2571	0	0	0	0	83	5	0	model_project/data_audit/results/per_file_records/CDS/Scurrula_parasitica.rga.cds.fa.records.tsv
Scurrula_parasitica	protein	Scurrula_parasitica.rga.pro.fa	downloads/sequences/protein/Scurrula_parasitica.rga.pro.fa	853	629569	60	738.0644783118406	661	230.8	1477.7999999999997	3026	856	0	0	0	0	0	0	0	model_project/data_audit/results/per_file_records/protein/Scurrula_parasitica.rga.pro.fa.records.tsv
Scutellaria_baicalensis	CDS	Scutellaria_baicalensis.rga.cds.fa	downloads/sequences/CDS/Scutellaria_baicalensis.rga.cds.fa	1512	2483181	183	1642.3154761904761	1534.5	390.59999999999997	3129.750000000001	7809	1974	0	0	0	0	1	0	0	model_project/data_audit/results/per_file_records/CDS/Scutellaria_baicalensis.rga.cds.fa.records.tsv
Scutellaria_baicalensis	protein	Scutellaria_baicalensis.rga.pro.fa	downloads/sequences/protein/Scutellaria_baicalensis.rga.pro.fa	1512	826215	60	546.438492063492	510.5	129.2	1042.2500000000002	2602	657	0	0	0	0	0	0	0	model_project/data_audit/results/per_file_records/protein/Scutellaria_baicalensis.rga.pro.fa.records.tsv
Secale_cereale	CDS	Secale_cereale.rga.cds.fa	downloads/sequences/CDS/Secale_cereale.rga.cds.fa	2990	6058353	159	2026.2050167224081	2013.0	568.3500000000001	3646.649999999999	6240	2469	0	0	0	20	23	30	0	model_project/data_audit/results/per_file_records/CDS/Secale_cereale.rga.cds.fa.records.tsv
Secale_cereale	protein	Secale_cereale.rga.pro.fa	downloads/sequences/protein/Secale_cereale.rga.pro.fa	2990	2016483	52	674.4090301003345	670.0	188.45000000000002	1214.5499999999997	2079	822	0	0	0	0	0	0	0	model_project/data_audit/results/per_file_records/protein/Secale_cereale.rga.pro.fa.records.tsv
Sechium_edule	CDS	Sechium_edule.rga.cds.fa	downloads/sequences/CDS/Sechium_edule.rga.cds.fa	1384	2751408	225	1988.0115606936415	1917.0	918.9	3380.5499999999997	7803	2202	0	0	0	0	1	0	0	model_project/data_audit/results/per_file_records/CDS/Sechium_edule.rga.cds.fa.records.tsv
Sechium_edule	protein	Sechium_edule.rga.pro.fa	downloads/sequences/protein/Sechium_edule.rga.pro.fa	1384	915752	74	661.6705202312139	638.0	305.30000000000007	1125.85	2600	733	0	0	0	0	0	0	0	model_project/data_audit/results/per_file_records/protein/Sechium_edule.rga.pro.fa.records.tsv
Selaginella_moellendorffii	CDS	Selaginella_moellendorffii.rga.cds.fa	downloads/sequences/CDS/Selaginella_moellendorffii.rga.cds.fa	901	1258558	150	1396.8457269700332	1098	357	3237	5670	1815	0	0	0	1	324	277	0	model_project/data_audit/results/per_file_records/CDS/Selaginella_moellendorffii.rga.cds.fa.records.tsv
Selaginella_moellendorffii	protein	Selaginella_moellendorffii.rga.pro.fa	downloads/sequences/protein/Selaginella_moellendorffii.rga.pro.fa	901	418895	49	464.9223085460599	365	119	1078	1889	607	0	0	0	0	0	0	0	model_project/data_audit/results/per_file_records/protein/Selaginella_moellendorffii.rga.pro.fa.records.tsv
Selenicereus_undatus	CDS	Selenicereus_undatus.rga.cds.fa	downloads/sequences/CDS/Selenicereus_undatus.rga.cds.fa	1230	2167524	155	1762.2146341463415	1636.5	476.70000000000005	3418.6499999999996	7548	2067	0	0	0	19	61	70	0	model_project/data_audit/results/per_file_records/CDS/Selenicereus_undatus.rga.cds.fa.records.tsv
Selenicereus_undatus	protein	Selenicereus_undatus.rga.pro.fa	downloads/sequences/protein/Selenicereus_undatus.rga.pro.fa	1230	722498	51	587.3967479674797	545.5	158.9	1139.55	2516	689	0	0	0	0	0	0	1159	model_project/data_audit/results/per_file_records/protein/Selenicereus_undatus.rga.pro.fa.records.tsv
Senna_siamea	CDS	Senna_siamea.rga.cds.fa	downloads/sequences/CDS/Senna_siamea.rga.cds.fa	1359	2295981	201	1689.4635761589404	1530	449.70000000000005	3144.5999999999995	5958	2019	0	0	0	0	1	0	0	model_project/data_audit/results/per_file_records/CDS/Senna_siamea.rga.cds.fa.records.tsv
Senna_siamea	protein	Senna_siamea.rga.pro.fa	downloads/sequences/protein/Senna_siamea.rga.pro.fa	1359	763968	66	562.1545253863135	509	148.9	1047.1999999999998	1985	672	0	0	0	0	0	0	0	model_project/data_audit/results/per_file_records/protein/Senna_siamea.rga.pro.fa.records.tsv
Senna_tora	CDS	Senna_tora.rga.cds.fa	downloads/sequences/CDS/Senna_tora.rga.cds.fa	1648	3232755	81	1961.6231796116506	1846.5	481.05	3865.7999999999984	8361	2325	0	0	0	0	115	0	0	model_project/data_audit/results/per_file_records/CDS/Senna_tora.rga.cds.fa.records.tsv
Senna_tora	protein	Senna_tora.rga.pro.fa	downloads/sequences/protein/Senna_tora.rga.pro.fa	1648	1075937	26	652.8743932038835	614.5	159.35000000000002	1287.5999999999995	2786	774	0	0	0	0	0	0	0	model_project/data_audit/results/per_file_records/protein/Senna_tora.rga.pro.fa.records.tsv
Sequoiadendron_giganteum	CDS	Sequoiadendron_giganteum.rga.cds.fa	downloads/sequences/CDS/Sequoiadendron_giganteum.rga.cds.fa	3151	5871671	201	1863.430974293875	1770	396.0	3781.5	8625	2451	0	0	0	32	190	180	0	model_project/data_audit/results/per_file_records/CDS/Sequoiadendron_giganteum.rga.cds.fa.records.tsv
Sequoiadendron_giganteum	protein	Sequoiadendron_giganteum.rga.pro.fa	downloads/sequences/protein/Sequoiadendron_giganteum.rga.pro.fa	3151	1954254	66	620.2012059663599	589	131.0	1259.5	2874	816	0	0	0	0	0	0	0	model_project/data_audit/results/per_file_records/protein/Sequoiadendron_giganteum.rga.pro.fa.records.tsv
Setaria_italica	CDS	Setaria_italica.rga.cds.fa	downloads/sequences/CDS/Setaria_italica.rga.cds.fa	2082	4474218	123	2149	2083.5	879.15	3669.0	8160	2472	0	0	0	0	25	25	0	model_project/data_audit/results/per_file_records/CDS/Setaria_italica.rga.cds.fa.records.tsv
Setaria_italica	protein	Setaria_italica.rga.pro.fa	downloads/sequences/protein/Setaria_italica.rga.pro.fa	2082	1489349	40	715.3453410182517	693.5	292.05	1222.0	2719	823	0	0	0	0	0	0	0	model_project/data_audit/results/per_file_records/protein/Setaria_italica.rga.pro.fa.records.tsv
Setaria_viridis	CDS	Setaria_viridis.rga.cds.fa	downloads/sequences/CDS/Setaria_viridis.rga.cds.fa	2049	4187700	105	2043.7774524158126	2016	658.2	3537.0	8160	2418	0	0	0	0	4	18	0	model_project/data_audit/results/per_file_records/CDS/Setaria_viridis.rga.cds.fa.records.tsv
Setaria_viridis	protein	Setaria_viridis.rga.pro.fa	downloads/sequences/protein/Setaria_viridis.rga.pro.fa	2049	1393869	34	680.2679355783309	671	218.4	1178.0	2719	805	0	0	0	0	0	0	0	model_project/data_audit/results/per_file_records/protein/Setaria_viridis.rga.pro.fa.records.tsv
Shorea_wangtianshuea	CDS	Shorea_wangtianshuea.rga.cds.fa	downloads/sequences/CDS/Shorea_wangtianshuea.rga.cds.fa	1341	2342505	159	1746.834451901566	1554	501	3417	11166	2037	0	0	0	0	0	0	0	model_project/data_audit/results/per_file_records/CDS/Shorea_wangtianshuea.rga.cds.fa.records.tsv
Shorea_wangtianshuea	protein	Shorea_wangtianshuea.rga.pro.fa	downloads/sequences/protein/Shorea_wangtianshuea.rga.pro.fa	1341	779494	52	581.2781506338554	517	166	1138	3721	678	0	0	0	0	0	0	0	model_project/data_audit/results/per_file_records/protein/Shorea_wangtianshuea.rga.pro.fa.records.tsv
Silene_latifolia	CDS	Silene_latifolia.rga.cds.fa	downloads/sequences/CDS/Silene_latifolia.rga.cds.fa	2128	4491819	201	2110.8171992481202	2026.5	597.0	3956.5499999999965	14769	2532	0	0	0	0	1	0	0	model_project/data_audit/results/per_file_records/CDS/Silene_latifolia.rga.cds.fa.records.tsv
Silene_latifolia	protein	Silene_latifolia.rga.pro.fa	downloads/sequences/protein/Silene_latifolia.rga.pro.fa	2128	1495145	66	702.6057330827068	674.5	198.0	1317.8499999999988	4922	843	0	0	0	0	0	0	0	model_project/data_audit/results/per_file_records/protein/Silene_latifolia.rga.pro.fa.records.tsv
Simmondsia_chinensis	CDS	Simmondsia_chinensis.rga.cds.fa	downloads/sequences/CDS/Simmondsia_chinensis.rga.cds.fa	1113	1863696	157	1674.4797843665767	1536	463.8	3237.5999999999985	5208	1992	0	0	0	8	6	9	0	model_project/data_audit/results/per_file_records/CDS/Simmondsia_chinensis.rga.cds.fa.records.tsv
Simmondsia_chinensis	protein	Simmondsia_chinensis.rga.pro.fa	downloads/sequences/protein/Simmondsia_chinensis.rga.pro.fa	1113	620126	52	557.1662174303684	511	153.6	1078.1999999999996	1735	663	0	0	0	0	0	0	0	model_project/data_audit/results/per_file_records/protein/Simmondsia_chinensis.rga.pro.fa.records.tsv
Sinapis_alba	CDS	Sinapis_alba.rga.cds.fa	downloads/sequences/CDS/Sinapis_alba.rga.cds.fa	1974	3800418	153	1925.2370820668693	1837.5	679.95	3466.0499999999997	9765	2151	0	0	0	0	0	0	0	model_project/data_audit/results/per_file_records/CDS/Sinapis_alba.rga.cds.fa.records.tsv
Sinapis_alba	protein	Sinapis_alba.rga.pro.fa	downloads/sequences/protein/Sinapis_alba.rga.pro.fa	1974	1264823	50	640.7411347517731	611.5	225.65	1154.35	3254	716	0	0	0	0	0	0	0	model_project/data_audit/results/per_file_records/protein/Sinapis_alba.rga.pro.fa.records.tsv
Siraitia_grosvenorii	CDS	Siraitia_grosvenorii.rga.cds.fa	downloads/sequences/CDS/Siraitia_grosvenorii.rga.cds.fa	1194	2643375	246	2213.881909547739	2035.5	610.8000000000001	4440.449999999997	9075	2637	0	0	0	114	107	91	0	model_project/data_audit/results/per_file_records/CDS/Siraitia_grosvenorii.rga.cds.fa.records.tsv
Siraitia_grosvenorii	protein	Siraitia_grosvenorii.rga.pro.fa	downloads/sequences/protein/Siraitia_grosvenorii.rga.pro.fa	1194	880012	81	737.0284757118928	677.5	202.60000000000002	1479.1499999999992	3024	878	0	0	0	0	0	0	0	model_project/data_audit/results/per_file_records/protein/Siraitia_grosvenorii.rga.pro.fa.records.tsv
Sisymbrium_irio	CDS	Sisymbrium_irio.rga.cds.fa	downloads/sequences/CDS/Sisymbrium_irio.rga.cds.fa	1708	3634682	183	2128.033957845433	1986.0	639.0	4083.899999999999	12342	2493	0	0	0	19	11	29	0	model_project/data_audit/results/per_file_records/CDS/Sisymbrium_irio.rga.cds.fa.records.tsv
Sisymbrium_irio	protein	Sisymbrium_irio.rga.pro.fa	downloads/sequences/protein/Sisymbrium_irio.rga.pro.fa	1708	1209872	60	708.3559718969555	661.0	212.0	1360.2999999999997	4113	830	0	0	0	0	0	0	0	model_project/data_audit/results/per_file_records/protein/Sisymbrium_irio.rga.pro.fa.records.tsv
Smallanthus_sonchifolius	CDS	Smallanthus_sonchifolius.rga.cds.fa	downloads/sequences/CDS/Smallanthus_sonchifolius.rga.cds.fa	4223	6791547	201	1608.2280369405635	1473	450.0	3072.0	5832	1908	0	0	0	0	0	0	0	model_project/data_audit/results/per_file_records/CDS/Smallanthus_sonchifolius.rga.cds.fa.records.tsv
Smallanthus_sonchifolius	protein	Smallanthus_sonchifolius.rga.pro.fa	downloads/sequences/protein/Smallanthus_sonchifolius.rga.pro.fa	4223	2259626	66	535.0760123135212	490	149.0	1023.0	1943	635	0	0	0	0	0	0	0	model_project/data_audit/results/per_file_records/protein/Smallanthus_sonchifolius.rga.pro.fa.records.tsv
Solanum_aethiopicum	CDS	Solanum_aethiopicum.rga.cds.fa	downloads/sequences/CDS/Solanum_aethiopicum.rga.cds.fa	1247	2190327	114	1756.4771451483562	1596	351.90000000000003	3340.5000000000005	18630	2076	0	0	0	0	0	0	0	model_project/data_audit/results/per_file_records/CDS/Solanum_aethiopicum.rga.cds.fa.records.tsv
Solanum_aethiopicum	protein	Solanum_aethiopicum.rga.pro.fa	downloads/sequences/protein/Solanum_aethiopicum.rga.pro.fa	1247	674657	37	541.0240577385725	513	110.30000000000001	1033.3000000000004	2040	666	0	0	0	0	0	0	0	model_project/data_audit/results/per_file_records/protein/Solanum_aethiopicum.rga.pro.fa.records.tsv
Solanum_americanum	CDS	Solanum_americanum.rga.cds.fa	downloads/sequences/CDS/Solanum_americanum.rga.cds.fa	2314	4709298	150	2035.133102852204	1920.0	396.0	3924.149999999999	12864	2598	0	0	0	0	0	0	0	model_project/data_audit/results/per_file_records/CDS/Solanum_americanum.rga.cds.fa.records.tsv
Solanum_americanum	protein	Solanum_americanum.rga.pro.fa	downloads/sequences/protein/Solanum_americanum.rga.pro.fa	2314	1567452	49	677.3777009507346	639.0	131.0	1307.0499999999997	4287	866	0	0	0	0	0	0	0	model_project/data_audit/results/per_file_records/protein/Solanum_americanum.rga.pro.fa.records.tsv
Solanum_andreanum	CDS	Solanum_andreanum.rga.cds.fa	downloads/sequences/CDS/Solanum_andreanum.rga.cds.fa	3329	6481761	180	1947.0594773205166	1878	378.0	3795.599999999998	12486	2490	0	0	0	0	70	36	0	model_project/data_audit/results/per_file_records/CDS/Solanum_andreanum.rga.cds.fa.records.tsv
Solanum_andreanum	protein	Solanum_andreanum.rga.pro.fa	downloads/sequences/protein/Solanum_andreanum.rga.pro.fa	3329	2157294	59	648.0306398317813	625	125.0	1264.1999999999994	4161	829	0	0	0	0	0	0	0	model_project/data_audit/results/per_file_records/protein/Solanum_andreanum.rga.pro.fa.records.tsv
Solanum_atropurpureum	CDS	Solanum_atropurpureum.rga.cds.fa	downloads/sequences/CDS/Solanum_atropurpureum.rga.cds.fa	2006	4351869	168	2169.426221335992	1999.5	469.5	4277.25	12282	2655	0	0	0	0	0	0	0	model_project/data_audit/results/per_file_records/CDS/Solanum_atropurpureum.rga.cds.fa.records.tsv
Solanum_atropurpureum	protein	Solanum_atropurpureum.rga.pro.fa	downloads/sequences/protein/Solanum_atropurpureum.rga.pro.fa	2006	1448617	55	722.142073778664	665.5	155.5	1424.75	4093	885	0	0	0	0	0	0	0	model_project/data_audit/results/per_file_records/protein/Solanum_atropurpureum.rga.pro.fa.records.tsv
Solanum_boliviense	CDS	Solanum_boliviense.rga.cds.fa	downloads/sequences/CDS/Solanum_boliviense.rga.cds.fa	4366	8540979	180	1956.2480531378837	1833.0	408.0	3828.0	10314	2463	0	0	0	0	71	44	0	model_project/data_audit/results/per_file_records/CDS/Solanum_boliviense.rga.cds.fa.records.tsv
Solanum_boliviense	protein	Solanum_boliviense.rga.pro.fa	downloads/sequences/protein/Solanum_boliviense.rga.pro.fa	4366	2842671	59	651.0927622537793	610.0	135.0	1275.0	3437	820	0	0	0	0	0	0	0	model_project/data_audit/results/per_file_records/protein/Solanum_boliviense.rga.pro.fa.records.tsv
Solanum_brevicaule	CDS	Solanum_brevicaule.rga.cds.fa	downloads/sequences/CDS/Solanum_brevicaule.rga.cds.fa	5138	9895071	138	1925.8604515375632	1827.0	389.55000000000007	3855.0	14148	2484	0	0	0	0	110	62	0	model_project/data_audit/results/per_file_records/CDS/Solanum_brevicaule.rga.cds.fa.records.tsv
Solanum_brevicaule	protein	Solanum_brevicaule.rga.pro.fa	downloads/sequences/protein/Solanum_brevicaule.rga.pro.fa	5138	3293281	45	640.9655507979759	608.0	128.85000000000002	1284.0	4715	828	0	0	0	0	0	0	0	model_project/data_audit/results/per_file_records/protein/Solanum_brevicaule.rga.pro.fa.records.tsv
Solanum_buesii	CDS	Solanum_buesii.rga.cds.fa	downloads/sequences/CDS/Solanum_buesii.rga.cds.fa	3434	7943439	189	2313.173849737915	1986.0	463.95	5196.0	18708	2817	0	0	0	0	388	485	0	model_project/data_audit/results/per_file_records/CDS/Solanum_buesii.rga.cds.fa.records.tsv
Solanum_buesii	protein	Solanum_buesii.rga.pro.fa	downloads/sequences/protein/Solanum_buesii.rga.pro.fa	3434	2644864	62	770.1991846243448	661.0	154.3	1731.35	6235	938	0	0	0	0	0	0	0	model_project/data_audit/results/per_file_records/protein/Solanum_buesii.rga.pro.fa.records.tsv
Solanum_bulbocastanum	CDS	Solanum_bulbocastanum.rga.cds.fa	downloads/sequences/CDS/Solanum_bulbocastanum.rga.cds.fa	2908	5759826	186	1980.6829436038515	1878.0	457.04999999999995	3810.0	18294	2433	0	0	0	0	45	30	0	model_project/data_audit/results/per_file_records/CDS/Solanum_bulbocastanum.rga.cds.fa.records.tsv
Solanum_bulbocastanum	protein	Solanum_bulbocastanum.rga.pro.fa	downloads/sequences/protein/Solanum_bulbocastanum.rga.pro.fa	2908	1917064	61	659.2379642365887	625.0	151.35	1269.0	6097	810	0	0	0	0	0	0	0	model_project/data_audit/results/per_file_records/protein/Solanum_bulbocastanum.rga.pro.fa.records.tsv
Solanum_burkartii	CDS	Solanum_burkartii.rga.cds.fa	downloads/sequences/CDS/Solanum_burkartii.rga.cds.fa	2997	6727368	111	2244.7007007007005	1959	459.0	5013.0	12984	2799	0	0	0	0	153	256	0	model_project/data_audit/results/per_file_records/CDS/Solanum_burkartii.rga.cds.fa.records.tsv
Solanum_burkartii	protein	Solanum_burkartii.rga.pro.fa	downloads/sequences/protein/Solanum_burkartii.rga.pro.fa	2997	2239715	36	747.3189856523189	652	152.0	1670.1999999999998	4327	934	0	0	0	0	0	0	0	model_project/data_audit/results/per_file_records/protein/Solanum_burkartii.rga.pro.fa.records.tsv
Solanum_cajamarquense	CDS	Solanum_cajamarquense.rga.cds.fa	downloads/sequences/CDS/Solanum_cajamarquense.rga.cds.fa	3231	7996950	150	2475.0696378830085	2064	451.5	5929.5	22848	3012	0	0	0	0	343	515	0	model_project/data_audit/results/per_file_records/CDS/Solanum_cajamarquense.rga.cds.fa.records.tsv
Solanum_cajamarquense	protein	Solanum_cajamarquense.rga.pro.fa	downloads/sequences/protein/Solanum_cajamarquense.rga.pro.fa	3231	2662934	50	824.182606004333	687	150.0	1976.0	7615	1003	0	0	0	0	0	0	0	model_project/data_audit/results/per_file_records/protein/Solanum_cajamarquense.rga.pro.fa.records.tsv
Solanum_candolleanum	CDS	Solanum_candolleanum.rga.cds.fa	downloads/sequences/CDS/Solanum_candolleanum.rga.cds.fa	4550	9143730	168	2009.610989010989	1912.5	399.0	3894.0	18450	2568	0	0	0	0	93	66	0	model_project/data_audit/results/per_file_records/CDS/Solanum_candolleanum.rga.cds.fa.records.tsv
Solanum_candolleanum	protein	Solanum_candolleanum.rga.pro.fa	downloads/sequences/protein/Solanum_candolleanum.rga.pro.fa	4550	3043426	55	668.8848351648352	636.5	132.0	1297.0	6150	855	0	0	0	0	0	0	0	model_project/data_audit/results/per_file_records/protein/Solanum_candolleanum.rga.pro.fa.records.tsv
Solanum_capsicoides	CDS	Solanum_capsicoides.rga.cds.fa	downloads/sequences/CDS/Solanum_capsicoides.rga.cds.fa	1895	3954915	144	2087.0263852242742	1977	450.0	4086.5999999999995	9000	2553	0	0	0	0	0	0	0	model_project/data_audit/results/per_file_records/CDS/Solanum_capsicoides.rga.cds.fa.records.tsv
Solanum_capsicoides	protein	Solanum_capsicoides.rga.pro.fa	downloads/sequences/protein/Solanum_capsicoides.rga.pro.fa	1895	1316410	47	694.6754617414248	658	149.0	1361.1999999999998	2999	850	0	0	0	0	0	0	0	model_project/data_audit/results/per_file_records/protein/Solanum_capsicoides.rga.pro.fa.records.tsv
Solanum_chacoense	CDS	Solanum_chacoense.rga.cds.fa	downloads/sequences/CDS/Solanum_chacoense.rga.cds.fa	5329	10615572	180	1992.0382811033965	1881	396.0	3922.7999999999984	11118	2577	0	0	0	0	132	98	0	model_project/data_audit/results/per_file_records/CDS/Solanum_chacoense.rga.cds.fa.records.tsv
Solanum_chacoense	protein	Solanum_chacoense.rga.pro.fa	downloads/sequences/protein/Solanum_chacoense.rga.pro.fa	5329	3533293	59	663.0311503096266	626	131.0	1306.5999999999995	3705	858	0	0	0	0	0	0	0	model_project/data_audit/results/per_file_records/protein/Solanum_chacoense.rga.pro.fa.records.tsv
Solanum_chilense	CDS	Solanum_chilense.rga.cds.fa	downloads/sequences/CDS/Solanum_chilense.rga.cds.fa	1196	2319846	195	1939.6705685618729	1890.0	510.75	3519.75	8616	2334	1	0	0	0	74	69	0	model_project/data_audit/results/per_file_records/CDS/Solanum_chilense.rga.cds.fa.records.tsv
Solanum_chilense	protein	Solanum_chilense.rga.pro.fa	downloads/sequences/protein/Solanum_chilense.rga.pro.fa	1196	772153	64	645.6128762541806	629.0	169.5	1172.0	2871	777	0	0	0	0	0	0	0	model_project/data_audit/results/per_file_records/protein/Solanum_chilense.rga.pro.fa.records.tsv
Solanum_chomatophilum	CDS	Solanum_chomatophilum.rga.cds.fa	downloads/sequences/CDS/Solanum_chomatophilum.rga.cds.fa	3891	8407029	171	2160.6345412490364	1938	444.0	4518.0	19623	2676	0	0	0	0	174	243	0	model_project/data_audit/results/per_file_records/CDS/Solanum_chomatophilum.rga.cds.fa.records.tsv
Solanum_chomatophilum	protein	Solanum_chomatophilum.rga.pro.fa	downloads/sequences/protein/Solanum_chomatophilum.rga.pro.fa	3891	2798695	57	719.2739655615522	645	147.0	1505.0	6541	892	0	0	0	0	0	0	0	model_project/data_audit/results/per_file_records/protein/Solanum_chomatophilum.rga.pro.fa.records.tsv
Solanum_commersonii	CDS	Solanum_commersonii.rga.cds.fa	downloads/sequences/CDS/Solanum_commersonii.rga.cds.fa	2362	4501860	162	1905.952582557155	1731.0	378.0	4031.699999999999	9570	2457	0	0	0	0	69	96	0	model_project/data_audit/results/per_file_records/CDS/Solanum_commersonii.rga.cds.fa.records.tsv
Solanum_commersonii	protein	Solanum_commersonii.rga.pro.fa	downloads/sequences/protein/Solanum_commersonii.rga.pro.fa	2362	1498354	53	634.3581710414902	576.0	125.0	1342.8999999999996	3189	818	0	0	0	0	0	0	0	model_project/data_audit/results/per_file_records/protein/Solanum_commersonii.rga.pro.fa.records.tsv
Solanum_dulcamara	CDS	Solanum_dulcamara.rga.cds.fa	downloads/sequences/CDS/Solanum_dulcamara.rga.cds.fa	2030	4331664	318	2133.824630541872	1987.5	891.0	3821.249999999999	8574	2451	0	0	0	0	5	0	0	model_project/data_audit/results/per_file_records/CDS/Solanum_dulcamara.rga.cds.fa.records.tsv
Solanum_dulcamara	protein	Solanum_dulcamara.rga.pro.fa	downloads/sequences/protein/Solanum_dulcamara.rga.pro.fa	2030	1441858	105	710.2748768472907	661.5	296.0	1272.7499999999998	2857	816	0	0	0	0	0	0	0	model_project/data_audit/results/per_file_records/protein/Solanum_dulcamara.rga.pro.fa.records.tsv
Solanum_erianthum	CDS	Solanum_erianthum.rga.cds.fa	downloads/sequences/CDS/Solanum_erianthum.rga.cds.fa	2341	4740093	144	2024.8154634771465	1917	465	3927	9579	2556	0	0	0	0	5	0	0	model_project/data_audit/results/per_file_records/CDS/Solanum_erianthum.rga.cds.fa.records.tsv
Solanum_erianthum	protein	Solanum_erianthum.rga.pro.fa	downloads/sequences/protein/Solanum_erianthum.rga.pro.fa	2341	1577690	47	673.9384878257155	638	154	1308	3192	852	0	0	0	0	0	0	0	model_project/data_audit/results/per_file_records/protein/Solanum_erianthum.rga.pro.fa.records.tsv
Solanum_etuberosum	CDS	Solanum_etuberosum.rga.cds.fa	downloads/sequences/CDS/Solanum_etuberosum.rga.cds.fa	1488	3385680	201	2275.3225806451615	1986.0	551.1	4994.5499999999965	16722	2736	0	0	0	0	118	134	0	model_project/data_audit/results/per_file_records/CDS/Solanum_etuberosum.rga.cds.fa.records.tsv
Solanum_etuberosum	protein	Solanum_etuberosum.rga.pro.fa	downloads/sequences/protein/Solanum_etuberosum.rga.pro.fa	1488	1127206	66	757.5309139784946	661.0	182.70000000000002	1663.8499999999988	5573	911	0	0	0	0	0	0	0	model_project/data_audit/results/per_file_records/protein/Solanum_etuberosum.rga.pro.fa.records.tsv
Solanum_habrochaites	CDS	Solanum_habrochaites.rga.cds.fa	downloads/sequences/CDS/Solanum_habrochaites.rga.cds.fa	1433	2524449	135	1761.6531751570133	1617	385.8	3385.2	8775	2199	0	0	0	0	40	74	0	model_project/data_audit/results/per_file_records/CDS/Solanum_habrochaites.rga.cds.fa.records.tsv
Solanum_habrochaites	protein	Solanum_habrochaites.rga.pro.fa	downloads/sequences/protein/Solanum_habrochaites.rga.pro.fa	1433	840124	44	586.2693649685973	538	127.60000000000001	1127.3999999999999	2925	739	0	0	0	0	0	0	0	model_project/data_audit/results/per_file_records/protein/Solanum_habrochaites.rga.pro.fa.records.tsv
Solanum_jamesii	CDS	Solanum_jamesii.rga.cds.fa	downloads/sequences/CDS/Solanum_jamesii.rga.cds.fa	3411	6500112	180	1905.6323658751098	1797	372.0	3766.5	17703	2421	0	0	0	0	58	26	0	model_project/data_audit/results/per_file_records/CDS/Solanum_jamesii.rga.cds.fa.records.tsv
Solanum_jamesii	protein	Solanum_jamesii.rga.pro.fa	downloads/sequences/protein/Solanum_jamesii.rga.pro.fa	3411	2163319	59	634.2184110231603	598	123.0	1254.5	5900	807	0	0	0	0	0	0	0	model_project/data_audit/results/per_file_records/protein/Solanum_jamesii.rga.pro.fa.records.tsv
Solanum_laciniatum	CDS	Solanum_laciniatum.rga.cds.fa	downloads/sequences/CDS/Solanum_laciniatum.rga.cds.fa	4111	7254807	102	1764.7304792021405	1608	418.5	3505.5	8583	2187	0	0	0	0	1	0	0	model_project/data_audit/results/per_file_records/CDS/Solanum_laciniatum.rga.cds.fa.records.tsv
Solanum_laciniatum	protein	Solanum_laciniatum.rga.pro.fa	downloads/sequences/protein/Solanum_laciniatum.rga.pro.fa	4111	2414158	33	587.2434930673802	535	138.5	1167.5	2860	729	0	0	0	0	0	0	0	model_project/data_audit/results/per_file_records/protein/Solanum_laciniatum.rga.pro.fa.records.tsv
Solanum_lignicaule	CDS	Solanum_lignicaule.rga.cds.fa	downloads/sequences/CDS/Solanum_lignicaule.rga.cds.fa	3443	8136960	168	2363.3343014812663	2007	465.30000000000007	5291.699999999999	16536	2871	0	0	0	0	352	437	0	model_project/data_audit/results/per_file_records/CDS/Solanum_lignicaule.rga.cds.fa.records.tsv
Solanum_lignicaule	protein	Solanum_lignicaule.rga.pro.fa	downloads/sequences/protein/Solanum_lignicaule.rga.pro.fa	3443	2709314	56	786.9050246877723	668	154.10000000000002	1763.7999999999993	5511	956	0	0	0	0	0	0	0	model_project/data_audit/results/per_file_records/protein/Solanum_lignicaule.rga.pro.fa.records.tsv
Solanum_lycopersicum	CDS	Solanum_lycopersicum.rga.cds.fa	downloads/sequences/CDS/Solanum_lycopersicum.rga.cds.fa	1614	2839632	132	1759.3754646840148	1675.5	366.0	3385.0499999999997	8616	2232	0	0	0	0	136	66	0	model_project/data_audit/results/per_file_records/CDS/Solanum_lycopersicum.rga.cds.fa.records.tsv
Solanum_lycopersicum	protein	Solanum_lycopersicum.rga.pro.fa	downloads/sequences/protein/Solanum_lycopersicum.rga.pro.fa	1614	944970	43	585.4832713754647	557.5	121.0	1127.35	2871	743	0	0	0	0	0	0	0	model_project/data_audit/results/per_file_records/protein/Solanum_lycopersicum.rga.pro.fa.records.tsv
Solanum_lyratum	CDS	Solanum_lyratum.rga.cds.fa	downloads/sequences/CDS/Solanum_lyratum.rga.cds.fa	1711	3313896	231	1936.8182349503215	1851	438.0	3774.0	8571	2388	0	0	0	0	0	0	0	model_project/data_audit/results/per_file_records/CDS/Solanum_lyratum.rga.cds.fa.records.tsv
Solanum_lyratum	protein	Solanum_lyratum.rga.pro.fa	downloads/sequences/protein/Solanum_lyratum.rga.pro.fa	1711	1102921	76	644.6060783167738	616	145.0	1257.0	2856	795	0	0	0	0	0	0	0	model_project/data_audit/results/per_file_records/protein/Solanum_lyratum.rga.pro.fa.records.tsv
Solanum_macrocarpon	CDS	Solanum_macrocarpon.rga.cds.fa	downloads/sequences/CDS/Solanum_macrocarpon.rga.cds.fa	2437	4364022	165	1790.7353303241691	1575	360.0	3735.5999999999995	20529	2379	0	0	0	0	1	0	0	model_project/data_audit/results/per_file_records/CDS/Solanum_macrocarpon.rga.cds.fa.records.tsv
Solanum_macrocarpon	protein	Solanum_macrocarpon.rga.pro.fa	downloads/sequences/protein/Solanum_macrocarpon.rga.pro.fa	2437	1452237	54	595.911776774723	524	119.0	1244.1999999999998	6842	792	0	0	0	0	0	0	0	model_project/data_audit/results/per_file_records/protein/Solanum_macrocarpon.rga.pro.fa.records.tsv
Solanum_mammosum	CDS	Solanum_mammosum.rga.cds.fa	downloads/sequences/CDS/Solanum_mammosum.rga.cds.fa	2437	4248240	210	1743.2252769798934	1518	356.40000000000003	3759.0	10158	2331	0	0	0	0	3	0	0	model_project/data_audit/results/per_file_records/CDS/Solanum_mammosum.rga.cds.fa.records.tsv
Solanum_mammosum	protein	Solanum_mammosum.rga.pro.fa	downloads/sequences/protein/Solanum_mammosum.rga.pro.fa	2437	1413643	69	580.0750923266311	505	117.80000000000001	1252.0	3385	776	0	0	0	0	0	0	0	model_project/data_audit/results/per_file_records/protein/Solanum_mammosum.rga.pro.fa.records.tsv
Solanum_melongena	CDS	Solanum_melongena.rga.cds.fa	downloads/sequences/CDS/Solanum_melongena.rga.cds.fa	1544	2469216	153	1599.2331606217617	1458.0	321.0	3323.5499999999997	6774	2034	0	0	0	10	30	11	0	model_project/data_audit/results/per_file_records/CDS/Solanum_melongena.rga.cds.fa.records.tsv
Solanum_melongena	protein	Solanum_melongena.rga.pro.fa	downloads/sequences/protein/Solanum_melongena.rga.pro.fa	1544	821537	50	532.083549222798	485.0	106.0	1106.85	2257	677	0	0	0	0	0	0	0	model_project/data_audit/results/per_file_records/protein/Solanum_melongena.rga.pro.fa.records.tsv
Solanum_morelliforme	CDS	Solanum_morelliforme.rga.cds.fa	downloads/sequences/CDS/Solanum_morelliforme.rga.cds.fa	2256	4535802	168	2010.5505319148936	1815.0	382.5	4302.75	12261	2550	0	0	0	0	45	9	0	model_project/data_audit/results/per_file_records/CDS/Solanum_morelliforme.rga.cds.fa.records.tsv
Solanum_morelliforme	protein	Solanum_morelliforme.rga.pro.fa	downloads/sequences/protein/Solanum_morelliforme.rga.pro.fa	2256	1509687	55	669.1875	604.0	126.5	1433.25	4086	849	0	0	0	0	0	0	0	model_project/data_audit/results/per_file_records/protein/Solanum_morelliforme.rga.pro.fa.records.tsv
Solanum_multiinterruptum	CDS	Solanum_multiinterruptum.rga.cds.fa	downloads/sequences/CDS/Solanum_multiinterruptum.rga.cds.fa	3945	8766414	174	2222.158174904943	1959	426.6	4727.4	16092	2784	0	0	0	0	172	236	0	model_project/data_audit/results/per_file_records/CDS/Solanum_multiinterruptum.rga.cds.fa.records.tsv
Solanum_multiinterruptum	protein	Solanum_multiinterruptum.rga.pro.fa	downloads/sequences/protein/Solanum_multiinterruptum.rga.pro.fa	3945	2918429	58	739.7792141951837	652	141.20000000000002	1574.7999999999997	5363	927	0	0	0	0	0	0	0	model_project/data_audit/results/per_file_records/protein/Solanum_multiinterruptum.rga.pro.fa.records.tsv
Solanum_muricatum	CDS	Solanum_muricatum.rga.cds.fa	downloads/sequences/CDS/Solanum_muricatum.rga.cds.fa	1400	2666854	159	1904.8957142857143	1815.0	515.85	3651.45	7605	2247	0	0	0	14	15	9	0	model_project/data_audit/results/per_file_records/CDS/Solanum_muricatum.rga.cds.fa.records.tsv
Solanum_muricatum	protein	Solanum_muricatum.rga.pro.fa	downloads/sequences/protein/Solanum_muricatum.rga.pro.fa	1400	887555	52	633.9678571428572	604.0	170.95000000000002	1216.1499999999999	2534	749	0	0	0	0	0	0	0	model_project/data_audit/results/per_file_records/protein/Solanum_muricatum.rga.pro.fa.records.tsv
Solanum_neorossii	CDS	Solanum_neorossii.rga.cds.fa	downloads/sequences/CDS/Solanum_neorossii.rga.cds.fa	3843	8312769	114	2163.093676814988	1923	420.0	4643.399999999998	13509	2715	0	0	0	0	201	324	0	model_project/data_audit/results/per_file_records/CDS/Solanum_neorossii.rga.cds.fa.records.tsv
Solanum_neorossii	protein	Solanum_neorossii.rga.pro.fa	downloads/sequences/protein/Solanum_neorossii.rga.pro.fa	3843	2767404	37	720.1155347384855	640	139.0	1546.7999999999993	4502	905	0	0	0	0	0	0	0	model_project/data_audit/results/per_file_records/protein/Solanum_neorossii.rga.pro.fa.records.tsv
Solanum_ochranthum	CDS	Solanum_ochranthum.rga.cds.fa	downloads/sequences/CDS/Solanum_ochranthum.rga.cds.fa	1852	3719688	168	2008.4708423326133	1888.5	471.0	3902.699999999999	14865	2472	0	0	0	0	1	0	0	model_project/data_audit/results/per_file_records/CDS/Solanum_ochranthum.rga.cds.fa.records.tsv
Solanum_ochranthum	protein	Solanum_ochranthum.rga.pro.fa	downloads/sequences/protein/Solanum_ochranthum.rga.pro.fa	1852	1238044	55	668.4902807775378	628.5	156.0	1299.8999999999996	4954	823	0	0	0	0	0	0	0	model_project/data_audit/results/per_file_records/protein/Solanum_ochranthum.rga.pro.fa.records.tsv
Solanum_palustre	CDS	Solanum_palustre.rga.cds.fa	downloads/sequences/CDS/Solanum_palustre.rga.cds.fa	1834	3501279	180	1909.0943293347873	1807.5	414.0	3709.349999999998	8523	2361	0	0	0	0	39	12	0	model_project/data_audit/results/per_file_records/CDS/Solanum_palustre.rga.cds.fa.records.tsv
Solanum_palustre	protein	Solanum_palustre.rga.pro.fa	downloads/sequences/protein/Solanum_palustre.rga.pro.fa	1834	1165271	59	635.3713195201744	601.5	137.0	1235.4499999999994	2840	786	0	0	0	0	0	0	0	model_project/data_audit/results/per_file_records/protein/Solanum_palustre.rga.pro.fa.records.tsv
Solanum_paucissectum	CDS	Solanum_paucissectum.rga.cds.fa	downloads/sequences/CDS/Solanum_paucissectum.rga.cds.fa	4284	8581317	180	2003.108543417367	1876.5	405.0	3980.5499999999997	11598	2541	0	0	0	0	114	56	0	model_project/data_audit/results/per_file_records/CDS/Solanum_paucissectum.rga.cds.fa.records.tsv
Solanum_paucissectum	protein	Solanum_paucissectum.rga.pro.fa	downloads/sequences/protein/Solanum_paucissectum.rga.pro.fa	4284	2856211	59	666.7159197012138	624.5	134.0	1325.85	3865	846	0	0	0	0	0	0	0	model_project/data_audit/results/per_file_records/protein/Solanum_paucissectum.rga.pro.fa.records.tsv
Solanum_pennellii	CDS	Solanum_pennellii.rga.cds.fa	downloads/sequences/CDS/Solanum_pennellii.rga.cds.fa	1500	3001869	207	2001.246	1888.5	590.8499999999999	3753.2999999999993	8616	2370	0	0	0	0	0	0	0	model_project/data_audit/results/per_file_records/CDS/Solanum_pennellii.rga.cds.fa.records.tsv
Solanum_pennellii	protein	Solanum_pennellii.rga.pro.fa	downloads/sequences/protein/Solanum_pennellii.rga.pro.fa	1500	999123	68	666.082	628.5	195.95	1250.1	2871	790	0	0	0	0	0	0	0	model_project/data_audit/results/per_file_records/protein/Solanum_pennellii.rga.pro.fa.records.tsv
Solanum_pimpinellifolium	CDS	Solanum_pimpinellifolium.rga.cds.fa	downloads/sequences/CDS/Solanum_pimpinellifolium.rga.cds.fa	1604	2851038	42	1777.4551122194514	1581.0	291.90000000000003	3731.5499999999997	9363	2328	0	0	0	0	59	38	0	model_project/data_audit/results/per_file_records/CDS/Solanum_pimpinellifolium.rga.cds.fa.records.tsv
Solanum_pimpinellifolium	protein	Solanum_pimpinellifolium.rga.pro.fa	downloads/sequences/protein/Solanum_pimpinellifolium.rga.pro.fa	1604	948780	13	591.5087281795511	526.0	96.30000000000001	1242.85	3121	776	0	0	0	0	0	0	0	model_project/data_audit/results/per_file_records/protein/Solanum_pimpinellifolium.rga.pro.fa.records.tsv
Solanum_pinnatisectum	CDS	Solanum_pinnatisectum.rga.cds.fa	downloads/sequences/CDS/Solanum_pinnatisectum.rga.cds.fa	3252	6195336	159	1905.0848708487085	1806.0	372.0	3733.3499999999995	10731	2385	0	0	0	0	65	39	0	model_project/data_audit/results/per_file_records/CDS/Solanum_pinnatisectum.rga.cds.fa.records.tsv
Solanum_pinnatisectum	protein	Solanum_pinnatisectum.rga.pro.fa	downloads/sequences/protein/Solanum_pinnatisectum.rga.pro.fa	3252	2061899	53	634.0402829028291	601.0	123.55000000000001	1243.4499999999998	3576	794	0	0	0	0	0	0	0	model_project/data_audit/results/per_file_records/protein/Solanum_pinnatisectum.rga.pro.fa.records.tsv
Solanum_piurae	CDS	Solanum_piurae.rga.cds.fa	downloads/sequences/CDS/Solanum_piurae.rga.cds.fa	3474	8430402	174	2426.713298791019	2013.0	484.95000000000005	5664.0	29436	2979	0	0	0	0	411	523	0	model_project/data_audit/results/per_file_records/CDS/Solanum_piurae.rga.cds.fa.records.tsv
Solanum_piurae	protein	Solanum_piurae.rga.pro.fa	downloads/sequences/protein/Solanum_piurae.rga.pro.fa	3474	2807183	58	808.0549798503166	670.0	161.0	1887.0	9812	992	0	0	0	0	0	0	0	model_project/data_audit/results/per_file_records/protein/Solanum_piurae.rga.pro.fa.records.tsv
Solanum_pseudocapsicum	CDS	Solanum_pseudocapsicum.rga.cds.fa	downloads/sequences/CDS/Solanum_pseudocapsicum.rga.cds.fa	2357	4796301	132	2034.9176919813322	1878	441.0	3979.7999999999984	11751	2583	0	0	0	0	0	0	0	model_project/data_audit/results/per_file_records/CDS/Solanum_pseudocapsicum.rga.cds.fa.records.tsv
Solanum_pseudocapsicum	protein	Solanum_pseudocapsicum.rga.pro.fa	downloads/sequences/protein/Solanum_pseudocapsicum.rga.pro.fa	2357	1596410	43	677.3058973271108	625	146.0	1325.5999999999995	3916	860	0	0	0	0	0	0	0	model_project/data_audit/results/per_file_records/protein/Solanum_pseudocapsicum.rga.pro.fa.records.tsv
Solanum_retroflexum	CDS	Solanum_retroflexum.rga.cds.fa	downloads/sequences/CDS/Solanum_retroflexum.rga.cds.fa	5712	11410125	120	1997.5709033613446	1867.5	438.0	3895.3499999999995	15354	2490	0	0	0	0	4	0	0	model_project/data_audit/results/per_file_records/CDS/Solanum_retroflexum.rga.cds.fa.records.tsv
Solanum_retroflexum	protein	Solanum_retroflexum.rga.pro.fa	downloads/sequences/protein/Solanum_retroflexum.rga.pro.fa	5712	3797663	39	664.8569677871149	621.5	145.0	1297.4499999999998	5117	830	0	0	0	0	0	0	0	model_project/data_audit/results/per_file_records/protein/Solanum_retroflexum.rga.pro.fa.records.tsv
Solanum_rostratum	CDS	Solanum_rostratum.rga.cds.fa	downloads/sequences/CDS/Solanum_rostratum.rga.cds.fa	1468	2939889	159	2002.649182561308	1887.0	546.0	3891.7499999999977	7581	2421	0	0	0	0	12	6	0	model_project/data_audit/results/per_file_records/CDS/Solanum_rostratum.rga.cds.fa.records.tsv
Solanum_rostratum	protein	Solanum_rostratum.rga.pro.fa	downloads/sequences/protein/Solanum_rostratum.rga.pro.fa	1468	979963	53	667.549727520436	629.0	182.0	1297.2499999999993	2527	807	0	0	0	0	0	0	1462	model_project/data_audit/results/per_file_records/protein/Solanum_rostratum.rga.pro.fa.records.tsv
Solanum_scabrum	CDS	Solanum_scabrum.rga.cds.fa	downloads/sequences/CDS/Solanum_scabrum.rga.cds.fa	5772	11214510	120	1942.9158004158005	1827.0	444.0	3792.0	13455	2454	0	0	0	0	4	0	0	model_project/data_audit/results/per_file_records/CDS/Solanum_scabrum.rga.cds.fa.records.tsv
Solanum_scabrum	protein	Solanum_scabrum.rga.pro.fa	downloads/sequences/protein/Solanum_scabrum.rga.pro.fa	5772	3732398	39	646.6386001386002	608.0	147.0	1263.0	4484	817	0	0	0	0	0	0	0	model_project/data_audit/results/per_file_records/protein/Solanum_scabrum.rga.pro.fa.records.tsv
Solanum_seaforthianum	CDS	Solanum_seaforthianum.rga.cds.fa	downloads/sequences/CDS/Solanum_seaforthianum.rga.cds.fa	1723	3340353	162	1938.6842716192687	1827	444.0	3762.0	9741	2442	0	0	0	0	0	0	0	model_project/data_audit/results/per_file_records/CDS/Solanum_seaforthianum.rga.cds.fa.records.tsv
Solanum_seaforthianum	protein	Solanum_seaforthianum.rga.pro.fa	downloads/sequences/protein/Solanum_seaforthianum.rga.pro.fa	1723	1111728	53	645.2280905397563	608	147.0	1253.0	3246	813	0	0	0	0	0	0	0	model_project/data_audit/results/per_file_records/protein/Solanum_seaforthianum.rga.pro.fa.records.tsv
Solanum_septemlobum	CDS	Solanum_septemlobum.rga.cds.fa	downloads/sequences/CDS/Solanum_septemlobum.rga.cds.fa	1627	3149352	210	1935.680393362016	1845	504.90000000000003	3751.199999999999	8241	2418	0	0	0	0	0	0	0	model_project/data_audit/results/per_file_records/CDS/Solanum_septemlobum.rga.cds.fa.records.tsv
Solanum_septemlobum	protein	Solanum_septemlobum.rga.pro.fa	downloads/sequences/protein/Solanum_septemlobum.rga.pro.fa	1627	1048157	69	644.2267977873387	614	167.3	1249.3999999999996	2746	807	0	0	0	0	0	0	0	model_project/data_audit/results/per_file_records/protein/Solanum_septemlobum.rga.pro.fa.records.tsv
Solanum_sogarandinum	CDS	Solanum_sogarandinum.rga.cds.fa	downloads/sequences/CDS/Solanum_sogarandinum.rga.cds.fa	3345	7154304	180	2138.8053811659192	1929	417.0	4553.4	14280	2685	0	0	0	0	160	172	0	model_project/data_audit/results/per_file_records/CDS/Solanum_sogarandinum.rga.cds.fa.records.tsv
Solanum_sogarandinum	protein	Solanum_sogarandinum.rga.pro.fa	downloads/sequences/protein/Solanum_sogarandinum.rga.pro.fa	3345	2381595	60	711.9865470852018	642	138.0	1516.7999999999997	4759	894	0	0	0	0	0	0	0	model_project/data_audit/results/per_file_records/protein/Solanum_sogarandinum.rga.pro.fa.records.tsv
Solanum_spirale	CDS	Solanum_spirale.rga.cds.fa	downloads/sequences/CDS/Solanum_spirale.rga.cds.fa	3377	6290211	147	1862.6624222682854	1737	426.0	3633.5999999999995	14100	2331	0	0	0	0	0	0	0	model_project/data_audit/results/per_file_records/CDS/Solanum_spirale.rga.cds.fa.records.tsv
Solanum_spirale	protein	Solanum_spirale.rga.pro.fa	downloads/sequences/protein/Solanum_spirale.rga.pro.fa	3377	2093360	48	619.8874740894285	578	141.0	1210.1999999999998	4699	777	0	0	0	0	0	0	0	model_project/data_audit/results/per_file_records/protein/Solanum_spirale.rga.pro.fa.records.tsv
Solanum_stenotomum	CDS	Solanum_stenotomum.rga.cds.fa	downloads/sequences/CDS/Solanum_stenotomum.rga.cds.fa	2746	5661402	237	2061.6904588492353	1953.0	720.0	3826.5	8448	2448	0	0	0	7	14	26	0	model_project/data_audit/results/per_file_records/CDS/Solanum_stenotomum.rga.cds.fa.records.tsv
Solanum_stenotomum	protein	Solanum_stenotomum.rga.pro.fa	downloads/sequences/protein/Solanum_stenotomum.rga.pro.fa	2746	1884438	78	686.2483612527312	650.0	239.0	1274.5	2815	815	0	0	0	0	0	0	0	model_project/data_audit/results/per_file_records/protein/Solanum_stenotomum.rga.pro.fa.records.tsv
Solanum_stramoniifolium	CDS	Solanum_stramoniifolium.rga.cds.fa	downloads/sequences/CDS/Solanum_stramoniifolium.rga.cds.fa	2132	4478655	174	2100.682457786116	1954.5	423.0	4042.0499999999984	16989	2622	0	0	0	0	2	0	0	model_project/data_audit/results/per_file_records/CDS/Solanum_stramoniifolium.rga.cds.fa.records.tsv
Solanum_stramoniifolium	protein	Solanum_stramoniifolium.rga.pro.fa	downloads/sequences/protein/Solanum_stramoniifolium.rga.pro.fa	2132	1490753	57	699.2274859287054	650.5	140.0	1346.3499999999995	5662	875	0	0	0	0	0	0	0	model_project/data_audit/results/per_file_records/protein/Solanum_stramoniifolium.rga.pro.fa.records.tsv
Solanum_torvum	CDS	Solanum_torvum.rga.cds.fa	downloads/sequences/CDS/Solanum_torvum.rga.cds.fa	2321	4483617	132	1931.760878931495	1851	441	3774	10719	2463	0	0	0	0	0	0	0	model_project/data_audit/results/per_file_records/CDS/Solanum_torvum.rga.cds.fa.records.tsv
Solanum_torvum	protein	Solanum_torvum.rga.pro.fa	downloads/sequences/protein/Solanum_torvum.rga.pro.fa	2321	1492218	43	642.920292977165	616	146	1257	3572	820	0	0	0	0	0	0	0	model_project/data_audit/results/per_file_records/protein/Solanum_torvum.rga.pro.fa.records.tsv
Solanum_tuberosum	CDS	Solanum_tuberosum.rga.cds.fa	downloads/sequences/CDS/Solanum_tuberosum.rga.cds.fa	2099	3635361	174	1731.9490233444496	1575	401.9	3489.0	8919	2121	0	0	0	38	0	6	0	model_project/data_audit/results/per_file_records/CDS/Solanum_tuberosum.rga.cds.fa.records.tsv
Solanum_tuberosum	protein	Solanum_tuberosum.rga.pro.fa	downloads/sequences/protein/Solanum_tuberosum.rga.pro.fa	2099	1211769	58	577.3077656026679	525	133.9	1163.0	2973	707	0	0	0	0	0	0	2075	model_project/data_audit/results/per_file_records/protein/Solanum_tuberosum.rga.pro.fa.records.tsv
Solanum_vernei	CDS	Solanum_vernei.rga.cds.fa	downloads/sequences/CDS/Solanum_vernei.rga.cds.fa	4922	10468938	147	2126.968305566843	1926.0	393.0	4673.849999999999	16254	2652	0	0	0	0	262	379	0	model_project/data_audit/results/per_file_records/CDS/Solanum_vernei.rga.cds.fa.records.tsv
Solanum_vernei	protein	Solanum_vernei.rga.pro.fa	downloads/sequences/protein/Solanum_vernei.rga.pro.fa	4922	3485103	48	708.0664364079643	641.0	130.0	1556.9499999999998	5417	883	0	0	0	0	0	0	0	model_project/data_audit/results/per_file_records/protein/Solanum_vernei.rga.pro.fa.records.tsv
Solanum_verrucosum	CDS	Solanum_verrucosum.rga.cds.fa	downloads/sequences/CDS/Solanum_verrucosum.rga.cds.fa	1920	3923395	264	2043.4348958333333	1926.0	837.0	3720.0	12555	2373	0	0	0	1	9	2	0	model_project/data_audit/results/per_file_records/CDS/Solanum_verrucosum.rga.cds.fa.records.tsv
Solanum_verrucosum	protein	Solanum_verrucosum.rga.pro.fa	downloads/sequences/protein/Solanum_verrucosum.rga.pro.fa	1920	1305918	87	680.165625	641.0	278.0	1239.0	4184	790	0	0	0	0	0	0	0	model_project/data_audit/results/per_file_records/protein/Solanum_verrucosum.rga.pro.fa.records.tsv
Solanum_viarum	CDS	Solanum_viarum.rga.cds.fa	downloads/sequences/CDS/Solanum_viarum.rga.cds.fa	1943	4064391	201	2091.8121461657233	1974	453.3	4004.6999999999994	10476	2547	0	0	0	0	0	0	0	model_project/data_audit/results/per_file_records/CDS/Solanum_viarum.rga.cds.fa.records.tsv
Solanum_viarum	protein	Solanum_viarum.rga.pro.fa	downloads/sequences/protein/Solanum_viarum.rga.pro.fa	1943	1352854	66	696.2707153885743	657	150.10000000000002	1333.8999999999999	3491	848	0	0	0	0	0	0	0	model_project/data_audit/results/per_file_records/protein/Solanum_viarum.rga.pro.fa.records.tsv
Solanum_wrightii	CDS	Solanum_wrightii.rga.cds.fa	downloads/sequences/CDS/Solanum_wrightii.rga.cds.fa	2153	4396611	177	2042.085926614027	1926	418.8	3934.2	9852	2571	0	0	0	0	0	0	0	model_project/data_audit/results/per_file_records/CDS/Solanum_wrightii.rga.cds.fa.records.tsv
Solanum_wrightii	protein	Solanum_wrightii.rga.pro.fa	downloads/sequences/protein/Solanum_wrightii.rga.pro.fa	2153	1463384	58	679.6953088713423	641	138.60000000000002	1310.3999999999999	3283	856	0	0	0	0	0	0	0	model_project/data_audit/results/per_file_records/protein/Solanum_wrightii.rga.pro.fa.records.tsv
Sorbus_aucuparia	CDS	Sorbus_aucuparia.rga.cds.fa	downloads/sequences/CDS/Sorbus_aucuparia.rga.cds.fa	2913	6524619	153	2239.8280123583936	2106	658.8	4096.200000000001	10227	2730	0	0	0	0	0	0	0	model_project/data_audit/results/per_file_records/CDS/Sorbus_aucuparia.rga.cds.fa.records.tsv
Sorbus_aucuparia	protein	Sorbus_aucuparia.rga.pro.fa	downloads/sequences/protein/Sorbus_aucuparia.rga.pro.fa	2913	2171960	50	745.6093374527978	701	218.6	1364.4	3408	909	0	0	0	0	0	0	0	model_project/data_audit/results/per_file_records/protein/Sorbus_aucuparia.rga.pro.fa.records.tsv
Sorghum_bicolor	CDS	Sorghum_bicolor.rga.cds.fa	downloads/sequences/CDS/Sorghum_bicolor.rga.cds.fa	1749	3752046	96	2145.252144082333	2073	895.1999999999999	3658.199999999999	7185	2469	0	0	0	0	21	21	0	model_project/data_audit/results/per_file_records/CDS/Sorghum_bicolor.rga.cds.fa.records.tsv
Sorghum_bicolor	protein	Sorghum_bicolor.rga.pro.fa	downloads/sequences/protein/Sorghum_bicolor.rga.pro.fa	1749	1248954	31	714.0960548885078	690	297.4	1218.3999999999996	2394	822	0	0	0	0	0	0	0	model_project/data_audit/results/per_file_records/protein/Sorghum_bicolor.rga.pro.fa.records.tsv
Sparganium_stoloniferum	CDS	Sparganium_stoloniferum.rga.cds.fa	downloads/sequences/CDS/Sparganium_stoloniferum.rga.cds.fa	1043	1979555	159	1897.9434324065196	1842	658.5	3369.0	5187	2169	0	0	0	1	1	2	0	model_project/data_audit/results/per_file_records/CDS/Sparganium_stoloniferum.rga.cds.fa.records.tsv
Sparganium_stoloniferum	protein	Sparganium_stoloniferum.rga.pro.fa	downloads/sequences/protein/Sparganium_stoloniferum.rga.pro.fa	1043	659851	53	632.6471716203259	614	219.5	1123.0	1729	723	0	0	0	0	0	0	1041	model_project/data_audit/results/per_file_records/protein/Sparganium_stoloniferum.rga.pro.fa.records.tsv
Spatholobus_suberectus	CDS	Spatholobus_suberectus.rga.cds.fa	downloads/sequences/CDS/Spatholobus_suberectus.rga.cds.fa	1673	2735379	192	1635.0143454871488	1461	432.0	3166.2	8391	2001	0	0	0	0	2	0	0	model_project/data_audit/results/per_file_records/CDS/Spatholobus_suberectus.rga.cds.fa.records.tsv
Spatholobus_suberectus	protein	Spatholobus_suberectus.rga.pro.fa	downloads/sequences/protein/Spatholobus_suberectus.rga.pro.fa	1673	910120	63	544.0047818290496	486	143.0	1054.3999999999999	2796	666	0	0	0	0	0	0	0	model_project/data_audit/results/per_file_records/protein/Spatholobus_suberectus.rga.pro.fa.records.tsv
Speranskia_yunnanensis	CDS	Speranskia_yunnanensis.rga.cds.fa	downloads/sequences/CDS/Speranskia_yunnanensis.rga.cds.fa	1184	2187696	177	1847.7162162162163	1753.5	579.45	3370.649999999999	7920	2100	0	0	0	0	6	6	0	model_project/data_audit/results/per_file_records/CDS/Speranskia_yunnanensis.rga.cds.fa.records.tsv
Speranskia_yunnanensis	protein	Speranskia_yunnanensis.rga.pro.fa	downloads/sequences/protein/Speranskia_yunnanensis.rga.pro.fa	1184	728054	58	614.910472972973	583.5	192.15	1122.5499999999997	2639	699	0	0	0	0	0	0	0	model_project/data_audit/results/per_file_records/protein/Speranskia_yunnanensis.rga.pro.fa.records.tsv
Spinacia_oleracea	CDS	Spinacia_oleracea.rga.cds.fa	downloads/sequences/CDS/Spinacia_oleracea.rga.cds.fa	1185	2436453	210	2056.0784810126584	1848	483.0	4334.999999999999	14229	2523	0	0	0	0	44	0	0	model_project/data_audit/results/per_file_records/CDS/Spinacia_oleracea.rga.cds.fa.records.tsv
Spinacia_oleracea	protein	Spinacia_oleracea.rga.pro.fa	downloads/sequences/protein/Spinacia_oleracea.rga.pro.fa	1185	810966	69	684.3594936708861	615	160.0	1443.9999999999998	4742	840	0	0	0	0	0	0	0	model_project/data_audit/results/per_file_records/protein/Spinacia_oleracea.rga.pro.fa.records.tsv
Spirodela_intermedia	CDS	Spirodela_intermedia.rga.cds.fa	downloads/sequences/CDS/Spirodela_intermedia.rga.cds.fa	944	1762467	141	1867.020127118644	1761.0	602.2500000000001	3326.399999999998	6327	2211	0	0	0	0	0	0	0	model_project/data_audit/results/per_file_records/CDS/Spirodela_intermedia.rga.cds.fa.records.tsv
Spirodela_intermedia	protein	Spirodela_intermedia.rga.pro.fa	downloads/sequences/protein/Spirodela_intermedia.rga.pro.fa	944	586545	46	621.3400423728814	586.0	199.75000000000003	1107.7999999999993	2108	736	0	0	0	0	0	0	0	model_project/data_audit/results/per_file_records/protein/Spirodela_intermedia.rga.pro.fa.records.tsv
Spirodela_polyrhiza	CDS	Spirodela_polyrhiza.rga.cds.fa	downloads/sequences/CDS/Spirodela_polyrhiza.rga.cds.fa	1090	1870002	93	1715.5981651376146	1605.0	408.0	3121.6499999999996	6084	2061	0	0	0	0	144	101	0	model_project/data_audit/results/per_file_records/CDS/Spirodela_polyrhiza.rga.cds.fa.records.tsv
Spirodela_polyrhiza	protein	Spirodela_polyrhiza.rga.pro.fa	downloads/sequences/protein/Spirodela_polyrhiza.rga.pro.fa	1090	622345	31	570.9587155963303	534.0	135.0	1039.55	2027	688	0	0	0	0	0	0	0	model_project/data_audit/results/per_file_records/protein/Spirodela_polyrhiza.rga.pro.fa.records.tsv
Spirogloea_muscicola	CDS	Spirogloea_muscicola.rga.cds.fa	downloads/sequences/CDS/Spirogloea_muscicola.rga.cds.fa	714	1368963	75	1917.31512605042	1648.5	481.95	4208.400000000001	9342	2349	0	0	0	0	117	32	0	model_project/data_audit/results/per_file_records/CDS/Spirogloea_muscicola.rga.cds.fa.records.tsv
Spirogloea_muscicola	protein	Spirogloea_muscicola.rga.pro.fa	downloads/sequences/protein/Spirogloea_muscicola.rga.pro.fa	714	455639	24	638.1498599439776	548.5	159.65	1401.8000000000002	3113	782	0	0	0	0	0	0	0	model_project/data_audit/results/per_file_records/protein/Spirogloea_muscicola.rga.pro.fa.records.tsv
Sporobolus_pyramidalis	CDS	Sporobolus_pyramidalis.rga.cds.fa	downloads/sequences/CDS/Sporobolus_pyramidalis.rga.cds.fa	2390	4589043	153	1920.1016736401673	1771.5	624.0	3552.5999999999967	8289	2226	0	0	0	0	251	99	0	model_project/data_audit/results/per_file_records/CDS/Sporobolus_pyramidalis.rga.cds.fa.records.tsv
Sporobolus_pyramidalis	protein	Sporobolus_pyramidalis.rga.pro.fa	downloads/sequences/protein/Sporobolus_pyramidalis.rga.pro.fa	2390	1527390	50	639.0753138075314	589.5	207.0	1183.199999999999	2762	742	0	0	0	0	0	0	0	model_project/data_audit/results/per_file_records/protein/Sporobolus_pyramidalis.rga.pro.fa.records.tsv
Sporobolus_stapfianus	CDS	Sporobolus_stapfianus.rga.cds.fa	downloads/sequences/CDS/Sporobolus_stapfianus.rga.cds.fa	2529	4630944	126	1831.1364175563465	1650	487.20000000000005	3605.399999999999	9597	2205	0	0	0	0	283	188	0	model_project/data_audit/results/per_file_records/CDS/Sporobolus_stapfianus.rga.cds.fa.records.tsv
Sporobolus_stapfianus	protein	Sporobolus_stapfianus.rga.pro.fa	downloads/sequences/protein/Sporobolus_stapfianus.rga.pro.fa	2529	1541307	41	609.4531435349941	549	161.4	1200.7999999999997	3198	734	0	0	0	0	0	0	0	model_project/data_audit/results/per_file_records/protein/Sporobolus_stapfianus.rga.pro.fa.records.tsv
Stephania_japonica	CDS	Stephania_japonica.rga.cds.fa	downloads/sequences/CDS/Stephania_japonica.rga.cds.fa	1041	1976913	156	1899.0518731988473	1869	543	3498	7257	2202	0	0	0	0	9	7	0	model_project/data_audit/results/per_file_records/CDS/Stephania_japonica.rga.cds.fa.records.tsv
Stephania_japonica	protein	Stephania_japonica.rga.pro.fa	downloads/sequences/protein/Stephania_japonica.rga.pro.fa	1041	657937	51	632.0240153698367	622	180	1165	2418	733	0	0	0	0	0	0	0	model_project/data_audit/results/per_file_records/protein/Stephania_japonica.rga.pro.fa.records.tsv
Stevia_rebaudiana	CDS	Stevia_rebaudiana.rga.cds.fa	downloads/sequences/CDS/Stevia_rebaudiana.rga.cds.fa	2871	5414949	195	1886.0846394984326	1821	591.0	3418.5	5709	2217	0	0	0	0	8	8	0	model_project/data_audit/results/per_file_records/CDS/Stevia_rebaudiana.rga.cds.fa.records.tsv
Stevia_rebaudiana	protein	Stevia_rebaudiana.rga.pro.fa	downloads/sequences/protein/Stevia_rebaudiana.rga.pro.fa	2871	1804983	65	628.6948798328109	607	197.0	1139.5	1903	739	0	0	0	0	0	0	2863	model_project/data_audit/results/per_file_records/protein/Stevia_rebaudiana.rga.pro.fa.records.tsv
Striga_hermonthica	CDS	Striga_hermonthica.rga.cds.fa	downloads/sequences/CDS/Striga_hermonthica.rga.cds.fa	1159	2070259	225	1786.2459016393443	1704	621.0	3285.5999999999995	4935	2073	0	0	0	13	20	15	0	model_project/data_audit/results/per_file_records/CDS/Striga_hermonthica.rga.cds.fa.records.tsv
Striga_hermonthica	protein	Striga_hermonthica.rga.pro.fa	downloads/sequences/protein/Striga_hermonthica.rga.pro.fa	1159	688938	74	594.4245038826575	567	206.0	1094.1999999999998	1644	690	0	0	0	0	0	0	0	model_project/data_audit/results/per_file_records/protein/Striga_hermonthica.rga.pro.fa.records.tsv
Strobilanthes_cusia	CDS	Strobilanthes_cusia.rga.cds.fa	downloads/sequences/CDS/Strobilanthes_cusia.rga.cds.fa	1938	3769266	252	1944.9256965944273	1890.0	651.0	3384.45	6696	2301	0	0	0	0	3	2	0	model_project/data_audit/results/per_file_records/CDS/Strobilanthes_cusia.rga.cds.fa.records.tsv
Strobilanthes_cusia	protein	Strobilanthes_cusia.rga.pro.fa	downloads/sequences/protein/Strobilanthes_cusia.rga.pro.fa	1938	1254486	83	647.3095975232198	629.0	216.0	1127.1499999999999	2231	766	0	0	0	0	0	0	0	model_project/data_audit/results/per_file_records/protein/Strobilanthes_cusia.rga.pro.fa.records.tsv
Synsepalum_dulcificum	CDS	Synsepalum_dulcificum.rga.cds.fa	downloads/sequences/CDS/Synsepalum_dulcificum.rga.cds.fa	1728	2985423	120	1727.6753472222222	1546.5	318.0	3497.8499999999985	11550	2226	0	0	0	0	100	131	0	model_project/data_audit/results/per_file_records/CDS/Synsepalum_dulcificum.rga.cds.fa.records.tsv
Synsepalum_dulcificum	protein	Synsepalum_dulcificum.rga.pro.fa	downloads/sequences/protein/Synsepalum_dulcificum.rga.pro.fa	1728	993542	39	574.9664351851852	514.5	105.35000000000001	1164.9499999999996	3849	741	0	0	0	0	0	0	0	model_project/data_audit/results/per_file_records/protein/Synsepalum_dulcificum.rga.pro.fa.records.tsv
Syzygium_grande	CDS	Syzygium_grande.rga.cds.fa	downloads/sequences/CDS/Syzygium_grande.rga.cds.fa	2025	3226235	161	1593.2024691358024	1434	354.6	3296.999999999999	6882	2028	0	0	0	46	43	84	0	model_project/data_audit/results/per_file_records/CDS/Syzygium_grande.rga.cds.fa.records.tsv
Syzygium_grande	protein	Syzygium_grande.rga.pro.fa	downloads/sequences/protein/Syzygium_grande.rga.pro.fa	2025	1073450	53	530.0987654320987	477	117.2	1097.9999999999998	2293	676	0	0	0	0	0	0	0	model_project/data_audit/results/per_file_records/protein/Syzygium_grande.rga.pro.fa.records.tsv
Tamarix_chinensis	CDS	Tamarix_chinensis.rga.cds.fa	downloads/sequences/CDS/Tamarix_chinensis.rga.cds.fa	1938	3248675	309	1676.3028895768834	1470.0	516.0	3387.0	5256	2028	0	0	0	14	543	664	0	model_project/data_audit/results/per_file_records/CDS/Tamarix_chinensis.rga.cds.fa.records.tsv
Tamarix_chinensis	protein	Tamarix_chinensis.rga.pro.fa	downloads/sequences/protein/Tamarix_chinensis.rga.pro.fa	1938	1082884	103	558.7636738906089	490.0	172.0	1129.0	1752	676	0	0	0	0	0	0	1267	model_project/data_audit/results/per_file_records/protein/Tamarix_chinensis.rga.pro.fa.records.tsv
Taraxacum_koksaghyz	CDS	Taraxacum_koksaghyz.rga.cds.fa	downloads/sequences/CDS/Taraxacum_koksaghyz.rga.cds.fa	1954	3498663	165	1790.5133060388946	1705.5	516.0	3296.0999999999995	6837	2073	0	0	0	50	33	76	0	model_project/data_audit/results/per_file_records/CDS/Taraxacum_koksaghyz.rga.cds.fa.records.tsv
Taraxacum_koksaghyz	protein	Taraxacum_koksaghyz.rga.pro.fa	downloads/sequences/protein/Taraxacum_koksaghyz.rga.pro.fa	1954	1164324	54	595.8669396110542	567.5	171.0	1097.6999999999998	2278	690	0	0	0	0	0	0	0	model_project/data_audit/results/per_file_records/protein/Taraxacum_koksaghyz.rga.pro.fa.records.tsv
Taraxacum_mongolicum	CDS	Taraxacum_mongolicum.rga.cds.fa	downloads/sequences/CDS/Taraxacum_mongolicum.rga.cds.fa	2918	5212605	309	1786.3622344071282	1707.0	546.0	3409.350000000001	5997	2052	0	0	0	0	7	0	0	model_project/data_audit/results/per_file_records/CDS/Taraxacum_mongolicum.rga.cds.fa.records.tsv
Taraxacum_mongolicum	protein	Taraxacum_mongolicum.rga.pro.fa	downloads/sequences/protein/Taraxacum_mongolicum.rga.pro.fa	2918	1734617	102	594.4540781357094	568.0	181.0	1135.4500000000003	1998	683	0	0	0	0	0	0	0	model_project/data_audit/results/per_file_records/protein/Taraxacum_mongolicum.rga.pro.fa.records.tsv
Tarenaya_hassleriana	CDS	Tarenaya_hassleriana.rga.cds.fa	downloads/sequences/CDS/Tarenaya_hassleriana.rga.cds.fa	1262	2429057	366	1924.7678288431061	1831.5	861.0	3425.4000000000005	6528	2121	0	0	0	1	19	11	0	model_project/data_audit/results/per_file_records/CDS/Tarenaya_hassleriana.rga.cds.fa.records.tsv
Tarenaya_hassleriana	protein	Tarenaya_hassleriana.rga.pro.fa	downloads/sequences/protein/Tarenaya_hassleriana.rga.pro.fa	1262	808434	122	640.5974643423137	609.5	286.0	1140.8000000000002	2175	706	0	0	0	0	0	0	18	model_project/data_audit/results/per_file_records/protein/Tarenaya_hassleriana.rga.pro.fa.records.tsv
Telopea_speciosissima	CDS	Telopea_speciosissima.rga.cds.fa	downloads/sequences/CDS/Telopea_speciosissima.rga.cds.fa	2267	4448018	273	1962.0723423026025	1869	729.6000000000001	3616.199999999999	6927	2241	0	0	0	1	13	10	0	model_project/data_audit/results/per_file_records/CDS/Telopea_speciosissima.rga.cds.fa.records.tsv
Telopea_speciosissima	protein	Telopea_speciosissima.rga.pro.fa	downloads/sequences/protein/Telopea_speciosissima.rga.pro.fa	2267	1480423	90	653.0317600352889	622	242.20000000000005	1204.3999999999996	2308	747	0	0	0	0	0	0	0	model_project/data_audit/results/per_file_records/protein/Telopea_speciosissima.rga.pro.fa.records.tsv
Tetrabaena_socialis	CDS	Tetrabaena_socialis.rga.cds.fa	downloads/sequences/CDS/Tetrabaena_socialis.rga.cds.fa	497	926310	192	1863.8028169014085	1266	367.20000000000005	4672.799999999999	19881	2721	0	0	0	0	79	94	0	model_project/data_audit/results/per_file_records/CDS/Tetrabaena_socialis.rga.cds.fa.records.tsv
Tetrabaena_socialis	protein	Tetrabaena_socialis.rga.pro.fa	downloads/sequences/protein/Tetrabaena_socialis.rga.pro.fa	497	308367	63	620.4567404426559	421	121.6	1556.6	6627	906	0	0	0	0	0	0	0	model_project/data_audit/results/per_file_records/protein/Tetrabaena_socialis.rga.pro.fa.records.tsv
Tetracentron_sinense	CDS	Tetracentron_sinense.rga.cds.fa	downloads/sequences/CDS/Tetracentron_sinense.rga.cds.fa	2015	3800469	213	1886.0888337468982	1800	587.1	3531.0	8061	2244	0	0	0	0	41	0	0	model_project/data_audit/results/per_file_records/CDS/Tetracentron_sinense.rga.cds.fa.records.tsv
Tetracentron_sinense	protein	Tetracentron_sinense.rga.pro.fa	downloads/sequences/protein/Tetracentron_sinense.rga.pro.fa	2015	1264808	70	627.6962779156328	599	194.70000000000002	1176.0	2686	747	0	0	0	0	0	0	0	model_project/data_audit/results/per_file_records/protein/Tetracentron_sinense.rga.pro.fa.records.tsv
Theobroma_cacao	CDS	Theobroma_cacao.rga.cds.fa	downloads/sequences/CDS/Theobroma_cacao.rga.cds.fa	1740	3680772	99	2115.386206896552	2010.0	614.8499999999999	3882.1499999999996	9330	2499	0	0	0	0	8	9	0	model_project/data_audit/results/per_file_records/CDS/Theobroma_cacao.rga.cds.fa.records.tsv
Theobroma_cacao	protein	Theobroma_cacao.rga.pro.fa	downloads/sequences/protein/Theobroma_cacao.rga.pro.fa	1740	1225193	32	704.133908045977	669.0	203.95	1293.05	3109	832	0	0	0	0	0	0	0	model_project/data_audit/results/per_file_records/protein/Theobroma_cacao.rga.pro.fa.records.tsv
Thinopyrum_elongatum	CDS	Thinopyrum_elongatum.rga.cds.fa	downloads/sequences/CDS/Thinopyrum_elongatum.rga.cds.fa	2884	5340051	156	1851.6126907073508	1830.0	468.45000000000005	3403.649999999999	7725	2280	0	0	0	0	192	169	0	model_project/data_audit/results/per_file_records/CDS/Thinopyrum_elongatum.rga.cds.fa.records.tsv
Thinopyrum_elongatum	protein	Thinopyrum_elongatum.rga.pro.fa	downloads/sequences/protein/Thinopyrum_elongatum.rga.pro.fa	2884	1777036	52	616.1705963938973	608.5	156.0	1133.5499999999997	2574	759	0	0	0	0	0	0	0	model_project/data_audit/results/per_file_records/protein/Thinopyrum_elongatum.rga.pro.fa.records.tsv
Thlaspi_arvense	CDS	Thlaspi_arvense.rga.cds.fa	downloads/sequences/CDS/Thlaspi_arvense.rga.cds.fa	1554	2948157	219	1897.1409266409266	1881.0	748.5000000000002	3352.0499999999997	6672	2154	0	0	0	0	17	9	0	model_project/data_audit/results/per_file_records/CDS/Thlaspi_arvense.rga.cds.fa.records.tsv
Thlaspi_arvense	protein	Thlaspi_arvense.rga.pro.fa	downloads/sequences/protein/Thlaspi_arvense.rga.pro.fa	1554	982719	73	632.3803088803089	627.0	249.50000000000006	1117.35	2224	718	0	0	0	0	0	0	1545	model_project/data_audit/results/per_file_records/protein/Thlaspi_arvense.rga.pro.fa.records.tsv
Tiarella_polyphylla	CDS	Tiarella_polyphylla.rga.cds.fa	downloads/sequences/CDS/Tiarella_polyphylla.rga.cds.fa	1142	2130816	234	1865.8633975481612	1729.5	480.75000000000006	3560.850000000003	9630	2121	0	0	0	0	1	0	0	model_project/data_audit/results/per_file_records/CDS/Tiarella_polyphylla.rga.cds.fa.records.tsv
Tiarella_polyphylla	protein	Tiarella_polyphylla.rga.pro.fa	downloads/sequences/protein/Tiarella_polyphylla.rga.pro.fa	1142	709130	77	620.954465849387	575.5	159.25000000000003	1185.950000000001	3209	706	0	0	0	0	0	0	0	model_project/data_audit/results/per_file_records/protein/Tiarella_polyphylla.rga.pro.fa.records.tsv
Toona_sinensis	CDS	Toona_sinensis.rga.cds.fa	downloads/sequences/CDS/Toona_sinensis.rga.cds.fa	1345	2275677	183	1691.953159851301	1509	402.0	3448.2	8826	2100	0	0	0	0	43	0	0	model_project/data_audit/results/per_file_records/CDS/Toona_sinensis.rga.cds.fa.records.tsv
Toona_sinensis	protein	Toona_sinensis.rga.pro.fa	downloads/sequences/protein/Toona_sinensis.rga.pro.fa	1345	757214	60	562.9843866171004	502	133.0	1148.3999999999999	2941	700	0	0	0	0	0	0	0	model_project/data_audit/results/per_file_records/protein/Toona_sinensis.rga.pro.fa.records.tsv
Trichopus_zeylanicus	CDS	Trichopus_zeylanicus.rga.cds.fa	downloads/sequences/CDS/Trichopus_zeylanicus.rga.cds.fa	1571	901819	28	574.0413749204329	285	77.0	2483.0	3666	1270	0	0	0	599	995	1112	0	model_project/data_audit/results/per_file_records/CDS/Trichopus_zeylanicus.rga.cds.fa.records.tsv
Trichopus_zeylanicus	protein	Trichopus_zeylanicus.rga.pro.fa	downloads/sequences/protein/Trichopus_zeylanicus.rga.pro.fa	1571	300342	9	191.17886696371738	95	25.0	827.5	1222	423	0	0	0	0	0	0	469	model_project/data_audit/results/per_file_records/protein/Trichopus_zeylanicus.rga.pro.fa.records.tsv
Trifolium_pratense	CDS	Trifolium_pratense.rga.cds.fa	downloads/sequences/CDS/Trifolium_pratense.rga.cds.fa	2853	6624123	312	2321.8096740273395	2100	846.0	4316.400000000001	12681	2736	0	0	0	0	9	2	0	model_project/data_audit/results/per_file_records/CDS/Trifolium_pratense.rga.cds.fa.records.tsv
Trifolium_pratense	protein	Trifolium_pratense.rga.pro.fa	downloads/sequences/protein/Trifolium_pratense.rga.pro.fa	2853	2205199	103	772.9404135997196	699	281.0	1437.8000000000002	4226	911	0	0	0	0	0	0	0	model_project/data_audit/results/per_file_records/protein/Trifolium_pratense.rga.pro.fa.records.tsv
Trifolium_repens	CDS	Trifolium_repens.rga.cds.fa	downloads/sequences/CDS/Trifolium_repens.rga.cds.fa	4009	7588593	201	1892.8892491893241	1836	442.20000000000005	3457.7999999999997	12456	2235	0	0	0	0	0	0	0	model_project/data_audit/results/per_file_records/CDS/Trifolium_repens.rga.cds.fa.records.tsv
Trifolium_repens	protein	Trifolium_repens.rga.pro.fa	downloads/sequences/protein/Trifolium_repens.rga.pro.fa	4009	2525522	66	629.963083063108	611	146.4	1151.6	4151	744	0	0	0	0	0	0	0	model_project/data_audit/results/per_file_records/protein/Trifolium_repens.rga.pro.fa.records.tsv
Triticum_aestivum	CDS	Triticum_aestivum.rga.cds.fa	downloads/sequences/CDS/Triticum_aestivum.rga.cds.fa	8233	17475070	111	2122.5640714198958	2061	807.0	3733.199999999999	7347	2478	0	0	0	8	13	33	0	model_project/data_audit/results/per_file_records/CDS/Triticum_aestivum.rga.cds.fa.records.tsv
Triticum_aestivum	protein	Triticum_aestivum.rga.pro.fa	downloads/sequences/protein/Triticum_aestivum.rga.pro.fa	8233	5816106	37	706.4382363658448	686	268.0	1243.3999999999996	2448	825	0	0	0	0	0	0	0	model_project/data_audit/results/per_file_records/protein/Triticum_aestivum.rga.pro.fa.records.tsv
Triticum_monococcum	CDS	Triticum_monococcum.rga.cds.fa	downloads/sequences/CDS/Triticum_monococcum.rga.cds.fa	3347	6746141	150	2015.578428443382	1998	537.0	3687.0	7785	2442	0	0	0	81	5	3	0	model_project/data_audit/results/per_file_records/CDS/Triticum_monococcum.rga.cds.fa.records.tsv
Triticum_monococcum	protein	Triticum_monococcum.rga.pro.fa	downloads/sequences/protein/Triticum_monococcum.rga.pro.fa	3347	2248672	50	671.847027188527	666	179.0	1229.0	2595	814	0	0	0	0	0	0	3269	model_project/data_audit/results/per_file_records/protein/Triticum_monococcum.rga.pro.fa.records.tsv
Triticum_turgidum	CDS	Triticum_turgidum.rga.cds.fa	downloads/sequences/CDS/Triticum_turgidum.rga.cds.fa	4856	9347652	210	1924.969522240527	1875.0	606.0	3477.0	7905	2301	0	0	0	0	0	0	0	model_project/data_audit/results/per_file_records/CDS/Triticum_turgidum.rga.cds.fa.records.tsv
Triticum_turgidum	protein	Triticum_turgidum.rga.pro.fa	downloads/sequences/protein/Triticum_turgidum.rga.pro.fa	4856	3110507	69	640.5492174629325	624.0	201.0	1158.0	2634	766	0	0	0	0	0	0	0	model_project/data_audit/results/per_file_records/protein/Triticum_turgidum.rga.pro.fa.records.tsv
Triticum_urartu	CDS	Triticum_urartu.rga.cds.fa	downloads/sequences/CDS/Triticum_urartu.rga.cds.fa	2661	4566987	168	1716.2671927846675	1569	423	3339	5382	2157	0	0	0	0	47	736	0	model_project/data_audit/results/per_file_records/CDS/Triticum_urartu.rga.cds.fa.records.tsv
Triticum_urartu	protein	Triticum_urartu.rga.pro.fa	downloads/sequences/protein/Triticum_urartu.rga.pro.fa	2661	1520404	56	571.3656520105224	522	140	1112	1794	720	0	0	0	0	0	0	0	model_project/data_audit/results/per_file_records/protein/Triticum_urartu.rga.pro.fa.records.tsv
Trochodendron_aralioides	CDS	Trochodendron_aralioides.rga.cds.fa	downloads/sequences/CDS/Trochodendron_aralioides.rga.cds.fa	1880	3516538	183	1870.4989361702128	1767.0	480.0	3474.899999999999	7620	2292	0	0	0	35	47	30	0	model_project/data_audit/results/per_file_records/CDS/Trochodendron_aralioides.rga.cds.fa.records.tsv
Trochodendron_aralioides	protein	Trochodendron_aralioides.rga.pro.fa	downloads/sequences/protein/Trochodendron_aralioides.rga.pro.fa	1880	1172159	61	623.4888297872341	589.0	160.0	1158.2999999999997	2540	764	0	0	0	0	0	0	1847	model_project/data_audit/results/per_file_records/protein/Trochodendron_aralioides.rga.pro.fa.records.tsv
Tubocapsicum_anomalum	CDS	Tubocapsicum_anomalum.rga.cds.fa	downloads/sequences/CDS/Tubocapsicum_anomalum.rga.cds.fa	3153	5564127	135	1764.708848715509	1563	396.0	3609.5999999999967	11703	2217	0	0	0	0	2	0	0	model_project/data_audit/results/per_file_records/CDS/Tubocapsicum_anomalum.rga.cds.fa.records.tsv
Tubocapsicum_anomalum	protein	Tubocapsicum_anomalum.rga.pro.fa	downloads/sequences/protein/Tubocapsicum_anomalum.rga.pro.fa	3153	1851556	44	587.2362829051697	520	131.0	1202.199999999999	3900	739	0	0	0	0	0	0	0	model_project/data_audit/results/per_file_records/protein/Tubocapsicum_anomalum.rga.pro.fa.records.tsv
Ulva_mutabilis	CDS	Ulva_mutabilis.rga.cds.fa	downloads/sequences/CDS/Ulva_mutabilis.rga.cds.fa	380	877827	240	2310.071052631579	2157.0	674.1	4557.45	8958	2745	0	0	0	0	0	1	0	model_project/data_audit/results/per_file_records/CDS/Ulva_mutabilis.rga.cds.fa.records.tsv
Ulva_mutabilis	protein	Ulva_mutabilis.rga.pro.fa	downloads/sequences/protein/Ulva_mutabilis.rga.pro.fa	380	292230	79	769.0263157894736	718.0	223.7	1518.1499999999999	2985	914	0	0	0	0	0	0	0	model_project/data_audit/results/per_file_records/protein/Ulva_mutabilis.rga.pro.fa.records.tsv
Vaccinium_caesariense	CDS	Vaccinium_caesariense.rga.cds.fa	downloads/sequences/CDS/Vaccinium_caesariense.rga.cds.fa	2156	4386444	123	2034.5287569573284	1990.5	534.0	3742.5	5973	2436	0	0	0	0	0	0	0	model_project/data_audit/results/per_file_records/CDS/Vaccinium_caesariense.rga.cds.fa.records.tsv
Vaccinium_caesariense	protein	Vaccinium_caesariense.rga.pro.fa	downloads/sequences/protein/Vaccinium_caesariense.rga.pro.fa	2156	1459992	40	677.1762523191095	662.5	177.0	1246.5	1990	812	0	0	0	0	0	0	0	model_project/data_audit/results/per_file_records/protein/Vaccinium_caesariense.rga.pro.fa.records.tsv
Vaccinium_corymbosum	CDS	Vaccinium_corymbosum.rga.cds.fa	downloads/sequences/CDS/Vaccinium_corymbosum.rga.cds.fa	2078	4593060	120	2210.3272377285853	2040.0	470.55	4440.45	16122	2766	0	0	0	0	72	135	0	model_project/data_audit/results/per_file_records/CDS/Vaccinium_corymbosum.rga.cds.fa.records.tsv
Vaccinium_corymbosum	protein	Vaccinium_corymbosum.rga.pro.fa	downloads/sequences/protein/Vaccinium_corymbosum.rga.pro.fa	2078	1529077	39	735.8407122232916	679.0	155.85000000000002	1479.1499999999999	5373	921	0	0	0	0	0	0	0	model_project/data_audit/results/per_file_records/protein/Vaccinium_corymbosum.rga.pro.fa.records.tsv
Vaccinium_darrowii	CDS	Vaccinium_darrowii.rga.cds.fa	downloads/sequences/CDS/Vaccinium_darrowii.rga.cds.fa	1454	2463336	180	1694.1788170563962	1569.0	447.0	3175.0499999999997	6900	2037	0	0	0	0	0	0	0	model_project/data_audit/results/per_file_records/CDS/Vaccinium_darrowii.rga.cds.fa.records.tsv
Vaccinium_darrowii	protein	Vaccinium_darrowii.rga.pro.fa	downloads/sequences/protein/Vaccinium_darrowii.rga.pro.fa	1454	819658	59	563.726272352132	522.0	148.0	1057.35	2299	678	0	0	0	0	0	0	0	model_project/data_audit/results/per_file_records/protein/Vaccinium_darrowii.rga.pro.fa.records.tsv
Vaccinium_duclouxii	CDS	Vaccinium_duclouxii.rga.cds.fa	downloads/sequences/CDS/Vaccinium_duclouxii.rga.cds.fa	1961	3940524	177	2009.446200917899	1935	522	3813	7992	2445	0	0	0	0	0	0	0	model_project/data_audit/results/per_file_records/CDS/Vaccinium_duclouxii.rga.cds.fa.records.tsv
Vaccinium_duclouxii	protein	Vaccinium_duclouxii.rga.pro.fa	downloads/sequences/protein/Vaccinium_duclouxii.rga.pro.fa	1961	1311547	58	668.8154003059664	644	173	1270	2663	815	0	0	0	0	0	0	0	model_project/data_audit/results/per_file_records/protein/Vaccinium_duclouxii.rga.pro.fa.records.tsv
Vaccinium_macrocarpon	CDS	Vaccinium_macrocarpon.rga.cds.fa	downloads/sequences/CDS/Vaccinium_macrocarpon.rga.cds.fa	1794	2942904	156	1640.4147157190635	1474.5	363.0	3327.0	6513	2097	0	0	0	2	1	3	0	model_project/data_audit/results/per_file_records/CDS/Vaccinium_macrocarpon.rga.cds.fa.records.tsv
Vaccinium_macrocarpon	protein	Vaccinium_macrocarpon.rga.pro.fa	downloads/sequences/protein/Vaccinium_macrocarpon.rga.pro.fa	1794	979176	51	545.8060200668897	490.5	120.0	1108.0	2170	698	0	0	0	0	0	0	0	model_project/data_audit/results/per_file_records/protein/Vaccinium_macrocarpon.rga.pro.fa.records.tsv
Vaccinium_microcarpum	CDS	Vaccinium_microcarpum.rga.cds.fa	downloads/sequences/CDS/Vaccinium_microcarpum.rga.cds.fa	1753	3059934	204	1745.5413576725614	1581	561.0	3402.5999999999985	5883	2052	0	0	0	0	137	48	0	model_project/data_audit/results/per_file_records/CDS/Vaccinium_microcarpum.rga.cds.fa.records.tsv
Vaccinium_microcarpum	protein	Vaccinium_microcarpum.rga.pro.fa	downloads/sequences/protein/Vaccinium_microcarpum.rga.pro.fa	1753	1018273	67	580.8745008556759	526	186.0	1133.1999999999996	1960	683	0	0	0	0	0	0	0	model_project/data_audit/results/per_file_records/protein/Vaccinium_microcarpum.rga.pro.fa.records.tsv
Vaccinium_myrtillus	CDS	Vaccinium_myrtillus.rga.cds.fa	downloads/sequences/CDS/Vaccinium_myrtillus.rga.cds.fa	2087	3405009	204	1631.53282223287	1416	441.90000000000003	3331.199999999999	8412	2040	0	0	0	0	0	0	0	model_project/data_audit/results/per_file_records/CDS/Vaccinium_myrtillus.rga.cds.fa.records.tsv
Vaccinium_myrtillus	protein	Vaccinium_myrtillus.rga.pro.fa	downloads/sequences/protein/Vaccinium_myrtillus.rga.pro.fa	2087	1132916	67	542.8442740776234	471	146.3	1109.3999999999996	2803	679	0	0	0	0	0	0	0	model_project/data_audit/results/per_file_records/protein/Vaccinium_myrtillus.rga.pro.fa.records.tsv
Vaccinium_oxycoccos	CDS	Vaccinium_oxycoccos.rga.cds.fa	downloads/sequences/CDS/Vaccinium_oxycoccos.rga.cds.fa	1788	2870130	168	1605.2181208053692	1428.0	375.0	3246.8999999999987	6300	2055	0	0	0	5	4	6	0	model_project/data_audit/results/per_file_records/CDS/Vaccinium_oxycoccos.rga.cds.fa.records.tsv
Vaccinium_oxycoccos	protein	Vaccinium_oxycoccos.rga.pro.fa	downloads/sequences/protein/Vaccinium_oxycoccos.rga.pro.fa	1788	954926	55	534.0749440715883	475.0	124.0	1081.2999999999997	2099	684	0	0	0	0	0	0	0	model_project/data_audit/results/per_file_records/protein/Vaccinium_oxycoccos.rga.pro.fa.records.tsv
Vatica_odorata	CDS	Vatica_odorata.rga.cds.fa	downloads/sequences/CDS/Vatica_odorata.rga.cds.fa	1825	3594444	171	1969.5583561643837	1770	534.0	4090.7999999999997	12189	2304	0	0	0	0	0	2	0	model_project/data_audit/results/per_file_records/CDS/Vatica_odorata.rga.cds.fa.records.tsv
Vatica_odorata	protein	Vatica_odorata.rga.pro.fa	downloads/sequences/protein/Vatica_odorata.rga.pro.fa	1825	1196325	56	655.5205479452055	589	177.0	1362.6	4062	768	0	0	0	0	0	0	0	model_project/data_audit/results/per_file_records/protein/Vatica_odorata.rga.pro.fa.records.tsv
Vatica_rassak	CDS	Vatica_rassak.rga.cds.fa	downloads/sequences/CDS/Vatica_rassak.rga.cds.fa	1625	3163290	177	1946.64	1728	519.0	4070.999999999999	14922	2283	0	0	0	0	0	0	0	model_project/data_audit/results/per_file_records/CDS/Vatica_rassak.rga.cds.fa.records.tsv
Vatica_rassak	protein	Vatica_rassak.rga.pro.fa	downloads/sequences/protein/Vatica_rassak.rga.pro.fa	1625	1052805	58	647.88	575	172.0	1355.9999999999995	4973	760	0	0	0	0	0	0	0	model_project/data_audit/results/per_file_records/protein/Vatica_rassak.rga.pro.fa.records.tsv
Vicia_faba	CDS	Vicia_faba.rga.cds.fa	downloads/sequences/CDS/Vicia_faba.rga.cds.fa	1597	2839374	246	1777.942391984972	1692	444.0	3384.0	6207	2103	0	0	0	0	0	0	0	model_project/data_audit/results/per_file_records/CDS/Vicia_faba.rga.cds.fa.records.tsv
Vicia_faba	protein	Vicia_faba.rga.pro.fa	downloads/sequences/protein/Vicia_faba.rga.pro.fa	1597	944861	81	591.6474639949906	563	147.0	1127.0	2068	701	0	0	0	0	0	0	0	model_project/data_audit/results/per_file_records/protein/Vicia_faba.rga.pro.fa.records.tsv
Vicia_sativa	CDS	Vicia_sativa.rga.cds.fa	downloads/sequences/CDS/Vicia_sativa.rga.cds.fa	2340	4333377	201	1851.8705128205129	1779.0	383.85	3519.149999999999	7770	2376	0	0	0	0	1	0	0	model_project/data_audit/results/per_file_records/CDS/Vicia_sativa.rga.cds.fa.records.tsv
Vicia_sativa	protein	Vicia_sativa.rga.pro.fa	downloads/sequences/protein/Vicia_sativa.rga.pro.fa	2340	1442116	66	616.2888888888889	592.0	126.95	1172.0499999999997	2589	792	0	0	0	0	0	0	0	model_project/data_audit/results/per_file_records/protein/Vicia_sativa.rga.pro.fa.records.tsv
Vigna_hirtella	CDS	Vigna_hirtella.rga.cds.fa	downloads/sequences/CDS/Vigna_hirtella.rga.cds.fa	1693	3317489	213	1959.5327820437094	1863	540.0	3637.799999999996	9501	2400	0	0	0	2	8	5	0	model_project/data_audit/results/per_file_records/CDS/Vigna_hirtella.rga.cds.fa.records.tsv
Vigna_hirtella	protein	Vigna_hirtella.rga.pro.fa	downloads/sequences/protein/Vigna_hirtella.rga.pro.fa	1693	1105829	71	653.177200236267	621	180.0	1212.5999999999988	3167	800	0	0	0	0	0	0	1688	model_project/data_audit/results/per_file_records/protein/Vigna_hirtella.rga.pro.fa.records.tsv
Vigna_subterranea	CDS	Vigna_subterranea.rga.cds.fa	downloads/sequences/CDS/Vigna_subterranea.rga.cds.fa	1643	3208695	135	1952.9488740109555	1758	390.0	3945.2999999999965	26934	2439	0	0	0	0	0	0	0	model_project/data_audit/results/per_file_records/CDS/Vigna_subterranea.rga.cds.fa.records.tsv
Vigna_subterranea	protein	Vigna_subterranea.rga.pro.fa	downloads/sequences/protein/Vigna_subterranea.rga.pro.fa	1643	1067920	44	649.9817407181985	585	129.0	1314.0999999999988	8977	814	0	0	0	0	0	0	0	model_project/data_audit/results/per_file_records/protein/Vigna_subterranea.rga.pro.fa.records.tsv
Vigna_umbellata	CDS	Vigna_umbellata.rga.cds.fa	downloads/sequences/CDS/Vigna_umbellata.rga.cds.fa	2048	3967121	264	1937.07080078125	1833.0	673.05	3501.0	17565	2247	0	0	0	23	46	56	0	model_project/data_audit/results/per_file_records/CDS/Vigna_umbellata.rga.cds.fa.records.tsv
Vigna_umbellata	protein	Vigna_umbellata.rga.pro.fa	downloads/sequences/protein/Vigna_umbellata.rga.pro.fa	2048	1320372	87	644.712890625	610.0	223.35000000000002	1166.0	5854	748	0	0	0	0	0	0	0	model_project/data_audit/results/per_file_records/protein/Vigna_umbellata.rga.pro.fa.records.tsv
Vigna_unguiculata	CDS	Vigna_unguiculata.rga.cds.fa	downloads/sequences/CDS/Vigna_unguiculata.rga.cds.fa	2032	4463313	168	2196.5123031496064	2046.0	847.95	3609.0	9666	2550	0	0	0	0	6	3	0	model_project/data_audit/results/per_file_records/CDS/Vigna_unguiculata.rga.cds.fa.records.tsv
Vigna_unguiculata	protein	Vigna_unguiculata.rga.pro.fa	downloads/sequences/protein/Vigna_unguiculata.rga.pro.fa	2032	1485742	55	731.1722440944882	681.0	281.65000000000003	1202.0	3221	850	0	0	0	0	0	0	0	model_project/data_audit/results/per_file_records/protein/Vigna_unguiculata.rga.pro.fa.records.tsv
Vitellaria_paradoxa	CDS	Vitellaria_paradoxa.rga.cds.fa	downloads/sequences/CDS/Vitellaria_paradoxa.rga.cds.fa	1629	2544663	174	1562.1012891344383	1455	383.40000000000003	3119.399999999999	8130	1911	0	0	0	63	32	99	0	model_project/data_audit/results/per_file_records/CDS/Vitellaria_paradoxa.rga.cds.fa.records.tsv
Vitellaria_paradoxa	protein	Vitellaria_paradoxa.rga.pro.fa	downloads/sequences/protein/Vitellaria_paradoxa.rga.pro.fa	1629	846665	58	519.7452424800491	484	126.80000000000001	1038.7999999999997	2709	636	0	0	0	0	0	0	0	model_project/data_audit/results/per_file_records/protein/Vitellaria_paradoxa.rga.pro.fa.records.tsv
Vitis_amurensis	CDS	Vitis_amurensis.rga.cds.fa	downloads/sequences/CDS/Vitis_amurensis.rga.cds.fa	2112	3580650	193	1695.3835227272727	1503.0	454.65000000000003	3480.7499999999973	9411	2046	0	0	0	49	45	30	0	model_project/data_audit/results/per_file_records/CDS/Vitis_amurensis.rga.cds.fa.records.tsv
Vitis_amurensis	protein	Vitis_amurensis.rga.pro.fa	downloads/sequences/protein/Vitis_amurensis.rga.pro.fa	2112	1191444	63	564.1306818181819	500.0	150.55	1159.249999999999	3136	681	0	0	0	0	0	0	0	model_project/data_audit/results/per_file_records/protein/Vitis_amurensis.rga.pro.fa.records.tsv
Vitis_arizonica	CDS	Vitis_arizonica.rga.cds.fa	downloads/sequences/CDS/Vitis_arizonica.rga.cds.fa	4587	8519244	180	1857.2583387835186	1779	429.0	3768.0	7416	2391	0	0	0	0	0	121	0	model_project/data_audit/results/per_file_records/CDS/Vitis_arizonica.rga.cds.fa.records.tsv
Vitis_arizonica	protein	Vitis_arizonica.rga.pro.fa	downloads/sequences/protein/Vitis_arizonica.rga.pro.fa	4587	2839748	60	619.0861129278395	593	143.0	1256.0	2472	797	0	0	0	0	0	0	4466	model_project/data_audit/results/per_file_records/protein/Vitis_arizonica.rga.pro.fa.records.tsv
Vitis_berlandieri	CDS	Vitis_berlandieri.rga.cds.fa	downloads/sequences/CDS/Vitis_berlandieri.rga.cds.fa	2533	5359901	204	2116.0288195815237	2034	504.0	4068.0	8334	2619	0	0	0	15	0	26	0	model_project/data_audit/results/per_file_records/CDS/Vitis_berlandieri.rga.cds.fa.records.tsv
Vitis_berlandieri	protein	Vitis_berlandieri.rga.pro.fa	downloads/sequences/protein/Vitis_berlandieri.rga.pro.fa	2533	1784122	67	704.3513620213186	677	167.0	1355.0	2777	872	0	0	0	0	0	0	0	model_project/data_audit/results/per_file_records/protein/Vitis_berlandieri.rga.pro.fa.records.tsv
Vitis_labrusca	CDS	Vitis_labrusca.rga.cds.fa	downloads/sequences/CDS/Vitis_labrusca.rga.cds.fa	2771	7822377	183	2822.943702634428	2400	525.0	6633.0	22803	3507	0	0	0	0	418	596	0	model_project/data_audit/results/per_file_records/CDS/Vitis_labrusca.rga.cds.fa.records.tsv
Vitis_labrusca	protein	Vitis_labrusca.rga.pro.fa	downloads/sequences/protein/Vitis_labrusca.rga.pro.fa	2771	2605284	60	940.1963190184049	799	174.0	2210.5	7600	1168	0	0	0	0	0	0	0	model_project/data_audit/results/per_file_records/protein/Vitis_labrusca.rga.pro.fa.records.tsv
Vitis_riparia	CDS	Vitis_riparia.rga.cds.fa	downloads/sequences/CDS/Vitis_riparia.rga.cds.fa	2636	4846514	147	1838.5864946889226	1750.5	342.0	3894.75	7179	2463	0	0	0	17	0	31	0	model_project/data_audit/results/per_file_records/CDS/Vitis_riparia.rga.cds.fa.records.tsv
Vitis_riparia	protein	Vitis_riparia.rga.pro.fa	downloads/sequences/protein/Vitis_riparia.rga.pro.fa	2636	1612892	48	611.8710166919575	582.5	113.0	1297.25	2392	821	0	0	0	0	0	0	0	model_project/data_audit/results/per_file_records/protein/Vitis_riparia.rga.pro.fa.records.tsv
Vitis_rotundifolia	CDS	Vitis_rotundifolia.rga.cds.fa	downloads/sequences/CDS/Vitis_rotundifolia.rga.cds.fa	3424	7224786	147	2110.042640186916	2001.0	531.0	4049.5499999999997	7191	2571	0	0	0	0	0	0	0	model_project/data_audit/results/per_file_records/CDS/Vitis_rotundifolia.rga.cds.fa.records.tsv
Vitis_rotundifolia	protein	Vitis_rotundifolia.rga.pro.fa	downloads/sequences/protein/Vitis_rotundifolia.rga.pro.fa	3424	2404838	48	702.3475467289719	666.0	176.0	1348.85	2396	856	0	0	0	0	0	0	0	model_project/data_audit/results/per_file_records/protein/Vitis_rotundifolia.rga.pro.fa.records.tsv
Vitis_rupestris	CDS	Vitis_rupestris.rga.cds.fa	downloads/sequences/CDS/Vitis_rupestris.rga.cds.fa	2696	4986147	147	1849.461053412463	1812.0	348.0	3978.0	6708	2457	0	0	0	24	0	33	0	model_project/data_audit/results/per_file_records/CDS/Vitis_rupestris.rga.cds.fa.records.tsv
Vitis_rupestris	protein	Vitis_rupestris.rga.pro.fa	downloads/sequences/protein/Vitis_rupestris.rga.pro.fa	2696	1659379	48	615.4966617210682	603.0	115.0	1325.0	2235	819	0	0	0	0	0	0	0	model_project/data_audit/results/per_file_records/protein/Vitis_rupestris.rga.pro.fa.records.tsv
Vitis_vinifera	CDS	Vitis_vinifera.rga.cds.fa	downloads/sequences/CDS/Vitis_vinifera.rga.cds.fa	2332	4227387	78	1812.773156089194	1734.0	367.65000000000003	3658.3499999999995	7914	2346	0	0	0	0	5	25	0	model_project/data_audit/results/per_file_records/CDS/Vitis_vinifera.rga.cds.fa.records.tsv
Vitis_vinifera	protein	Vitis_vinifera.rga.pro.fa	downloads/sequences/protein/Vitis_vinifera.rga.pro.fa	2332	1406822	25	603.2684391080618	577.0	121.55000000000001	1218.4499999999998	2637	781	0	0	0	0	0	0	0	model_project/data_audit/results/per_file_records/protein/Vitis_vinifera.rga.pro.fa.records.tsv
Vitis_xlabruscana	CDS	Vitis_xlabruscana.rga.cds.fa	downloads/sequences/CDS/Vitis_xlabruscana.rga.cds.fa	2520	5486223	207	2177.072619047619	2040.0	582.0	4191.299999999998	9855	2673	0	0	0	0	7	15	0	model_project/data_audit/results/per_file_records/CDS/Vitis_xlabruscana.rga.cds.fa.records.tsv
Vitis_xlabruscana	protein	Vitis_xlabruscana.rga.pro.fa	downloads/sequences/protein/Vitis_xlabruscana.rga.pro.fa	2520	1826236	69	724.6968253968254	679.0	193.0	1396.0999999999995	3284	890	0	0	0	0	0	0	0	model_project/data_audit/results/per_file_records/protein/Vitis_xlabruscana.rga.pro.fa.records.tsv
Volvox_carteri	CDS	Volvox_carteri.rga.cds.fa	downloads/sequences/CDS/Volvox_carteri.rga.cds.fa	478	1548099	378	3238.7008368200836	2775.0	1002.0	7092.6	14130	4011	0	0	0	0	7	11	0	model_project/data_audit/results/per_file_records/CDS/Volvox_carteri.rga.cds.fa.records.tsv
Volvox_carteri	protein	Volvox_carteri.rga.pro.fa	downloads/sequences/protein/Volvox_carteri.rga.pro.fa	478	515566	125	1078.5899581589958	924.0	333.0	2363.2	4709	1336	0	0	0	0	0	0	0	model_project/data_audit/results/per_file_records/protein/Volvox_carteri.rga.pro.fa.records.tsv
Welwitschia_mirabilis	CDS	Welwitschia_mirabilis.rga.cds.fa	downloads/sequences/CDS/Welwitschia_mirabilis.rga.cds.fa	1095	1681431	159	1535.5534246575342	1332	303.0	3495.9	5748	1983	0	0	0	0	121	59	0	model_project/data_audit/results/per_file_records/CDS/Welwitschia_mirabilis.rga.cds.fa.records.tsv
Welwitschia_mirabilis	protein	Welwitschia_mirabilis.rga.pro.fa	downloads/sequences/protein/Welwitschia_mirabilis.rga.pro.fa	1095	559441	52	510.90502283105025	443	100.0	1164.3	1915	660	0	0	0	0	0	0	0	model_project/data_audit/results/per_file_records/protein/Welwitschia_mirabilis.rga.pro.fa.records.tsv
Wolffia_australiana	CDS	Wolffia_australiana.rga.cds.fa	downloads/sequences/CDS/Wolffia_australiana.rga.cds.fa	684	1354872	222	1980.8070175438597	1842.0	680.7	3795.9000000000015	9696	2310	0	0	0	0	47	4	0	model_project/data_audit/results/per_file_records/CDS/Wolffia_australiana.rga.cds.fa.records.tsv
Wolffia_australiana	protein	Wolffia_australiana.rga.pro.fa	downloads/sequences/protein/Wolffia_australiana.rga.pro.fa	684	451624	74	660.2690058479532	614.0	226.89999999999998	1265.3000000000004	3232	770	0	0	0	0	0	0	680	model_project/data_audit/results/per_file_records/protein/Wolffia_australiana.rga.pro.fa.records.tsv
Wurfbainia_longiligularis	CDS	Wurfbainia_longiligularis.rga.cds.fa	downloads/sequences/CDS/Wurfbainia_longiligularis.rga.cds.fa	2145	4132044	126	1926.360839160839	1908	549.6	3370.7999999999997	7206	2322	0	0	0	0	0	0	0	model_project/data_audit/results/per_file_records/CDS/Wurfbainia_longiligularis.rga.cds.fa.records.tsv
Wurfbainia_longiligularis	protein	Wurfbainia_longiligularis.rga.pro.fa	downloads/sequences/protein/Wurfbainia_longiligularis.rga.pro.fa	2145	1377348	42	642.1202797202798	636	183.2	1123.6	2402	774	0	0	0	0	0	0	2145	model_project/data_audit/results/per_file_records/protein/Wurfbainia_longiligularis.rga.pro.fa.records.tsv
Xanthoceras_sorbifolium	CDS	Xanthoceras_sorbifolium.rga.cds.fa	downloads/sequences/CDS/Xanthoceras_sorbifolium.rga.cds.fa	869	1906206	285	2193.5627157652475	1977	595.2	4577.999999999993	7728	2682	0	0	0	31	23	47	0	model_project/data_audit/results/per_file_records/CDS/Xanthoceras_sorbifolium.rga.cds.fa.records.tsv
Xanthoceras_sorbifolium	protein	Xanthoceras_sorbifolium.rga.pro.fa	downloads/sequences/protein/Xanthoceras_sorbifolium.rga.pro.fa	869	634596	94	730.2600690448792	658	198.0	1524.9999999999977	2576	893	0	0	0	0	0	0	0	model_project/data_audit/results/per_file_records/protein/Xanthoceras_sorbifolium.rga.pro.fa.records.tsv
Zantedeschia_elliottiana	CDS	Zantedeschia_elliottiana.rga.cds.fa	downloads/sequences/CDS/Zantedeschia_elliottiana.rga.cds.fa	1078	2003056	225	1858.1224489795918	1743.0	434.55	3558.1499999999996	7977	2256	0	0	0	6	9	15	0	model_project/data_audit/results/per_file_records/CDS/Zantedeschia_elliottiana.rga.cds.fa.records.tsv
Zantedeschia_elliottiana	protein	Zantedeschia_elliottiana.rga.pro.fa	downloads/sequences/protein/Zantedeschia_elliottiana.rga.pro.fa	1078	667682	75	619.3710575139147	581.0	144.85	1186.0499999999997	2659	752	0	0	0	0	0	0	1063	model_project/data_audit/results/per_file_records/protein/Zantedeschia_elliottiana.rga.pro.fa.records.tsv
Zea_mays	CDS	Zea_mays.rga.cds.fa	downloads/sequences/CDS/Zea_mays.rga.cds.fa	1779	3324210	126	1868.58347386172	1767	510.0	3418.4999999999986	7140	2187	0	0	0	0	2	29	0	model_project/data_audit/results/per_file_records/CDS/Zea_mays.rga.cds.fa.records.tsv
Zea_mays	protein	Zea_mays.rga.pro.fa	downloads/sequences/protein/Zea_mays.rga.pro.fa	1779	1106320	42	621.8774592467679	588	169.0	1138.4999999999995	2379	728	0	0	0	0	0	0	0	model_project/data_audit/results/per_file_records/protein/Zea_mays.rga.pro.fa.records.tsv
Zingiber_officinale	CDS	Zingiber_officinale.rga.cds.fa	downloads/sequences/CDS/Zingiber_officinale.rga.cds.fa	6088	11952904	228	1963.3547963206308	1908.0	744.0	3435.0	6852	2256	0	0	0	1	15	7	0	model_project/data_audit/results/per_file_records/CDS/Zingiber_officinale.rga.cds.fa.records.tsv
Zingiber_officinale	protein	Zingiber_officinale.rga.pro.fa	downloads/sequences/protein/Zingiber_officinale.rga.pro.fa	6088	3984301	76	654.4515440210249	636.0	248.0	1145.0	2284	752	0	0	0	0	0	0	6081	model_project/data_audit/results/per_file_records/protein/Zingiber_officinale.rga.pro.fa.records.tsv
Zizania_latifolia	CDS	Zizania_latifolia.rga.cds.fa	downloads/sequences/CDS/Zizania_latifolia.rga.cds.fa	1957	3956421	201	2021.6765457332651	1992	875.4000000000001	3336.0	5700	2292	0	0	0	0	0	0	0	model_project/data_audit/results/per_file_records/CDS/Zizania_latifolia.rga.cds.fa.records.tsv
Zizania_latifolia	protein	Zizania_latifolia.rga.pro.fa	downloads/sequences/protein/Zizania_latifolia.rga.pro.fa	1957	1316850	66	672.8921819110884	663	290.8	1111.0	1899	763	0	0	0	0	0	0	0	model_project/data_audit/results/per_file_records/protein/Zizania_latifolia.rga.pro.fa.records.tsv
Ziziphus_jujuba	CDS	Ziziphus_jujuba.rga.cds.fa	downloads/sequences/CDS/Ziziphus_jujuba.rga.cds.fa	4244	8815163	225	2077.0883600377	1947.0	567.0	3867.0	7728	2613	0	0	0	25	68	52	0	model_project/data_audit/results/per_file_records/CDS/Ziziphus_jujuba.rga.cds.fa.records.tsv
Ziziphus_jujuba	protein	Ziziphus_jujuba.rga.pro.fa	downloads/sequences/protein/Ziziphus_jujuba.rga.pro.fa	4244	2934288	74	691.3967954759661	648.0	188.0	1288.0	2575	870	0	0	0	0	0	0	0	model_project/data_audit/results/per_file_records/protein/Ziziphus_jujuba.rga.pro.fa.records.tsv
Zostera_marina	CDS	Zostera_marina.rga.cds.fa	downloads/sequences/CDS/Zostera_marina.rga.cds.fa	940	1665924	111	1772.259574468085	1708.5	425.7	3129.8999999999987	9516	2079	0	0	0	0	5	5	0	model_project/data_audit/results/per_file_records/CDS/Zostera_marina.rga.cds.fa.records.tsv
Zostera_marina	protein	Zostera_marina.rga.pro.fa	downloads/sequences/protein/Zostera_marina.rga.pro.fa	940	554373	36	589.7585106382978	568.5	140.89999999999998	1042.2999999999997	3171	694	0	0	0	0	0	0	0	model_project/data_audit/results/per_file_records/protein/Zostera_marina.rga.pro.fa.records.tsv
Zostera_muelleri	CDS	Zostera_muelleri.rga.cds.fa	downloads/sequences/CDS/Zostera_muelleri.rga.cds.fa	1527	2232978	183	1462.3300589390963	1305	360.9	3024.3000000000006	10644	1812	0	0	0	0	132	163	0	model_project/data_audit/results/per_file_records/CDS/Zostera_muelleri.rga.cds.fa.records.tsv
Zostera_muelleri	protein	Zostera_muelleri.rga.pro.fa	downloads/sequences/protein/Zostera_muelleri.rga.pro.fa	1527	742452	60	486.21611001964635	433	119.0	1007.1000000000001	3547	603	0	0	0	0	0	0	0	model_project/data_audit/results/per_file_records/protein/Zostera_muelleri.rga.pro.fa.records.tsv
Zoysia_japonica	CDS	Zoysia_japonica.rga.cds.fa	downloads/sequences/CDS/Zoysia_japonica.rga.cds.fa	1576	2157215	156	1368.7912436548224	1212.0	366.0	2940.0	8415	1674	0	0	0	1	102	98	0	model_project/data_audit/results/per_file_records/CDS/Zoysia_japonica.rga.cds.fa.records.tsv
Zoysia_japonica	protein	Zoysia_japonica.rga.pro.fa	downloads/sequences/protein/Zoysia_japonica.rga.pro.fa	1576	717594	51	455.3261421319797	403.0	121.0	979.0	2804	557	0	0	0	0	0	0	0	model_project/data_audit/results/per_file_records/protein/Zoysia_japonica.rga.pro.fa.records.tsv
Zoysia_matrella	CDS	Zoysia_matrella.rga.cds.fa	downloads/sequences/CDS/Zoysia_matrella.rga.cds.fa	2576	3456045	183	1341.6323757763976	1192.5	372.0	2876.25	6240	1638	0	0	0	0	221	237	0	model_project/data_audit/results/per_file_records/CDS/Zoysia_matrella.rga.cds.fa.records.tsv
Zoysia_matrella	protein	Zoysia_matrella.rga.pro.fa	downloads/sequences/protein/Zoysia_matrella.rga.pro.fa	2576	1149485	60	446.22864906832297	396.5	123.0	957.75	2079	545	0	0	0	0	0	0	0	model_project/data_audit/results/per_file_records/protein/Zoysia_matrella.rga.pro.fa.records.tsv
Zoysia_pacifica	CDS	Zoysia_pacifica.rga.cds.fa	downloads/sequences/CDS/Zoysia_pacifica.rga.cds.fa	1763	2407632	159	1365.6449234259785	1203	363.0	2937.0	6735	1662	0	0	0	0	119	140	0	model_project/data_audit/results/per_file_records/CDS/Zoysia_pacifica.rga.cds.fa.records.tsv
Zoysia_pacifica	protein	Zoysia_pacifica.rga.pro.fa	downloads/sequences/protein/Zoysia_pacifica.rga.pro.fa	1763	800734	53	454.1883153715258	400	120.0	978.0	2244	553	0	0	0	0	0	0	0	model_project/data_audit/results/per_file_records/protein/Zoysia_pacifica.rga.pro.fa.records.tsv
